  0
SECTION
  2
HEADER
  9
$ANGBASE
  50
0.0
  9
$ANGDIR
  70
1
  9
$MEASUREMENT
  70
0
  0
ENDSEC
  0
SECTION
  2
TABLES
  0
TABLE
  2
LTYPE
  70
4
  0
LTYPE
  5
40F
  2
CONTINUOUS
  70
0
  3
Solid line
  72
65
  73
0
  40
0.0
  0
LTYPE
  5
410
  2
DASHDOT
 70
0
  3
Dash Dot ____ _ ____ _
 72
65
 73
4
 40
2.0
 49
1.25
 49
-0.25
 49
0.25
 49
-0.25
  0
LTYPE
  5
411
  2
DASHED
 70
0
  3
Dashed __ __ __ __ __
 72
65
 73
2
 40
0.75
 49
0.5
 49
-0.25
  0
LTYPE
  5
43B
  2
DOTTED
 70
0
  3
Dotted .  .  .  .
 72
65
 73
2
 40
0.2
 49
0.0
 49
-0.2
  0
ENDTAB
  0
TABLE
  2
STYLE
  70
4
  0
STYLE
  2
KICAD
  70
0
  40
0
  41
1
  42
1
  50
0
  71
0
  3
isocp.shx
  0
STYLE
  2
KICADB
  70
0
  40
0
  41
1
  42
1
  50
0
  71
0
  3
isocp.shx
  0
STYLE
  2
KICADI
  70
0
  40
0
  41
1
  42
1
  50
15
  71
0
  3
isocp.shx
  0
STYLE
  2
KICADBI
  70
0
  40
0
  41
1
  42
1
  50
15
  71
0
  3
isocp.shx
  0
ENDTAB
  0
TABLE
  2
LAYER
  70
1
  0
LAYER
  2
BLACK
  70
0
  62
7
  6
CONTINUOUS
  0
ENDTAB
  0
ENDSEC
  0
SECTION
  2
ENTITIES
0
LINE
8
BLACK
6
CONTINUOUS
10
5.9079999606299207
20
-7.5736276377952754
11
5.9129912598425198
21
-7.5756950787401571
0
LINE
8
BLACK
6
CONTINUOUS
10
5.9129912598425198
20
-7.5756950787401571
11
5.917483267716535
21
-7.5786965748031498
0
LINE
8
BLACK
6
CONTINUOUS
10
5.917483267716535
20
-7.5786965748031498
11
5.9213034251968502
21
-7.5825167322834641
0
LINE
8
BLACK
6
CONTINUOUS
10
5.9213034251968502
20
-7.5825167322834641
11
5.924304921259842
21
-7.5870087401574802
0
LINE
8
BLACK
6
CONTINUOUS
10
5.924304921259842
20
-7.5870087401574802
11
5.9263723622047246
21
-7.5920000393700784
0
LINE
8
BLACK
6
CONTINUOUS
10
5.9263723622047246
20
-7.5920000393700784
11
5.9274263385826771
21
-7.5972987401574805
0
LINE
8
BLACK
6
CONTINUOUS
10
5.9274263385826771
20
-7.5972987401574805
11
5.9274263385826771
21
-7.6027012598425197
0
LINE
8
BLACK
6
CONTINUOUS
10
5.9274263385826771
20
-7.6027012598425197
11
5.9263723622047246
21
-7.6079999606299209
0
LINE
8
BLACK
6
CONTINUOUS
10
5.9263723622047246
20
-7.6079999606299209
11
5.924304921259842
21
-7.6129912598425191
0
LINE
8
BLACK
6
CONTINUOUS
10
5.924304921259842
20
-7.6129912598425191
11
5.9213034251968502
21
-7.6174832677165352
0
LINE
8
BLACK
6
CONTINUOUS
10
5.9213034251968502
20
-7.6174832677165352
11
5.917483267716535
21
-7.6213034251968503
0
LINE
8
BLACK
6
CONTINUOUS
10
5.917483267716535
20
-7.6213034251968503
11
5.9129912598425198
21
-7.6243049212598422
0
LINE
8
BLACK
6
CONTINUOUS
10
5.9129912598425198
20
-7.6243049212598422
11
5.9079999606299207
21
-7.6263723622047239
0
LINE
8
BLACK
6
CONTINUOUS
10
5.9079999606299207
20
-7.6263723622047239
11
5.9027012598425195
21
-7.6274263385826773
0
LINE
8
BLACK
6
CONTINUOUS
10
5.9027012598425195
20
-7.6274263385826773
11
5.8972987401574803
21
-7.6274263385826773
0
LINE
8
BLACK
6
CONTINUOUS
10
5.8972987401574803
20
-7.6274263385826773
11
5.8920000393700782
21
-7.6263723622047239
0
LINE
8
BLACK
6
CONTINUOUS
10
5.8920000393700782
20
-7.6263723622047239
11
5.88700874015748
21
-7.6243049212598422
0
LINE
8
BLACK
6
CONTINUOUS
10
5.88700874015748
20
-7.6243049212598422
11
5.8825167322834648
21
-7.6213034251968503
0
LINE
8
BLACK
6
CONTINUOUS
10
5.8825167322834648
20
-7.6213034251968503
11
5.8786965748031497
21
-7.6174832677165352
0
LINE
8
BLACK
6
CONTINUOUS
10
5.8786965748031497
20
-7.6174832677165352
11
5.875695078740157
21
-7.6129912598425191
0
LINE
8
BLACK
6
CONTINUOUS
10
5.875695078740157
20
-7.6129912598425191
11
5.8736276377952752
21
-7.6079999606299209
0
LINE
8
BLACK
6
CONTINUOUS
10
5.8736276377952752
20
-7.6079999606299209
11
5.8725736614173227
21
-7.6027012598425197
0
LINE
8
BLACK
6
CONTINUOUS
10
5.8725736614173227
20
-7.6027012598425197
11
5.8725736614173227
21
-7.5972987401574805
0
LINE
8
BLACK
6
CONTINUOUS
10
5.8725736614173227
20
-7.5972987401574805
11
5.8736276377952752
21
-7.5920000393700784
0
LINE
8
BLACK
6
CONTINUOUS
10
5.8736276377952752
20
-7.5920000393700784
11
5.875695078740157
21
-7.5870087401574802
0
LINE
8
BLACK
6
CONTINUOUS
10
5.875695078740157
20
-7.5870087401574802
11
5.8786965748031497
21
-7.5825167322834641
0
LINE
8
BLACK
6
CONTINUOUS
10
5.8786965748031497
20
-7.5825167322834641
11
5.8825167322834648
21
-7.5786965748031498
0
LINE
8
BLACK
6
CONTINUOUS
10
5.8825167322834648
20
-7.5786965748031498
11
5.88700874015748
21
-7.5756950787401571
0
LINE
8
BLACK
6
CONTINUOUS
10
5.88700874015748
20
-7.5756950787401571
11
5.8920000393700782
21
-7.5736276377952754
0
LINE
8
BLACK
6
CONTINUOUS
10
5.8920000393700782
20
-7.5736276377952754
11
5.8972987401574803
21
-7.5725736614173229
0
LINE
8
BLACK
6
CONTINUOUS
10
5.8972987401574803
20
-7.5725736614173229
11
5.9027012598425195
21
-7.5725736614173229
0
LINE
8
BLACK
6
CONTINUOUS
10
5.9027012598425195
20
-7.5725736614173229
11
5.9079999606299207
21
-7.5736276377952754
0
LINE
8
BLACK
6
CONTINUOUS
10
5.2354330708661418
20
-7.3354330708661415
11
5.1645669291338585
21
-7.3354330708661415
0
LINE
8
BLACK
6
CONTINUOUS
10
5.1645669291338585
20
-7.3354330708661415
11
5.1645669291338585
21
-7.2645669291338582
0
LINE
8
BLACK
6
CONTINUOUS
10
5.1645669291338585
20
-7.2645669291338582
11
5.2354330708661418
21
-7.2645669291338582
0
LINE
8
BLACK
6
CONTINUOUS
10
5.2354330708661418
20
-7.2645669291338582
11
5.2354330708661418
21
-7.3354330708661415
0
LINE
8
BLACK
6
CONTINUOUS
10
5.0102856692913385
20
-7.2660926771653545
11
5.0167030314960632
21
-7.2687508267716536
0
LINE
8
BLACK
6
CONTINUOUS
10
5.0167030314960632
20
-7.2687508267716536
11
5.0224785039370081
21
-7.272609881889764
0
LINE
8
BLACK
6
CONTINUOUS
10
5.0224785039370081
20
-7.272609881889764
11
5.0273901181102358
21
-7.2775214960629917
0
LINE
8
BLACK
6
CONTINUOUS
10
5.0273901181102358
20
-7.2775214960629917
11
5.0312491732283462
21
-7.2832969685039366
0
LINE
8
BLACK
6
CONTINUOUS
10
5.0312491732283462
20
-7.2832969685039366
11
5.0339073228346454
21
-7.2897143307086614
0
LINE
8
BLACK
6
CONTINUOUS
10
5.0339073228346454
20
-7.2897143307086614
11
5.0352624409448818
21
-7.2965269685039367
0
LINE
8
BLACK
6
CONTINUOUS
10
5.0352624409448818
20
-7.2965269685039367
11
5.0352624409448818
21
-7.303473031496063
0
LINE
8
BLACK
6
CONTINUOUS
10
5.0352624409448818
20
-7.303473031496063
11
5.0339073228346454
21
-7.3102856692913383
0
LINE
8
BLACK
6
CONTINUOUS
10
5.0339073228346454
20
-7.3102856692913383
11
5.0312491732283462
21
-7.316703031496063
0
LINE
8
BLACK
6
CONTINUOUS
10
5.0312491732283462
20
-7.316703031496063
11
5.0273901181102358
21
-7.3224785039370079
0
LINE
8
BLACK
6
CONTINUOUS
10
5.0273901181102358
20
-7.3224785039370079
11
5.0224785039370081
21
-7.3273901181102357
0
LINE
8
BLACK
6
CONTINUOUS
10
5.0224785039370081
20
-7.3273901181102357
11
5.0167030314960632
21
-7.331249173228346
0
LINE
8
BLACK
6
CONTINUOUS
10
5.0167030314960632
20
-7.331249173228346
11
5.0102856692913385
21
-7.3339073228346452
0
LINE
8
BLACK
6
CONTINUOUS
10
5.0102856692913385
20
-7.3339073228346452
11
5.0034730314960632
21
-7.3352624409448817
0
LINE
8
BLACK
6
CONTINUOUS
10
5.0034730314960632
20
-7.3352624409448817
11
4.9965269685039368
21
-7.3352624409448817
0
LINE
8
BLACK
6
CONTINUOUS
10
4.9965269685039368
20
-7.3352624409448817
11
4.9897143307086615
21
-7.3339073228346452
0
LINE
8
BLACK
6
CONTINUOUS
10
4.9897143307086615
20
-7.3339073228346452
11
4.9832969685039368
21
-7.331249173228346
0
LINE
8
BLACK
6
CONTINUOUS
10
4.9832969685039368
20
-7.331249173228346
11
4.9775214960629919
21
-7.3273901181102357
0
LINE
8
BLACK
6
CONTINUOUS
10
4.9775214960629919
20
-7.3273901181102357
11
4.9726098818897633
21
-7.3224785039370079
0
LINE
8
BLACK
6
CONTINUOUS
10
4.9726098818897633
20
-7.3224785039370079
11
4.9687508267716538
21
-7.316703031496063
0
LINE
8
BLACK
6
CONTINUOUS
10
4.9687508267716538
20
-7.316703031496063
11
4.9660926771653546
21
-7.3102856692913383
0
LINE
8
BLACK
6
CONTINUOUS
10
4.9660926771653546
20
-7.3102856692913383
11
4.9647375590551182
21
-7.303473031496063
0
LINE
8
BLACK
6
CONTINUOUS
10
4.9647375590551182
20
-7.303473031496063
11
4.9647375590551182
21
-7.2965269685039367
0
LINE
8
BLACK
6
CONTINUOUS
10
4.9647375590551182
20
-7.2965269685039367
11
4.9660926771653546
21
-7.2897143307086614
0
LINE
8
BLACK
6
CONTINUOUS
10
4.9660926771653546
20
-7.2897143307086614
11
4.9687508267716538
21
-7.2832969685039366
0
LINE
8
BLACK
6
CONTINUOUS
10
4.9687508267716538
20
-7.2832969685039366
11
4.9726098818897633
21
-7.2775214960629917
0
LINE
8
BLACK
6
CONTINUOUS
10
4.9726098818897633
20
-7.2775214960629917
11
4.9775214960629919
21
-7.272609881889764
0
LINE
8
BLACK
6
CONTINUOUS
10
4.9775214960629919
20
-7.272609881889764
11
4.9832969685039368
21
-7.2687508267716536
0
LINE
8
BLACK
6
CONTINUOUS
10
4.9832969685039368
20
-7.2687508267716536
11
4.9897143307086615
21
-7.2660926771653545
0
LINE
8
BLACK
6
CONTINUOUS
10
4.9897143307086615
20
-7.2660926771653545
11
4.9965269685039368
21
-7.264737559055118
0
LINE
8
BLACK
6
CONTINUOUS
10
4.9965269685039368
20
-7.264737559055118
11
5.0034730314960632
21
-7.264737559055118
0
LINE
8
BLACK
6
CONTINUOUS
10
5.0034730314960632
20
-7.264737559055118
11
5.0102856692913385
21
-7.2660926771653545
0
LINE
8
BLACK
6
CONTINUOUS
10
5.6079999606299209
20
-7.2736276377952755
11
5.6129912598425191
21
-7.2756950787401573
0
LINE
8
BLACK
6
CONTINUOUS
10
5.6129912598425191
20
-7.2756950787401573
11
5.6174832677165352
21
-7.2786965748031491
0
LINE
8
BLACK
6
CONTINUOUS
10
5.6174832677165352
20
-7.2786965748031491
11
5.6213034251968503
21
-7.2825167322834643
0
LINE
8
BLACK
6
CONTINUOUS
10
5.6213034251968503
20
-7.2825167322834643
11
5.6243049212598422
21
-7.2870087401574803
0
LINE
8
BLACK
6
CONTINUOUS
10
5.6243049212598422
20
-7.2870087401574803
11
5.6263723622047239
21
-7.2920000393700786
0
LINE
8
BLACK
6
CONTINUOUS
10
5.6263723622047239
20
-7.2920000393700786
11
5.6274263385826773
21
-7.2972987401574798
0
LINE
8
BLACK
6
CONTINUOUS
10
5.6274263385826773
20
-7.2972987401574798
11
5.6274263385826773
21
-7.3027012598425198
0
LINE
8
BLACK
6
CONTINUOUS
10
5.6274263385826773
20
-7.3027012598425198
11
5.6263723622047239
21
-7.3079999606299211
0
LINE
8
BLACK
6
CONTINUOUS
10
5.6263723622047239
20
-7.3079999606299211
11
5.6243049212598422
21
-7.3129912598425193
0
LINE
8
BLACK
6
CONTINUOUS
10
5.6243049212598422
20
-7.3129912598425193
11
5.6213034251968503
21
-7.3174832677165353
0
LINE
8
BLACK
6
CONTINUOUS
10
5.6213034251968503
20
-7.3174832677165353
11
5.6174832677165352
21
-7.3213034251968505
0
LINE
8
BLACK
6
CONTINUOUS
10
5.6174832677165352
20
-7.3213034251968505
11
5.6129912598425191
21
-7.3243049212598423
0
LINE
8
BLACK
6
CONTINUOUS
10
5.6129912598425191
20
-7.3243049212598423
11
5.6079999606299209
21
-7.3263723622047241
0
LINE
8
BLACK
6
CONTINUOUS
10
5.6079999606299209
20
-7.3263723622047241
11
5.6027012598425197
21
-7.3274263385826766
0
LINE
8
BLACK
6
CONTINUOUS
10
5.6027012598425197
20
-7.3274263385826766
11
5.5972987401574805
21
-7.3274263385826766
0
LINE
8
BLACK
6
CONTINUOUS
10
5.5972987401574805
20
-7.3274263385826766
11
5.5920000393700784
21
-7.3263723622047241
0
LINE
8
BLACK
6
CONTINUOUS
10
5.5920000393700784
20
-7.3263723622047241
11
5.5870087401574802
21
-7.3243049212598423
0
LINE
8
BLACK
6
CONTINUOUS
10
5.5870087401574802
20
-7.3243049212598423
11
5.5825167322834641
21
-7.3213034251968505
0
LINE
8
BLACK
6
CONTINUOUS
10
5.5825167322834641
20
-7.3213034251968505
11
5.5786965748031498
21
-7.3174832677165353
0
LINE
8
BLACK
6
CONTINUOUS
10
5.5786965748031498
20
-7.3174832677165353
11
5.5756950787401571
21
-7.3129912598425193
0
LINE
8
BLACK
6
CONTINUOUS
10
5.5756950787401571
20
-7.3129912598425193
11
5.5736276377952754
21
-7.3079999606299211
0
LINE
8
BLACK
6
CONTINUOUS
10
5.5736276377952754
20
-7.3079999606299211
11
5.5725736614173229
21
-7.3027012598425198
0
LINE
8
BLACK
6
CONTINUOUS
10
5.5725736614173229
20
-7.3027012598425198
11
5.5725736614173229
21
-7.2972987401574798
0
LINE
8
BLACK
6
CONTINUOUS
10
5.5725736614173229
20
-7.2972987401574798
11
5.5736276377952754
21
-7.2920000393700786
0
LINE
8
BLACK
6
CONTINUOUS
10
5.5736276377952754
20
-7.2920000393700786
11
5.5756950787401571
21
-7.2870087401574803
0
LINE
8
BLACK
6
CONTINUOUS
10
5.5756950787401571
20
-7.2870087401574803
11
5.5786965748031498
21
-7.2825167322834643
0
LINE
8
BLACK
6
CONTINUOUS
10
5.5786965748031498
20
-7.2825167322834643
11
5.5825167322834641
21
-7.2786965748031491
0
LINE
8
BLACK
6
CONTINUOUS
10
5.5825167322834641
20
-7.2786965748031491
11
5.5870087401574802
21
-7.2756950787401573
0
LINE
8
BLACK
6
CONTINUOUS
10
5.5870087401574802
20
-7.2756950787401573
11
5.5920000393700784
21
-7.2736276377952755
0
LINE
8
BLACK
6
CONTINUOUS
10
5.5920000393700784
20
-7.2736276377952755
11
5.5972987401574805
21
-7.2725736614173231
0
LINE
8
BLACK
6
CONTINUOUS
10
5.5972987401574805
20
-7.2725736614173231
11
5.6027012598425197
21
-7.2725736614173231
0
LINE
8
BLACK
6
CONTINUOUS
10
5.6027012598425197
20
-7.2725736614173231
11
5.6079999606299209
21
-7.2736276377952755
0
LINE
8
BLACK
6
CONTINUOUS
10
5.9079999606299207
20
-7.2736276377952755
11
5.9129912598425198
21
-7.2756950787401573
0
LINE
8
BLACK
6
CONTINUOUS
10
5.9129912598425198
20
-7.2756950787401573
11
5.917483267716535
21
-7.2786965748031491
0
LINE
8
BLACK
6
CONTINUOUS
10
5.917483267716535
20
-7.2786965748031491
11
5.9213034251968502
21
-7.2825167322834643
0
LINE
8
BLACK
6
CONTINUOUS
10
5.9213034251968502
20
-7.2825167322834643
11
5.924304921259842
21
-7.2870087401574803
0
LINE
8
BLACK
6
CONTINUOUS
10
5.924304921259842
20
-7.2870087401574803
11
5.9263723622047246
21
-7.2920000393700786
0
LINE
8
BLACK
6
CONTINUOUS
10
5.9263723622047246
20
-7.2920000393700786
11
5.9274263385826771
21
-7.2972987401574798
0
LINE
8
BLACK
6
CONTINUOUS
10
5.9274263385826771
20
-7.2972987401574798
11
5.9274263385826771
21
-7.3027012598425198
0
LINE
8
BLACK
6
CONTINUOUS
10
5.9274263385826771
20
-7.3027012598425198
11
5.9263723622047246
21
-7.3079999606299211
0
LINE
8
BLACK
6
CONTINUOUS
10
5.9263723622047246
20
-7.3079999606299211
11
5.924304921259842
21
-7.3129912598425193
0
LINE
8
BLACK
6
CONTINUOUS
10
5.924304921259842
20
-7.3129912598425193
11
5.9213034251968502
21
-7.3174832677165353
0
LINE
8
BLACK
6
CONTINUOUS
10
5.9213034251968502
20
-7.3174832677165353
11
5.917483267716535
21
-7.3213034251968505
0
LINE
8
BLACK
6
CONTINUOUS
10
5.917483267716535
20
-7.3213034251968505
11
5.9129912598425198
21
-7.3243049212598423
0
LINE
8
BLACK
6
CONTINUOUS
10
5.9129912598425198
20
-7.3243049212598423
11
5.9079999606299207
21
-7.3263723622047241
0
LINE
8
BLACK
6
CONTINUOUS
10
5.9079999606299207
20
-7.3263723622047241
11
5.9027012598425195
21
-7.3274263385826766
0
LINE
8
BLACK
6
CONTINUOUS
10
5.9027012598425195
20
-7.3274263385826766
11
5.8972987401574803
21
-7.3274263385826766
0
LINE
8
BLACK
6
CONTINUOUS
10
5.8972987401574803
20
-7.3274263385826766
11
5.8920000393700782
21
-7.3263723622047241
0
LINE
8
BLACK
6
CONTINUOUS
10
5.8920000393700782
20
-7.3263723622047241
11
5.88700874015748
21
-7.3243049212598423
0
LINE
8
BLACK
6
CONTINUOUS
10
5.88700874015748
20
-7.3243049212598423
11
5.8825167322834648
21
-7.3213034251968505
0
LINE
8
BLACK
6
CONTINUOUS
10
5.8825167322834648
20
-7.3213034251968505
11
5.8786965748031497
21
-7.3174832677165353
0
LINE
8
BLACK
6
CONTINUOUS
10
5.8786965748031497
20
-7.3174832677165353
11
5.875695078740157
21
-7.3129912598425193
0
LINE
8
BLACK
6
CONTINUOUS
10
5.875695078740157
20
-7.3129912598425193
11
5.8736276377952752
21
-7.3079999606299211
0
LINE
8
BLACK
6
CONTINUOUS
10
5.8736276377952752
20
-7.3079999606299211
11
5.8725736614173227
21
-7.3027012598425198
0
LINE
8
BLACK
6
CONTINUOUS
10
5.8725736614173227
20
-7.3027012598425198
11
5.8725736614173227
21
-7.2972987401574798
0
LINE
8
BLACK
6
CONTINUOUS
10
5.8725736614173227
20
-7.2972987401574798
11
5.8736276377952752
21
-7.2920000393700786
0
LINE
8
BLACK
6
CONTINUOUS
10
5.8736276377952752
20
-7.2920000393700786
11
5.875695078740157
21
-7.2870087401574803
0
LINE
8
BLACK
6
CONTINUOUS
10
5.875695078740157
20
-7.2870087401574803
11
5.8786965748031497
21
-7.2825167322834643
0
LINE
8
BLACK
6
CONTINUOUS
10
5.8786965748031497
20
-7.2825167322834643
11
5.8825167322834648
21
-7.2786965748031491
0
LINE
8
BLACK
6
CONTINUOUS
10
5.8825167322834648
20
-7.2786965748031491
11
5.88700874015748
21
-7.2756950787401573
0
LINE
8
BLACK
6
CONTINUOUS
10
5.88700874015748
20
-7.2756950787401573
11
5.8920000393700782
21
-7.2736276377952755
0
LINE
8
BLACK
6
CONTINUOUS
10
5.8920000393700782
20
-7.2736276377952755
11
5.8972987401574803
21
-7.2725736614173231
0
LINE
8
BLACK
6
CONTINUOUS
10
5.8972987401574803
20
-7.2725736614173231
11
5.9027012598425195
21
-7.2725736614173231
0
LINE
8
BLACK
6
CONTINUOUS
10
5.9027012598425195
20
-7.2725736614173231
11
5.9079999606299207
21
-7.2736276377952755
0
LINE
8
BLACK
6
CONTINUOUS
10
5.0354330708661417
20
-7.0354330708661417
11
4.9645669291338583
21
-7.0354330708661417
0
LINE
8
BLACK
6
CONTINUOUS
10
4.9645669291338583
20
-7.0354330708661417
11
4.9645669291338583
21
-6.9645669291338583
0
LINE
8
BLACK
6
CONTINUOUS
10
4.9645669291338583
20
-6.9645669291338583
11
5.0354330708661417
21
-6.9645669291338583
0
LINE
8
BLACK
6
CONTINUOUS
10
5.0354330708661417
20
-6.9645669291338583
11
5.0354330708661417
21
-7.0354330708661417
0
LINE
8
BLACK
6
CONTINUOUS
10
5.2102856692913386
20
-6.9660926771653537
11
5.2167030314960625
21
-6.9687508267716538
0
LINE
8
BLACK
6
CONTINUOUS
10
5.2167030314960625
20
-6.9687508267716538
11
5.2224785039370074
21
-6.9726098818897633
0
LINE
8
BLACK
6
CONTINUOUS
10
5.2224785039370074
20
-6.9726098818897633
11
5.227390118110236
21
-6.9775214960629919
0
LINE
8
BLACK
6
CONTINUOUS
10
5.227390118110236
20
-6.9775214960629919
11
5.2312491732283464
21
-6.9832969685039368
0
LINE
8
BLACK
6
CONTINUOUS
10
5.2312491732283464
20
-6.9832969685039368
11
5.2339073228346455
21
-6.9897143307086615
0
LINE
8
BLACK
6
CONTINUOUS
10
5.2339073228346455
20
-6.9897143307086615
11
5.235262440944882
21
-6.9965269685039368
0
LINE
8
BLACK
6
CONTINUOUS
10
5.235262440944882
20
-6.9965269685039368
11
5.235262440944882
21
-7.0034730314960632
0
LINE
8
BLACK
6
CONTINUOUS
10
5.235262440944882
20
-7.0034730314960632
11
5.2339073228346455
21
-7.0102856692913385
0
LINE
8
BLACK
6
CONTINUOUS
10
5.2339073228346455
20
-7.0102856692913385
11
5.2312491732283464
21
-7.0167030314960632
0
LINE
8
BLACK
6
CONTINUOUS
10
5.2312491732283464
20
-7.0167030314960632
11
5.227390118110236
21
-7.0224785039370081
0
LINE
8
BLACK
6
CONTINUOUS
10
5.227390118110236
20
-7.0224785039370081
11
5.2224785039370074
21
-7.0273901181102358
0
LINE
8
BLACK
6
CONTINUOUS
10
5.2224785039370074
20
-7.0273901181102358
11
5.2167030314960625
21
-7.0312491732283462
0
LINE
8
BLACK
6
CONTINUOUS
10
5.2167030314960625
20
-7.0312491732283462
11
5.2102856692913386
21
-7.0339073228346454
0
LINE
8
BLACK
6
CONTINUOUS
10
5.2102856692913386
20
-7.0339073228346454
11
5.2034730314960624
21
-7.0352624409448818
0
LINE
8
BLACK
6
CONTINUOUS
10
5.2034730314960624
20
-7.0352624409448818
11
5.196526968503937
21
-7.0352624409448818
0
LINE
8
BLACK
6
CONTINUOUS
10
5.196526968503937
20
-7.0352624409448818
11
5.1897143307086617
21
-7.0339073228346454
0
LINE
8
BLACK
6
CONTINUOUS
10
5.1897143307086617
20
-7.0339073228346454
11
5.183296968503937
21
-7.0312491732283462
0
LINE
8
BLACK
6
CONTINUOUS
10
5.183296968503937
20
-7.0312491732283462
11
5.1775214960629921
21
-7.0273901181102358
0
LINE
8
BLACK
6
CONTINUOUS
10
5.1775214960629921
20
-7.0273901181102358
11
5.1726098818897635
21
-7.0224785039370081
0
LINE
8
BLACK
6
CONTINUOUS
10
5.1726098818897635
20
-7.0224785039370081
11
5.1687508267716531
21
-7.0167030314960632
0
LINE
8
BLACK
6
CONTINUOUS
10
5.1687508267716531
20
-7.0167030314960632
11
5.1660926771653539
21
-7.0102856692913385
0
LINE
8
BLACK
6
CONTINUOUS
10
5.1660926771653539
20
-7.0102856692913385
11
5.1647375590551183
21
-7.0034730314960632
0
LINE
8
BLACK
6
CONTINUOUS
10
5.1647375590551183
20
-7.0034730314960632
11
5.1647375590551183
21
-6.9965269685039368
0
LINE
8
BLACK
6
CONTINUOUS
10
5.1647375590551183
20
-6.9965269685039368
11
5.1660926771653539
21
-6.9897143307086615
0
LINE
8
BLACK
6
CONTINUOUS
10
5.1660926771653539
20
-6.9897143307086615
11
5.1687508267716531
21
-6.9832969685039368
0
LINE
8
BLACK
6
CONTINUOUS
10
5.1687508267716531
20
-6.9832969685039368
11
5.1726098818897635
21
-6.9775214960629919
0
LINE
8
BLACK
6
CONTINUOUS
10
5.1726098818897635
20
-6.9775214960629919
11
5.1775214960629921
21
-6.9726098818897633
0
LINE
8
BLACK
6
CONTINUOUS
10
5.1775214960629921
20
-6.9726098818897633
11
5.183296968503937
21
-6.9687508267716538
0
LINE
8
BLACK
6
CONTINUOUS
10
5.183296968503937
20
-6.9687508267716538
11
5.1897143307086617
21
-6.9660926771653537
0
LINE
8
BLACK
6
CONTINUOUS
10
5.1897143307086617
20
-6.9660926771653537
11
5.196526968503937
21
-6.9647375590551182
0
LINE
8
BLACK
6
CONTINUOUS
10
5.196526968503937
20
-6.9647375590551182
11
5.2034730314960624
21
-6.9647375590551182
0
LINE
8
BLACK
6
CONTINUOUS
10
5.2034730314960624
20
-6.9647375590551182
11
5.2102856692913386
21
-6.9660926771653537
0
LINE
8
BLACK
6
CONTINUOUS
10
5.6079999606299209
20
-6.9736276377952757
11
5.6129912598425191
21
-6.9756950787401575
0
LINE
8
BLACK
6
CONTINUOUS
10
5.6129912598425191
20
-6.9756950787401575
11
5.6174832677165352
21
-6.9786965748031493
0
LINE
8
BLACK
6
CONTINUOUS
10
5.6174832677165352
20
-6.9786965748031493
11
5.6213034251968503
21
-6.9825167322834645
0
LINE
8
BLACK
6
CONTINUOUS
10
5.6213034251968503
20
-6.9825167322834645
11
5.6243049212598422
21
-6.9870087401574805
0
LINE
8
BLACK
6
CONTINUOUS
10
5.6243049212598422
20
-6.9870087401574805
11
5.6263723622047239
21
-6.9920000393700787
0
LINE
8
BLACK
6
CONTINUOUS
10
5.6263723622047239
20
-6.9920000393700787
11
5.6274263385826773
21
-6.99729874015748
0
LINE
8
BLACK
6
CONTINUOUS
10
5.6274263385826773
20
-6.99729874015748
11
5.6274263385826773
21
-7.0027012598425191
0
LINE
8
BLACK
6
CONTINUOUS
10
5.6274263385826773
20
-7.0027012598425191
11
5.6263723622047239
21
-7.0079999606299213
0
LINE
8
BLACK
6
CONTINUOUS
10
5.6263723622047239
20
-7.0079999606299213
11
5.6243049212598422
21
-7.0129912598425195
0
LINE
8
BLACK
6
CONTINUOUS
10
5.6243049212598422
20
-7.0129912598425195
11
5.6213034251968503
21
-7.0174832677165355
0
LINE
8
BLACK
6
CONTINUOUS
10
5.6213034251968503
20
-7.0174832677165355
11
5.6174832677165352
21
-7.0213034251968498
0
LINE
8
BLACK
6
CONTINUOUS
10
5.6174832677165352
20
-7.0213034251968498
11
5.6129912598425191
21
-7.0243049212598425
0
LINE
8
BLACK
6
CONTINUOUS
10
5.6129912598425191
20
-7.0243049212598425
11
5.6079999606299209
21
-7.0263723622047243
0
LINE
8
BLACK
6
CONTINUOUS
10
5.6079999606299209
20
-7.0263723622047243
11
5.6027012598425197
21
-7.0274263385826767
0
LINE
8
BLACK
6
CONTINUOUS
10
5.6027012598425197
20
-7.0274263385826767
11
5.5972987401574805
21
-7.0274263385826767
0
LINE
8
BLACK
6
CONTINUOUS
10
5.5972987401574805
20
-7.0274263385826767
11
5.5920000393700784
21
-7.0263723622047243
0
LINE
8
BLACK
6
CONTINUOUS
10
5.5920000393700784
20
-7.0263723622047243
11
5.5870087401574802
21
-7.0243049212598425
0
LINE
8
BLACK
6
CONTINUOUS
10
5.5870087401574802
20
-7.0243049212598425
11
5.5825167322834641
21
-7.0213034251968498
0
LINE
8
BLACK
6
CONTINUOUS
10
5.5825167322834641
20
-7.0213034251968498
11
5.5786965748031498
21
-7.0174832677165355
0
LINE
8
BLACK
6
CONTINUOUS
10
5.5786965748031498
20
-7.0174832677165355
11
5.5756950787401571
21
-7.0129912598425195
0
LINE
8
BLACK
6
CONTINUOUS
10
5.5756950787401571
20
-7.0129912598425195
11
5.5736276377952754
21
-7.0079999606299213
0
LINE
8
BLACK
6
CONTINUOUS
10
5.5736276377952754
20
-7.0079999606299213
11
5.5725736614173229
21
-7.0027012598425191
0
LINE
8
BLACK
6
CONTINUOUS
10
5.5725736614173229
20
-7.0027012598425191
11
5.5725736614173229
21
-6.99729874015748
0
LINE
8
BLACK
6
CONTINUOUS
10
5.5725736614173229
20
-6.99729874015748
11
5.5736276377952754
21
-6.9920000393700787
0
LINE
8
BLACK
6
CONTINUOUS
10
5.5736276377952754
20
-6.9920000393700787
11
5.5756950787401571
21
-6.9870087401574805
0
LINE
8
BLACK
6
CONTINUOUS
10
5.5756950787401571
20
-6.9870087401574805
11
5.5786965748031498
21
-6.9825167322834645
0
LINE
8
BLACK
6
CONTINUOUS
10
5.5786965748031498
20
-6.9825167322834645
11
5.5825167322834641
21
-6.9786965748031493
0
LINE
8
BLACK
6
CONTINUOUS
10
5.5825167322834641
20
-6.9786965748031493
11
5.5870087401574802
21
-6.9756950787401575
0
LINE
8
BLACK
6
CONTINUOUS
10
5.5870087401574802
20
-6.9756950787401575
11
5.5920000393700784
21
-6.9736276377952757
0
LINE
8
BLACK
6
CONTINUOUS
10
5.5920000393700784
20
-6.9736276377952757
11
5.5972987401574805
21
-6.9725736614173224
0
LINE
8
BLACK
6
CONTINUOUS
10
5.5972987401574805
20
-6.9725736614173224
11
5.6027012598425197
21
-6.9725736614173224
0
LINE
8
BLACK
6
CONTINUOUS
10
5.6027012598425197
20
-6.9725736614173224
11
5.6079999606299209
21
-6.9736276377952757
0
LINE
8
BLACK
6
CONTINUOUS
10
3.7354330708661418
20
-6.9354330708661411
11
3.6645669291338581
21
-6.9354330708661411
0
LINE
8
BLACK
6
CONTINUOUS
10
3.6645669291338581
20
-6.9354330708661411
11
3.6645669291338581
21
-6.8645669291338578
0
LINE
8
BLACK
6
CONTINUOUS
10
3.6645669291338581
20
-6.8645669291338578
11
3.7354330708661418
21
-6.8645669291338578
0
LINE
8
BLACK
6
CONTINUOUS
10
3.7354330708661418
20
-6.8645669291338578
11
3.7354330708661418
21
-6.9354330708661411
0
LINE
8
BLACK
6
CONTINUOUS
10
4.3354330708661415
20
-6.9354330708661411
11
4.2645669291338582
21
-6.9354330708661411
0
LINE
8
BLACK
6
CONTINUOUS
10
4.2645669291338582
20
-6.9354330708661411
11
4.2645669291338582
21
-6.8645669291338578
0
LINE
8
BLACK
6
CONTINUOUS
10
4.2645669291338582
20
-6.8645669291338578
11
4.3354330708661415
21
-6.8645669291338578
0
LINE
8
BLACK
6
CONTINUOUS
10
4.3354330708661415
20
-6.8645669291338578
11
4.3354330708661415
21
-6.9354330708661411
0
LINE
8
BLACK
6
CONTINUOUS
10
4.0102856692913385
20
-6.8660926771653541
11
4.0167030314960632
21
-6.8687508267716533
0
LINE
8
BLACK
6
CONTINUOUS
10
4.0167030314960632
20
-6.8687508267716533
11
4.0224785039370081
21
-6.8726098818897636
0
LINE
8
BLACK
6
CONTINUOUS
10
4.0224785039370081
20
-6.8726098818897636
11
4.0273901181102358
21
-6.8775214960629922
0
LINE
8
BLACK
6
CONTINUOUS
10
4.0273901181102358
20
-6.8775214960629922
11
4.0312491732283462
21
-6.8832969685039371
0
LINE
8
BLACK
6
CONTINUOUS
10
4.0312491732283462
20
-6.8832969685039371
11
4.0339073228346454
21
-6.889714330708661
0
LINE
8
BLACK
6
CONTINUOUS
10
4.0339073228346454
20
-6.889714330708661
11
4.0352624409448818
21
-6.8965269685039372
0
LINE
8
BLACK
6
CONTINUOUS
10
4.0352624409448818
20
-6.8965269685039372
11
4.0352624409448818
21
-6.9034730314960626
0
LINE
8
BLACK
6
CONTINUOUS
10
4.0352624409448818
20
-6.9034730314960626
11
4.0339073228346454
21
-6.9102856692913388
0
LINE
8
BLACK
6
CONTINUOUS
10
4.0339073228346454
20
-6.9102856692913388
11
4.0312491732283462
21
-6.9167030314960627
0
LINE
8
BLACK
6
CONTINUOUS
10
4.0312491732283462
20
-6.9167030314960627
11
4.0273901181102358
21
-6.9224785039370076
0
LINE
8
BLACK
6
CONTINUOUS
10
4.0273901181102358
20
-6.9224785039370076
11
4.0224785039370081
21
-6.9273901181102362
0
LINE
8
BLACK
6
CONTINUOUS
10
4.0224785039370081
20
-6.9273901181102362
11
4.0167030314960632
21
-6.9312491732283465
0
LINE
8
BLACK
6
CONTINUOUS
10
4.0167030314960632
20
-6.9312491732283465
11
4.0102856692913385
21
-6.9339073228346457
0
LINE
8
BLACK
6
CONTINUOUS
10
4.0102856692913385
20
-6.9339073228346457
11
4.0034730314960632
21
-6.9352624409448813
0
LINE
8
BLACK
6
CONTINUOUS
10
4.0034730314960632
20
-6.9352624409448813
11
3.9965269685039368
21
-6.9352624409448813
0
LINE
8
BLACK
6
CONTINUOUS
10
3.9965269685039368
20
-6.9352624409448813
11
3.9897143307086611
21
-6.9339073228346457
0
LINE
8
BLACK
6
CONTINUOUS
10
3.9897143307086611
20
-6.9339073228346457
11
3.9832969685039368
21
-6.9312491732283465
0
LINE
8
BLACK
6
CONTINUOUS
10
3.9832969685039368
20
-6.9312491732283465
11
3.9775214960629919
21
-6.9273901181102362
0
LINE
8
BLACK
6
CONTINUOUS
10
3.9775214960629919
20
-6.9273901181102362
11
3.9726098818897637
21
-6.9224785039370076
0
LINE
8
BLACK
6
CONTINUOUS
10
3.9726098818897637
20
-6.9224785039370076
11
3.9687508267716534
21
-6.9167030314960627
0
LINE
8
BLACK
6
CONTINUOUS
10
3.9687508267716534
20
-6.9167030314960627
11
3.9660926771653542
21
-6.9102856692913388
0
LINE
8
BLACK
6
CONTINUOUS
10
3.9660926771653542
20
-6.9102856692913388
11
3.9647375590551182
21
-6.9034730314960626
0
LINE
8
BLACK
6
CONTINUOUS
10
3.9647375590551182
20
-6.9034730314960626
11
3.9647375590551182
21
-6.8965269685039372
0
LINE
8
BLACK
6
CONTINUOUS
10
3.9647375590551182
20
-6.8965269685039372
11
3.9660926771653542
21
-6.889714330708661
0
LINE
8
BLACK
6
CONTINUOUS
10
3.9660926771653542
20
-6.889714330708661
11
3.9687508267716534
21
-6.8832969685039371
0
LINE
8
BLACK
6
CONTINUOUS
10
3.9687508267716534
20
-6.8832969685039371
11
3.9726098818897637
21
-6.8775214960629922
0
LINE
8
BLACK
6
CONTINUOUS
10
3.9726098818897637
20
-6.8775214960629922
11
3.9775214960629919
21
-6.8726098818897636
0
LINE
8
BLACK
6
CONTINUOUS
10
3.9775214960629919
20
-6.8726098818897636
11
3.9832969685039368
21
-6.8687508267716533
0
LINE
8
BLACK
6
CONTINUOUS
10
3.9832969685039368
20
-6.8687508267716533
11
3.9897143307086611
21
-6.8660926771653541
0
LINE
8
BLACK
6
CONTINUOUS
10
3.9897143307086611
20
-6.8660926771653541
11
3.9965269685039368
21
-6.8647375590551176
0
LINE
8
BLACK
6
CONTINUOUS
10
3.9965269685039368
20
-6.8647375590551176
11
4.0034730314960632
21
-6.8647375590551176
0
LINE
8
BLACK
6
CONTINUOUS
10
4.0034730314960632
20
-6.8647375590551176
11
4.0102856692913385
21
-6.8660926771653541
0
LINE
8
BLACK
6
CONTINUOUS
10
4.6102856692913381
20
-6.8660926771653541
11
4.6167030314960629
21
-6.8687508267716533
0
LINE
8
BLACK
6
CONTINUOUS
10
4.6167030314960629
20
-6.8687508267716533
11
4.6224785039370078
21
-6.8726098818897636
0
LINE
8
BLACK
6
CONTINUOUS
10
4.6224785039370078
20
-6.8726098818897636
11
4.6273901181102364
21
-6.8775214960629922
0
LINE
8
BLACK
6
CONTINUOUS
10
4.6273901181102364
20
-6.8775214960629922
11
4.6312491732283467
21
-6.8832969685039371
0
LINE
8
BLACK
6
CONTINUOUS
10
4.6312491732283467
20
-6.8832969685039371
11
4.6339073228346459
21
-6.889714330708661
0
LINE
8
BLACK
6
CONTINUOUS
10
4.6339073228346459
20
-6.889714330708661
11
4.6352624409448815
21
-6.8965269685039372
0
LINE
8
BLACK
6
CONTINUOUS
10
4.6352624409448815
20
-6.8965269685039372
11
4.6352624409448815
21
-6.9034730314960626
0
LINE
8
BLACK
6
CONTINUOUS
10
4.6352624409448815
20
-6.9034730314960626
11
4.6339073228346459
21
-6.9102856692913388
0
LINE
8
BLACK
6
CONTINUOUS
10
4.6339073228346459
20
-6.9102856692913388
11
4.6312491732283467
21
-6.9167030314960627
0
LINE
8
BLACK
6
CONTINUOUS
10
4.6312491732283467
20
-6.9167030314960627
11
4.6273901181102364
21
-6.9224785039370076
0
LINE
8
BLACK
6
CONTINUOUS
10
4.6273901181102364
20
-6.9224785039370076
11
4.6224785039370078
21
-6.9273901181102362
0
LINE
8
BLACK
6
CONTINUOUS
10
4.6224785039370078
20
-6.9273901181102362
11
4.6167030314960629
21
-6.9312491732283465
0
LINE
8
BLACK
6
CONTINUOUS
10
4.6167030314960629
20
-6.9312491732283465
11
4.6102856692913381
21
-6.9339073228346457
0
LINE
8
BLACK
6
CONTINUOUS
10
4.6102856692913381
20
-6.9339073228346457
11
4.6034730314960628
21
-6.9352624409448813
0
LINE
8
BLACK
6
CONTINUOUS
10
4.6034730314960628
20
-6.9352624409448813
11
4.5965269685039365
21
-6.9352624409448813
0
LINE
8
BLACK
6
CONTINUOUS
10
4.5965269685039365
20
-6.9352624409448813
11
4.5897143307086612
21
-6.9339073228346457
0
LINE
8
BLACK
6
CONTINUOUS
10
4.5897143307086612
20
-6.9339073228346457
11
4.5832969685039373
21
-6.9312491732283465
0
LINE
8
BLACK
6
CONTINUOUS
10
4.5832969685039373
20
-6.9312491732283465
11
4.5775214960629924
21
-6.9273901181102362
0
LINE
8
BLACK
6
CONTINUOUS
10
4.5775214960629924
20
-6.9273901181102362
11
4.5726098818897638
21
-6.9224785039370076
0
LINE
8
BLACK
6
CONTINUOUS
10
4.5726098818897638
20
-6.9224785039370076
11
4.5687508267716535
21
-6.9167030314960627
0
LINE
8
BLACK
6
CONTINUOUS
10
4.5687508267716535
20
-6.9167030314960627
11
4.5660926771653543
21
-6.9102856692913388
0
LINE
8
BLACK
6
CONTINUOUS
10
4.5660926771653543
20
-6.9102856692913388
11
4.5647375590551178
21
-6.9034730314960626
0
LINE
8
BLACK
6
CONTINUOUS
10
4.5647375590551178
20
-6.9034730314960626
11
4.5647375590551178
21
-6.8965269685039372
0
LINE
8
BLACK
6
CONTINUOUS
10
4.5647375590551178
20
-6.8965269685039372
11
4.5660926771653543
21
-6.889714330708661
0
LINE
8
BLACK
6
CONTINUOUS
10
4.5660926771653543
20
-6.889714330708661
11
4.5687508267716535
21
-6.8832969685039371
0
LINE
8
BLACK
6
CONTINUOUS
10
4.5687508267716535
20
-6.8832969685039371
11
4.5726098818897638
21
-6.8775214960629922
0
LINE
8
BLACK
6
CONTINUOUS
10
4.5726098818897638
20
-6.8775214960629922
11
4.5775214960629924
21
-6.8726098818897636
0
LINE
8
BLACK
6
CONTINUOUS
10
4.5775214960629924
20
-6.8726098818897636
11
4.5832969685039373
21
-6.8687508267716533
0
LINE
8
BLACK
6
CONTINUOUS
10
4.5832969685039373
20
-6.8687508267716533
11
4.5897143307086612
21
-6.8660926771653541
0
LINE
8
BLACK
6
CONTINUOUS
10
4.5897143307086612
20
-6.8660926771653541
11
4.5965269685039365
21
-6.8647375590551176
0
LINE
8
BLACK
6
CONTINUOUS
10
4.5965269685039365
20
-6.8647375590551176
11
4.6034730314960628
21
-6.8647375590551176
0
LINE
8
BLACK
6
CONTINUOUS
10
4.6034730314960628
20
-6.8647375590551176
11
4.6102856692913381
21
-6.8660926771653541
0
LINE
8
BLACK
6
CONTINUOUS
10
4.935433070866142
20
-6.7354330708661418
11
4.8645669291338578
21
-6.7354330708661418
0
LINE
8
BLACK
6
CONTINUOUS
10
4.8645669291338578
20
-6.7354330708661418
11
4.8645669291338578
21
-6.6645669291338585
0
LINE
8
BLACK
6
CONTINUOUS
10
4.8645669291338578
20
-6.6645669291338585
11
4.935433070866142
21
-6.6645669291338585
0
LINE
8
BLACK
6
CONTINUOUS
10
4.935433070866142
20
-6.6645669291338585
11
4.935433070866142
21
-6.7354330708661418
0
LINE
8
BLACK
6
CONTINUOUS
10
5.2102856692913386
20
-6.6660926771653539
11
5.2167030314960625
21
-6.6687508267716531
0
LINE
8
BLACK
6
CONTINUOUS
10
5.2167030314960625
20
-6.6687508267716531
11
5.2224785039370074
21
-6.6726098818897635
0
LINE
8
BLACK
6
CONTINUOUS
10
5.2224785039370074
20
-6.6726098818897635
11
5.227390118110236
21
-6.6775214960629921
0
LINE
8
BLACK
6
CONTINUOUS
10
5.227390118110236
20
-6.6775214960629921
11
5.2312491732283464
21
-6.683296968503937
0
LINE
8
BLACK
6
CONTINUOUS
10
5.2312491732283464
20
-6.683296968503937
11
5.2339073228346455
21
-6.6897143307086608
0
LINE
8
BLACK
6
CONTINUOUS
10
5.2339073228346455
20
-6.6897143307086608
11
5.235262440944882
21
-6.696526968503937
0
LINE
8
BLACK
6
CONTINUOUS
10
5.235262440944882
20
-6.696526968503937
11
5.235262440944882
21
-6.7034730314960624
0
LINE
8
BLACK
6
CONTINUOUS
10
5.235262440944882
20
-6.7034730314960624
11
5.2339073228346455
21
-6.7102856692913386
0
LINE
8
BLACK
6
CONTINUOUS
10
5.2339073228346455
20
-6.7102856692913386
11
5.2312491732283464
21
-6.7167030314960625
0
LINE
8
BLACK
6
CONTINUOUS
10
5.2312491732283464
20
-6.7167030314960625
11
5.227390118110236
21
-6.7224785039370074
0
LINE
8
BLACK
6
CONTINUOUS
10
5.227390118110236
20
-6.7224785039370074
11
5.2224785039370074
21
-6.727390118110236
0
LINE
8
BLACK
6
CONTINUOUS
10
5.2224785039370074
20
-6.727390118110236
11
5.2167030314960625
21
-6.7312491732283464
0
LINE
8
BLACK
6
CONTINUOUS
10
5.2167030314960625
20
-6.7312491732283464
11
5.2102856692913386
21
-6.7339073228346455
0
LINE
8
BLACK
6
CONTINUOUS
10
5.2102856692913386
20
-6.7339073228346455
11
5.2034730314960624
21
-6.735262440944882
0
LINE
8
BLACK
6
CONTINUOUS
10
5.2034730314960624
20
-6.735262440944882
11
5.196526968503937
21
-6.735262440944882
0
LINE
8
BLACK
6
CONTINUOUS
10
5.196526968503937
20
-6.735262440944882
11
5.1897143307086617
21
-6.7339073228346455
0
LINE
8
BLACK
6
CONTINUOUS
10
5.1897143307086617
20
-6.7339073228346455
11
5.183296968503937
21
-6.7312491732283464
0
LINE
8
BLACK
6
CONTINUOUS
10
5.183296968503937
20
-6.7312491732283464
11
5.1775214960629921
21
-6.727390118110236
0
LINE
8
BLACK
6
CONTINUOUS
10
5.1775214960629921
20
-6.727390118110236
11
5.1726098818897635
21
-6.7224785039370074
0
LINE
8
BLACK
6
CONTINUOUS
10
5.1726098818897635
20
-6.7224785039370074
11
5.1687508267716531
21
-6.7167030314960625
0
LINE
8
BLACK
6
CONTINUOUS
10
5.1687508267716531
20
-6.7167030314960625
11
5.1660926771653539
21
-6.7102856692913386
0
LINE
8
BLACK
6
CONTINUOUS
10
5.1660926771653539
20
-6.7102856692913386
11
5.1647375590551183
21
-6.7034730314960624
0
LINE
8
BLACK
6
CONTINUOUS
10
5.1647375590551183
20
-6.7034730314960624
11
5.1647375590551183
21
-6.696526968503937
0
LINE
8
BLACK
6
CONTINUOUS
10
5.1647375590551183
20
-6.696526968503937
11
5.1660926771653539
21
-6.6897143307086608
0
LINE
8
BLACK
6
CONTINUOUS
10
5.1660926771653539
20
-6.6897143307086608
11
5.1687508267716531
21
-6.683296968503937
0
LINE
8
BLACK
6
CONTINUOUS
10
5.1687508267716531
20
-6.683296968503937
11
5.1726098818897635
21
-6.6775214960629921
0
LINE
8
BLACK
6
CONTINUOUS
10
5.1726098818897635
20
-6.6775214960629921
11
5.1775214960629921
21
-6.6726098818897635
0
LINE
8
BLACK
6
CONTINUOUS
10
5.1775214960629921
20
-6.6726098818897635
11
5.183296968503937
21
-6.6687508267716531
0
LINE
8
BLACK
6
CONTINUOUS
10
5.183296968503937
20
-6.6687508267716531
11
5.1897143307086617
21
-6.6660926771653539
0
LINE
8
BLACK
6
CONTINUOUS
10
5.1897143307086617
20
-6.6660926771653539
11
5.196526968503937
21
-6.6647375590551183
0
LINE
8
BLACK
6
CONTINUOUS
10
5.196526968503937
20
-6.6647375590551183
11
5.2034730314960624
21
-6.6647375590551183
0
LINE
8
BLACK
6
CONTINUOUS
10
5.2034730314960624
20
-6.6647375590551183
11
5.2102856692913386
21
-6.6660926771653539
0
LINE
8
BLACK
6
CONTINUOUS
10
4.0354330708661417
20
-6.6354330708661413
11
3.9645669291338583
21
-6.6354330708661413
0
LINE
8
BLACK
6
CONTINUOUS
10
3.9645669291338583
20
-6.6354330708661413
11
3.9645669291338583
21
-6.564566929133858
0
LINE
8
BLACK
6
CONTINUOUS
10
3.9645669291338583
20
-6.564566929133858
11
4.0354330708661417
21
-6.564566929133858
0
LINE
8
BLACK
6
CONTINUOUS
10
4.0354330708661417
20
-6.564566929133858
11
4.0354330708661417
21
-6.6354330708661413
0
LINE
8
BLACK
6
CONTINUOUS
10
4.6354330708661413
20
-6.6354330708661413
11
4.564566929133858
21
-6.6354330708661413
0
LINE
8
BLACK
6
CONTINUOUS
10
4.564566929133858
20
-6.6354330708661413
11
4.564566929133858
21
-6.564566929133858
0
LINE
8
BLACK
6
CONTINUOUS
10
4.564566929133858
20
-6.564566929133858
11
4.6354330708661413
21
-6.564566929133858
0
LINE
8
BLACK
6
CONTINUOUS
10
4.6354330708661413
20
-6.564566929133858
11
4.6354330708661413
21
-6.6354330708661413
0
LINE
8
BLACK
6
CONTINUOUS
10
3.7102856692913386
20
-6.5660926771653543
11
3.716703031496063
21
-6.5687508267716535
0
LINE
8
BLACK
6
CONTINUOUS
10
3.716703031496063
20
-6.5687508267716535
11
3.7224785039370079
21
-6.5726098818897638
0
LINE
8
BLACK
6
CONTINUOUS
10
3.7224785039370079
20
-6.5726098818897638
11
3.727390118110236
21
-6.5775214960629924
0
LINE
8
BLACK
6
CONTINUOUS
10
3.727390118110236
20
-6.5775214960629924
11
3.7312491732283464
21
-6.5832969685039364
0
LINE
8
BLACK
6
CONTINUOUS
10
3.7312491732283464
20
-6.5832969685039364
11
3.7339073228346455
21
-6.5897143307086612
0
LINE
8
BLACK
6
CONTINUOUS
10
3.7339073228346455
20
-6.5897143307086612
11
3.735262440944882
21
-6.5965269685039365
0
LINE
8
BLACK
6
CONTINUOUS
10
3.735262440944882
20
-6.5965269685039365
11
3.735262440944882
21
-6.6034730314960628
0
LINE
8
BLACK
6
CONTINUOUS
10
3.735262440944882
20
-6.6034730314960628
11
3.7339073228346455
21
-6.6102856692913381
0
LINE
8
BLACK
6
CONTINUOUS
10
3.7339073228346455
20
-6.6102856692913381
11
3.7312491732283464
21
-6.6167030314960629
0
LINE
8
BLACK
6
CONTINUOUS
10
3.7312491732283464
20
-6.6167030314960629
11
3.727390118110236
21
-6.6224785039370078
0
LINE
8
BLACK
6
CONTINUOUS
10
3.727390118110236
20
-6.6224785039370078
11
3.7224785039370079
21
-6.6273901181102364
0
LINE
8
BLACK
6
CONTINUOUS
10
3.7224785039370079
20
-6.6273901181102364
11
3.716703031496063
21
-6.6312491732283467
0
LINE
8
BLACK
6
CONTINUOUS
10
3.716703031496063
20
-6.6312491732283467
11
3.7102856692913386
21
-6.6339073228346459
0
LINE
8
BLACK
6
CONTINUOUS
10
3.7102856692913386
20
-6.6339073228346459
11
3.7034730314960629
21
-6.6352624409448815
0
LINE
8
BLACK
6
CONTINUOUS
10
3.7034730314960629
20
-6.6352624409448815
11
3.696526968503937
21
-6.6352624409448815
0
LINE
8
BLACK
6
CONTINUOUS
10
3.696526968503937
20
-6.6352624409448815
11
3.6897143307086613
21
-6.6339073228346459
0
LINE
8
BLACK
6
CONTINUOUS
10
3.6897143307086613
20
-6.6339073228346459
11
3.683296968503937
21
-6.6312491732283467
0
LINE
8
BLACK
6
CONTINUOUS
10
3.683296968503937
20
-6.6312491732283467
11
3.6775214960629921
21
-6.6273901181102364
0
LINE
8
BLACK
6
CONTINUOUS
10
3.6775214960629921
20
-6.6273901181102364
11
3.6726098818897639
21
-6.6224785039370078
0
LINE
8
BLACK
6
CONTINUOUS
10
3.6726098818897639
20
-6.6224785039370078
11
3.6687508267716535
21
-6.6167030314960629
0
LINE
8
BLACK
6
CONTINUOUS
10
3.6687508267716535
20
-6.6167030314960629
11
3.6660926771653544
21
-6.6102856692913381
0
LINE
8
BLACK
6
CONTINUOUS
10
3.6660926771653544
20
-6.6102856692913381
11
3.6647375590551179
21
-6.6034730314960628
0
LINE
8
BLACK
6
CONTINUOUS
10
3.6647375590551179
20
-6.6034730314960628
11
3.6647375590551179
21
-6.5965269685039365
0
LINE
8
BLACK
6
CONTINUOUS
10
3.6647375590551179
20
-6.5965269685039365
11
3.6660926771653544
21
-6.5897143307086612
0
LINE
8
BLACK
6
CONTINUOUS
10
3.6660926771653544
20
-6.5897143307086612
11
3.6687508267716535
21
-6.5832969685039364
0
LINE
8
BLACK
6
CONTINUOUS
10
3.6687508267716535
20
-6.5832969685039364
11
3.6726098818897639
21
-6.5775214960629924
0
LINE
8
BLACK
6
CONTINUOUS
10
3.6726098818897639
20
-6.5775214960629924
11
3.6775214960629921
21
-6.5726098818897638
0
LINE
8
BLACK
6
CONTINUOUS
10
3.6775214960629921
20
-6.5726098818897638
11
3.683296968503937
21
-6.5687508267716535
0
LINE
8
BLACK
6
CONTINUOUS
10
3.683296968503937
20
-6.5687508267716535
11
3.6897143307086613
21
-6.5660926771653543
0
LINE
8
BLACK
6
CONTINUOUS
10
3.6897143307086613
20
-6.5660926771653543
11
3.696526968503937
21
-6.5647375590551178
0
LINE
8
BLACK
6
CONTINUOUS
10
3.696526968503937
20
-6.5647375590551178
11
3.7034730314960629
21
-6.5647375590551178
0
LINE
8
BLACK
6
CONTINUOUS
10
3.7034730314960629
20
-6.5647375590551178
11
3.7102856692913386
21
-6.5660926771653543
0
LINE
8
BLACK
6
CONTINUOUS
10
4.3102856692913383
20
-6.5660926771653543
11
4.316703031496063
21
-6.5687508267716535
0
LINE
8
BLACK
6
CONTINUOUS
10
4.316703031496063
20
-6.5687508267716535
11
4.3224785039370079
21
-6.5726098818897638
0
LINE
8
BLACK
6
CONTINUOUS
10
4.3224785039370079
20
-6.5726098818897638
11
4.3273901181102365
21
-6.5775214960629924
0
LINE
8
BLACK
6
CONTINUOUS
10
4.3273901181102365
20
-6.5775214960629924
11
4.331249173228346
21
-6.5832969685039364
0
LINE
8
BLACK
6
CONTINUOUS
10
4.331249173228346
20
-6.5832969685039364
11
4.3339073228346452
21
-6.5897143307086612
0
LINE
8
BLACK
6
CONTINUOUS
10
4.3339073228346452
20
-6.5897143307086612
11
4.3352624409448817
21
-6.5965269685039365
0
LINE
8
BLACK
6
CONTINUOUS
10
4.3352624409448817
20
-6.5965269685039365
11
4.3352624409448817
21
-6.6034730314960628
0
LINE
8
BLACK
6
CONTINUOUS
10
4.3352624409448817
20
-6.6034730314960628
11
4.3339073228346452
21
-6.6102856692913381
0
LINE
8
BLACK
6
CONTINUOUS
10
4.3339073228346452
20
-6.6102856692913381
11
4.331249173228346
21
-6.6167030314960629
0
LINE
8
BLACK
6
CONTINUOUS
10
4.331249173228346
20
-6.6167030314960629
11
4.3273901181102365
21
-6.6224785039370078
0
LINE
8
BLACK
6
CONTINUOUS
10
4.3273901181102365
20
-6.6224785039370078
11
4.3224785039370079
21
-6.6273901181102364
0
LINE
8
BLACK
6
CONTINUOUS
10
4.3224785039370079
20
-6.6273901181102364
11
4.316703031496063
21
-6.6312491732283467
0
LINE
8
BLACK
6
CONTINUOUS
10
4.316703031496063
20
-6.6312491732283467
11
4.3102856692913383
21
-6.6339073228346459
0
LINE
8
BLACK
6
CONTINUOUS
10
4.3102856692913383
20
-6.6339073228346459
11
4.303473031496063
21
-6.6352624409448815
0
LINE
8
BLACK
6
CONTINUOUS
10
4.303473031496063
20
-6.6352624409448815
11
4.2965269685039367
21
-6.6352624409448815
0
LINE
8
BLACK
6
CONTINUOUS
10
4.2965269685039367
20
-6.6352624409448815
11
4.2897143307086614
21
-6.6339073228346459
0
LINE
8
BLACK
6
CONTINUOUS
10
4.2897143307086614
20
-6.6339073228346459
11
4.2832969685039366
21
-6.6312491732283467
0
LINE
8
BLACK
6
CONTINUOUS
10
4.2832969685039366
20
-6.6312491732283467
11
4.2775214960629917
21
-6.6273901181102364
0
LINE
8
BLACK
6
CONTINUOUS
10
4.2775214960629917
20
-6.6273901181102364
11
4.272609881889764
21
-6.6224785039370078
0
LINE
8
BLACK
6
CONTINUOUS
10
4.272609881889764
20
-6.6224785039370078
11
4.2687508267716536
21
-6.6167030314960629
0
LINE
8
BLACK
6
CONTINUOUS
10
4.2687508267716536
20
-6.6167030314960629
11
4.2660926771653545
21
-6.6102856692913381
0
LINE
8
BLACK
6
CONTINUOUS
10
4.2660926771653545
20
-6.6102856692913381
11
4.264737559055118
21
-6.6034730314960628
0
LINE
8
BLACK
6
CONTINUOUS
10
4.264737559055118
20
-6.6034730314960628
11
4.264737559055118
21
-6.5965269685039365
0
LINE
8
BLACK
6
CONTINUOUS
10
4.264737559055118
20
-6.5965269685039365
11
4.2660926771653545
21
-6.5897143307086612
0
LINE
8
BLACK
6
CONTINUOUS
10
4.2660926771653545
20
-6.5897143307086612
11
4.2687508267716536
21
-6.5832969685039364
0
LINE
8
BLACK
6
CONTINUOUS
10
4.2687508267716536
20
-6.5832969685039364
11
4.272609881889764
21
-6.5775214960629924
0
LINE
8
BLACK
6
CONTINUOUS
10
4.272609881889764
20
-6.5775214960629924
11
4.2775214960629917
21
-6.5726098818897638
0
LINE
8
BLACK
6
CONTINUOUS
10
4.2775214960629917
20
-6.5726098818897638
11
4.2832969685039366
21
-6.5687508267716535
0
LINE
8
BLACK
6
CONTINUOUS
10
4.2832969685039366
20
-6.5687508267716535
11
4.2897143307086614
21
-6.5660926771653543
0
LINE
8
BLACK
6
CONTINUOUS
10
4.2897143307086614
20
-6.5660926771653543
11
4.2965269685039367
21
-6.5647375590551178
0
LINE
8
BLACK
6
CONTINUOUS
10
4.2965269685039367
20
-6.5647375590551178
11
4.303473031496063
21
-6.5647375590551178
0
LINE
8
BLACK
6
CONTINUOUS
10
4.303473031496063
20
-6.5647375590551178
11
4.3102856692913383
21
-6.5660926771653543
0
LINE
8
BLACK
6
CONTINUOUS
10
3.1091428346456693
20
-6.5698601574803144
11
3.1148471259842521
21
-6.5722229527559053
0
LINE
8
BLACK
6
CONTINUOUS
10
3.1148471259842521
20
-6.5722229527559053
11
3.1199809055118108
21
-6.5756532283464564
0
LINE
8
BLACK
6
CONTINUOUS
10
3.1199809055118108
20
-6.5756532283464564
11
3.1243467716535434
21
-6.5800190944881889
0
LINE
8
BLACK
6
CONTINUOUS
10
3.1243467716535434
20
-6.5800190944881889
11
3.1277770472440944
21
-6.5851528740157477
0
LINE
8
BLACK
6
CONTINUOUS
10
3.1277770472440944
20
-6.5851528740157477
11
3.1301398425196849
21
-6.5908571653543309
0
LINE
8
BLACK
6
CONTINUOUS
10
3.1301398425196849
20
-6.5908571653543309
11
3.1313444094488188
21
-6.5969128346456696
0
LINE
8
BLACK
6
CONTINUOUS
10
3.1313444094488188
20
-6.5969128346456696
11
3.1313444094488188
21
-6.6030871653543306
0
LINE
8
BLACK
6
CONTINUOUS
10
3.1313444094488188
20
-6.6030871653543306
11
3.1301398425196849
21
-6.6091428346456693
0
LINE
8
BLACK
6
CONTINUOUS
10
3.1301398425196849
20
-6.6091428346456693
11
3.1277770472440944
21
-6.6148471259842516
0
LINE
8
BLACK
6
CONTINUOUS
10
3.1277770472440944
20
-6.6148471259842516
11
3.1243467716535434
21
-6.6199809055118113
0
LINE
8
BLACK
6
CONTINUOUS
10
3.1243467716535434
20
-6.6199809055118113
11
3.1199809055118108
21
-6.6243467716535429
0
LINE
8
BLACK
6
CONTINUOUS
10
3.1199809055118108
20
-6.6243467716535429
11
3.1148471259842521
21
-6.627777047244094
0
LINE
8
BLACK
6
CONTINUOUS
10
3.1148471259842521
20
-6.627777047244094
11
3.1091428346456693
21
-6.6301398425196849
0
LINE
8
BLACK
6
CONTINUOUS
10
3.1091428346456693
20
-6.6301398425196849
11
3.1030871653543306
21
-6.6313444094488183
0
LINE
8
BLACK
6
CONTINUOUS
10
3.1030871653543306
20
-6.6313444094488183
11
3.0969128346456691
21
-6.6313444094488183
0
LINE
8
BLACK
6
CONTINUOUS
10
3.0969128346456691
20
-6.6313444094488183
11
3.0908571653543309
21
-6.6301398425196849
0
LINE
8
BLACK
6
CONTINUOUS
10
3.0908571653543309
20
-6.6301398425196849
11
3.0851528740157481
21
-6.627777047244094
0
LINE
8
BLACK
6
CONTINUOUS
10
3.0851528740157481
20
-6.627777047244094
11
3.0800190944881889
21
-6.6243467716535429
0
LINE
8
BLACK
6
CONTINUOUS
10
3.0800190944881889
20
-6.6243467716535429
11
3.0756532283464568
21
-6.6199809055118113
0
LINE
8
BLACK
6
CONTINUOUS
10
3.0756532283464568
20
-6.6199809055118113
11
3.0722229527559053
21
-6.6148471259842516
0
LINE
8
BLACK
6
CONTINUOUS
10
3.0722229527559053
20
-6.6148471259842516
11
3.0698601574803148
21
-6.6091428346456693
0
LINE
8
BLACK
6
CONTINUOUS
10
3.0698601574803148
20
-6.6091428346456693
11
3.068655590551181
21
-6.6030871653543306
0
LINE
8
BLACK
6
CONTINUOUS
10
3.068655590551181
20
-6.6030871653543306
11
3.068655590551181
21
-6.5969128346456696
0
LINE
8
BLACK
6
CONTINUOUS
10
3.068655590551181
20
-6.5969128346456696
11
3.0698601574803148
21
-6.5908571653543309
0
LINE
8
BLACK
6
CONTINUOUS
10
3.0698601574803148
20
-6.5908571653543309
11
3.0722229527559053
21
-6.5851528740157477
0
LINE
8
BLACK
6
CONTINUOUS
10
3.0722229527559053
20
-6.5851528740157477
11
3.0756532283464568
21
-6.5800190944881889
0
LINE
8
BLACK
6
CONTINUOUS
10
3.0756532283464568
20
-6.5800190944881889
11
3.0800190944881889
21
-6.5756532283464564
0
LINE
8
BLACK
6
CONTINUOUS
10
3.0800190944881889
20
-6.5756532283464564
11
3.0851528740157481
21
-6.5722229527559053
0
LINE
8
BLACK
6
CONTINUOUS
10
3.0851528740157481
20
-6.5722229527559053
11
3.0908571653543309
21
-6.5698601574803144
0
LINE
8
BLACK
6
CONTINUOUS
10
3.0908571653543309
20
-6.5698601574803144
11
3.0969128346456691
21
-6.568655590551181
0
LINE
8
BLACK
6
CONTINUOUS
10
3.0969128346456691
20
-6.568655590551181
11
3.1030871653543306
21
-6.568655590551181
0
LINE
8
BLACK
6
CONTINUOUS
10
3.1030871653543306
20
-6.568655590551181
11
3.1091428346456693
21
-6.5698601574803144
0
LINE
8
BLACK
6
CONTINUOUS
10
3.3079617322834647
20
-6.5698601574803144
11
3.313666023622047
21
-6.5722229527559053
0
LINE
8
BLACK
6
CONTINUOUS
10
3.313666023622047
20
-6.5722229527559053
11
3.3187998031496062
21
-6.5756532283464564
0
LINE
8
BLACK
6
CONTINUOUS
10
3.3187998031496062
20
-6.5756532283464564
11
3.3231656692913387
21
-6.5800190944881889
0
LINE
8
BLACK
6
CONTINUOUS
10
3.3231656692913387
20
-6.5800190944881889
11
3.3265959448818898
21
-6.5851528740157477
0
LINE
8
BLACK
6
CONTINUOUS
10
3.3265959448818898
20
-6.5851528740157477
11
3.3289587401574803
21
-6.5908571653543309
0
LINE
8
BLACK
6
CONTINUOUS
10
3.3289587401574803
20
-6.5908571653543309
11
3.3301633070866141
21
-6.5969128346456696
0
LINE
8
BLACK
6
CONTINUOUS
10
3.3301633070866141
20
-6.5969128346456696
11
3.3301633070866141
21
-6.6030871653543306
0
LINE
8
BLACK
6
CONTINUOUS
10
3.3301633070866141
20
-6.6030871653543306
11
3.3289587401574803
21
-6.6091428346456693
0
LINE
8
BLACK
6
CONTINUOUS
10
3.3289587401574803
20
-6.6091428346456693
11
3.3265959448818898
21
-6.6148471259842516
0
LINE
8
BLACK
6
CONTINUOUS
10
3.3265959448818898
20
-6.6148471259842516
11
3.3231656692913387
21
-6.6199809055118113
0
LINE
8
BLACK
6
CONTINUOUS
10
3.3231656692913387
20
-6.6199809055118113
11
3.3187998031496062
21
-6.6243467716535429
0
LINE
8
BLACK
6
CONTINUOUS
10
3.3187998031496062
20
-6.6243467716535429
11
3.313666023622047
21
-6.627777047244094
0
LINE
8
BLACK
6
CONTINUOUS
10
3.313666023622047
20
-6.627777047244094
11
3.3079617322834647
21
-6.6301398425196849
0
LINE
8
BLACK
6
CONTINUOUS
10
3.3079617322834647
20
-6.6301398425196849
11
3.301906062992126
21
-6.6313444094488183
0
LINE
8
BLACK
6
CONTINUOUS
10
3.301906062992126
20
-6.6313444094488183
11
3.2957317322834645
21
-6.6313444094488183
0
LINE
8
BLACK
6
CONTINUOUS
10
3.2957317322834645
20
-6.6313444094488183
11
3.2896760629921258
21
-6.6301398425196849
0
LINE
8
BLACK
6
CONTINUOUS
10
3.2896760629921258
20
-6.6301398425196849
11
3.283971771653543
21
-6.627777047244094
0
LINE
8
BLACK
6
CONTINUOUS
10
3.283971771653543
20
-6.627777047244094
11
3.2788379921259843
21
-6.6243467716535429
0
LINE
8
BLACK
6
CONTINUOUS
10
3.2788379921259843
20
-6.6243467716535429
11
3.2744721259842517
21
-6.6199809055118113
0
LINE
8
BLACK
6
CONTINUOUS
10
3.2744721259842517
20
-6.6199809055118113
11
3.2710418503937007
21
-6.6148471259842516
0
LINE
8
BLACK
6
CONTINUOUS
10
3.2710418503937007
20
-6.6148471259842516
11
3.2686790551181102
21
-6.6091428346456693
0
LINE
8
BLACK
6
CONTINUOUS
10
3.2686790551181102
20
-6.6091428346456693
11
3.2674744881889763
21
-6.6030871653543306
0
LINE
8
BLACK
6
CONTINUOUS
10
3.2674744881889763
20
-6.6030871653543306
11
3.2674744881889763
21
-6.5969128346456696
0
LINE
8
BLACK
6
CONTINUOUS
10
3.2674744881889763
20
-6.5969128346456696
11
3.2686790551181102
21
-6.5908571653543309
0
LINE
8
BLACK
6
CONTINUOUS
10
3.2686790551181102
20
-6.5908571653543309
11
3.2710418503937007
21
-6.5851528740157477
0
LINE
8
BLACK
6
CONTINUOUS
10
3.2710418503937007
20
-6.5851528740157477
11
3.2744721259842517
21
-6.5800190944881889
0
LINE
8
BLACK
6
CONTINUOUS
10
3.2744721259842517
20
-6.5800190944881889
11
3.2788379921259843
21
-6.5756532283464564
0
LINE
8
BLACK
6
CONTINUOUS
10
3.2788379921259843
20
-6.5756532283464564
11
3.283971771653543
21
-6.5722229527559053
0
LINE
8
BLACK
6
CONTINUOUS
10
3.283971771653543
20
-6.5722229527559053
11
3.2896760629921258
21
-6.5698601574803144
0
LINE
8
BLACK
6
CONTINUOUS
10
3.2896760629921258
20
-6.5698601574803144
11
3.2957317322834645
21
-6.568655590551181
0
LINE
8
BLACK
6
CONTINUOUS
10
3.2957317322834645
20
-6.568655590551181
11
3.301906062992126
21
-6.568655590551181
0
LINE
8
BLACK
6
CONTINUOUS
10
3.301906062992126
20
-6.568655590551181
11
3.3079617322834647
21
-6.5698601574803144
0
LINE
8
BLACK
6
CONTINUOUS
10
3.5091428346456692
20
-6.5698601574803144
11
3.514847125984252
21
-6.5722229527559053
0
LINE
8
BLACK
6
CONTINUOUS
10
3.514847125984252
20
-6.5722229527559053
11
3.5199809055118108
21
-6.5756532283464564
0
LINE
8
BLACK
6
CONTINUOUS
10
3.5199809055118108
20
-6.5756532283464564
11
3.5243467716535433
21
-6.5800190944881889
0
LINE
8
BLACK
6
CONTINUOUS
10
3.5243467716535433
20
-6.5800190944881889
11
3.5277770472440944
21
-6.5851528740157477
0
LINE
8
BLACK
6
CONTINUOUS
10
3.5277770472440944
20
-6.5851528740157477
11
3.5301398425196848
21
-6.5908571653543309
0
LINE
8
BLACK
6
CONTINUOUS
10
3.5301398425196848
20
-6.5908571653543309
11
3.5313444094488187
21
-6.5969128346456696
0
LINE
8
BLACK
6
CONTINUOUS
10
3.5313444094488187
20
-6.5969128346456696
11
3.5313444094488187
21
-6.6030871653543306
0
LINE
8
BLACK
6
CONTINUOUS
10
3.5313444094488187
20
-6.6030871653543306
11
3.5301398425196848
21
-6.6091428346456693
0
LINE
8
BLACK
6
CONTINUOUS
10
3.5301398425196848
20
-6.6091428346456693
11
3.5277770472440944
21
-6.6148471259842516
0
LINE
8
BLACK
6
CONTINUOUS
10
3.5277770472440944
20
-6.6148471259842516
11
3.5243467716535433
21
-6.6199809055118113
0
LINE
8
BLACK
6
CONTINUOUS
10
3.5243467716535433
20
-6.6199809055118113
11
3.5199809055118108
21
-6.6243467716535429
0
LINE
8
BLACK
6
CONTINUOUS
10
3.5199809055118108
20
-6.6243467716535429
11
3.514847125984252
21
-6.627777047244094
0
LINE
8
BLACK
6
CONTINUOUS
10
3.514847125984252
20
-6.627777047244094
11
3.5091428346456692
21
-6.6301398425196849
0
LINE
8
BLACK
6
CONTINUOUS
10
3.5091428346456692
20
-6.6301398425196849
11
3.5030871653543305
21
-6.6313444094488183
0
LINE
8
BLACK
6
CONTINUOUS
10
3.5030871653543305
20
-6.6313444094488183
11
3.496912834645669
21
-6.6313444094488183
0
LINE
8
BLACK
6
CONTINUOUS
10
3.496912834645669
20
-6.6313444094488183
11
3.4908571653543308
21
-6.6301398425196849
0
LINE
8
BLACK
6
CONTINUOUS
10
3.4908571653543308
20
-6.6301398425196849
11
3.485152874015748
21
-6.627777047244094
0
LINE
8
BLACK
6
CONTINUOUS
10
3.485152874015748
20
-6.627777047244094
11
3.4800190944881888
21
-6.6243467716535429
0
LINE
8
BLACK
6
CONTINUOUS
10
3.4800190944881888
20
-6.6243467716535429
11
3.4756532283464567
21
-6.6199809055118113
0
LINE
8
BLACK
6
CONTINUOUS
10
3.4756532283464567
20
-6.6199809055118113
11
3.4722229527559056
21
-6.6148471259842516
0
LINE
8
BLACK
6
CONTINUOUS
10
3.4722229527559056
20
-6.6148471259842516
11
3.4698601574803147
21
-6.6091428346456693
0
LINE
8
BLACK
6
CONTINUOUS
10
3.4698601574803147
20
-6.6091428346456693
11
3.4686555905511809
21
-6.6030871653543306
0
LINE
8
BLACK
6
CONTINUOUS
10
3.4686555905511809
20
-6.6030871653543306
11
3.4686555905511809
21
-6.5969128346456696
0
LINE
8
BLACK
6
CONTINUOUS
10
3.4686555905511809
20
-6.5969128346456696
11
3.4698601574803147
21
-6.5908571653543309
0
LINE
8
BLACK
6
CONTINUOUS
10
3.4698601574803147
20
-6.5908571653543309
11
3.4722229527559056
21
-6.5851528740157477
0
LINE
8
BLACK
6
CONTINUOUS
10
3.4722229527559056
20
-6.5851528740157477
11
3.4756532283464567
21
-6.5800190944881889
0
LINE
8
BLACK
6
CONTINUOUS
10
3.4756532283464567
20
-6.5800190944881889
11
3.4800190944881888
21
-6.5756532283464564
0
LINE
8
BLACK
6
CONTINUOUS
10
3.4800190944881888
20
-6.5756532283464564
11
3.485152874015748
21
-6.5722229527559053
0
LINE
8
BLACK
6
CONTINUOUS
10
3.485152874015748
20
-6.5722229527559053
11
3.4908571653543308
21
-6.5698601574803144
0
LINE
8
BLACK
6
CONTINUOUS
10
3.4908571653543308
20
-6.5698601574803144
11
3.496912834645669
21
-6.568655590551181
0
LINE
8
BLACK
6
CONTINUOUS
10
3.496912834645669
20
-6.568655590551181
11
3.5030871653543305
21
-6.568655590551181
0
LINE
8
BLACK
6
CONTINUOUS
10
3.5030871653543305
20
-6.568655590551181
11
3.5091428346456692
21
-6.5698601574803144
0
LINE
8
BLACK
6
CONTINUOUS
10
5.2354330708661418
20
-6.435433070866142
11
5.1645669291338585
21
-6.435433070866142
0
LINE
8
BLACK
6
CONTINUOUS
10
5.1645669291338585
20
-6.435433070866142
11
5.1645669291338585
21
-6.3645669291338578
0
LINE
8
BLACK
6
CONTINUOUS
10
5.1645669291338585
20
-6.3645669291338578
11
5.2354330708661418
21
-6.3645669291338578
0
LINE
8
BLACK
6
CONTINUOUS
10
5.2354330708661418
20
-6.3645669291338578
11
5.2354330708661418
21
-6.435433070866142
0
LINE
8
BLACK
6
CONTINUOUS
10
4.9102856692913388
20
-6.3660926771653541
11
4.9167030314960627
21
-6.3687508267716533
0
LINE
8
BLACK
6
CONTINUOUS
10
4.9167030314960627
20
-6.3687508267716533
11
4.9224785039370076
21
-6.3726098818897636
0
LINE
8
BLACK
6
CONTINUOUS
10
4.9224785039370076
20
-6.3726098818897636
11
4.9273901181102362
21
-6.3775214960629922
0
LINE
8
BLACK
6
CONTINUOUS
10
4.9273901181102362
20
-6.3775214960629922
11
4.9312491732283465
21
-6.3832969685039371
0
LINE
8
BLACK
6
CONTINUOUS
10
4.9312491732283465
20
-6.3832969685039371
11
4.9339073228346457
21
-6.389714330708661
0
LINE
8
BLACK
6
CONTINUOUS
10
4.9339073228346457
20
-6.389714330708661
11
4.9352624409448822
21
-6.3965269685039372
0
LINE
8
BLACK
6
CONTINUOUS
10
4.9352624409448822
20
-6.3965269685039372
11
4.9352624409448822
21
-6.4034730314960626
0
LINE
8
BLACK
6
CONTINUOUS
10
4.9352624409448822
20
-6.4034730314960626
11
4.9339073228346457
21
-6.4102856692913388
0
LINE
8
BLACK
6
CONTINUOUS
10
4.9339073228346457
20
-6.4102856692913388
11
4.9312491732283465
21
-6.4167030314960627
0
LINE
8
BLACK
6
CONTINUOUS
10
4.9312491732283465
20
-6.4167030314960627
11
4.9273901181102362
21
-6.4224785039370076
0
LINE
8
BLACK
6
CONTINUOUS
10
4.9273901181102362
20
-6.4224785039370076
11
4.9224785039370076
21
-6.4273901181102362
0
LINE
8
BLACK
6
CONTINUOUS
10
4.9224785039370076
20
-6.4273901181102362
11
4.9167030314960627
21
-6.4312491732283465
0
LINE
8
BLACK
6
CONTINUOUS
10
4.9167030314960627
20
-6.4312491732283465
11
4.9102856692913388
21
-6.4339073228346457
0
LINE
8
BLACK
6
CONTINUOUS
10
4.9102856692913388
20
-6.4339073228346457
11
4.9034730314960626
21
-6.4352624409448813
0
LINE
8
BLACK
6
CONTINUOUS
10
4.9034730314960626
20
-6.4352624409448813
11
4.8965269685039372
21
-6.4352624409448813
0
LINE
8
BLACK
6
CONTINUOUS
10
4.8965269685039372
20
-6.4352624409448813
11
4.889714330708661
21
-6.4339073228346457
0
LINE
8
BLACK
6
CONTINUOUS
10
4.889714330708661
20
-6.4339073228346457
11
4.8832969685039371
21
-6.4312491732283465
0
LINE
8
BLACK
6
CONTINUOUS
10
4.8832969685039371
20
-6.4312491732283465
11
4.8775214960629922
21
-6.4273901181102362
0
LINE
8
BLACK
6
CONTINUOUS
10
4.8775214960629922
20
-6.4273901181102362
11
4.8726098818897636
21
-6.4224785039370076
0
LINE
8
BLACK
6
CONTINUOUS
10
4.8726098818897636
20
-6.4224785039370076
11
4.8687508267716533
21
-6.4167030314960627
0
LINE
8
BLACK
6
CONTINUOUS
10
4.8687508267716533
20
-6.4167030314960627
11
4.8660926771653541
21
-6.4102856692913388
0
LINE
8
BLACK
6
CONTINUOUS
10
4.8660926771653541
20
-6.4102856692913388
11
4.8647375590551176
21
-6.4034730314960626
0
LINE
8
BLACK
6
CONTINUOUS
10
4.8647375590551176
20
-6.4034730314960626
11
4.8647375590551176
21
-6.3965269685039372
0
LINE
8
BLACK
6
CONTINUOUS
10
4.8647375590551176
20
-6.3965269685039372
11
4.8660926771653541
21
-6.389714330708661
0
LINE
8
BLACK
6
CONTINUOUS
10
4.8660926771653541
20
-6.389714330708661
11
4.8687508267716533
21
-6.3832969685039371
0
LINE
8
BLACK
6
CONTINUOUS
10
4.8687508267716533
20
-6.3832969685039371
11
4.8726098818897636
21
-6.3775214960629922
0
LINE
8
BLACK
6
CONTINUOUS
10
4.8726098818897636
20
-6.3775214960629922
11
4.8775214960629922
21
-6.3726098818897636
0
LINE
8
BLACK
6
CONTINUOUS
10
4.8775214960629922
20
-6.3726098818897636
11
4.8832969685039371
21
-6.3687508267716533
0
LINE
8
BLACK
6
CONTINUOUS
10
4.8832969685039371
20
-6.3687508267716533
11
4.889714330708661
21
-6.3660926771653541
0
LINE
8
BLACK
6
CONTINUOUS
10
4.889714330708661
20
-6.3660926771653541
11
4.8965269685039372
21
-6.3647375590551176
0
LINE
8
BLACK
6
CONTINUOUS
10
4.8965269685039372
20
-6.3647375590551176
11
4.9034730314960626
21
-6.3647375590551176
0
LINE
8
BLACK
6
CONTINUOUS
10
4.9034730314960626
20
-6.3647375590551176
11
4.9102856692913388
21
-6.3660926771653541
0
LINE
8
BLACK
6
CONTINUOUS
10
3.1091428346456693
20
-6.3730097637795273
11
3.1148471259842521
21
-6.3753725590551182
0
LINE
8
BLACK
6
CONTINUOUS
10
3.1148471259842521
20
-6.3753725590551182
11
3.1199809055118108
21
-6.3788028346456693
0
LINE
8
BLACK
6
CONTINUOUS
10
3.1199809055118108
20
-6.3788028346456693
11
3.1243467716535434
21
-6.3831687007874018
0
LINE
8
BLACK
6
CONTINUOUS
10
3.1243467716535434
20
-6.3831687007874018
11
3.1277770472440944
21
-6.3883024803149606
0
LINE
8
BLACK
6
CONTINUOUS
10
3.1277770472440944
20
-6.3883024803149606
11
3.1301398425196849
21
-6.3940067716535429
0
LINE
8
BLACK
6
CONTINUOUS
10
3.1301398425196849
20
-6.3940067716535429
11
3.1313444094488188
21
-6.4000624409448816
0
LINE
8
BLACK
6
CONTINUOUS
10
3.1313444094488188
20
-6.4000624409448816
11
3.1313444094488188
21
-6.4062367716535435
0
LINE
8
BLACK
6
CONTINUOUS
10
3.1313444094488188
20
-6.4062367716535435
11
3.1301398425196849
21
-6.4122924409448814
0
LINE
8
BLACK
6
CONTINUOUS
10
3.1301398425196849
20
-6.4122924409448814
11
3.1277770472440944
21
-6.4179967322834646
0
LINE
8
BLACK
6
CONTINUOUS
10
3.1277770472440944
20
-6.4179967322834646
11
3.1243467716535434
21
-6.4231305118110233
0
LINE
8
BLACK
6
CONTINUOUS
10
3.1243467716535434
20
-6.4231305118110233
11
3.1199809055118108
21
-6.4274963779527559
0
LINE
8
BLACK
6
CONTINUOUS
10
3.1199809055118108
20
-6.4274963779527559
11
3.1148471259842521
21
-6.4309266535433069
0
LINE
8
BLACK
6
CONTINUOUS
10
3.1148471259842521
20
-6.4309266535433069
11
3.1091428346456693
21
-6.4332894488188979
0
LINE
8
BLACK
6
CONTINUOUS
10
3.1091428346456693
20
-6.4332894488188979
11
3.1030871653543306
21
-6.4344940157480313
0
LINE
8
BLACK
6
CONTINUOUS
10
3.1030871653543306
20
-6.4344940157480313
11
3.0969128346456691
21
-6.4344940157480313
0
LINE
8
BLACK
6
CONTINUOUS
10
3.0969128346456691
20
-6.4344940157480313
11
3.0908571653543309
21
-6.4332894488188979
0
LINE
8
BLACK
6
CONTINUOUS
10
3.0908571653543309
20
-6.4332894488188979
11
3.0851528740157481
21
-6.4309266535433069
0
LINE
8
BLACK
6
CONTINUOUS
10
3.0851528740157481
20
-6.4309266535433069
11
3.0800190944881889
21
-6.4274963779527559
0
LINE
8
BLACK
6
CONTINUOUS
10
3.0800190944881889
20
-6.4274963779527559
11
3.0756532283464568
21
-6.4231305118110233
0
LINE
8
BLACK
6
CONTINUOUS
10
3.0756532283464568
20
-6.4231305118110233
11
3.0722229527559053
21
-6.4179967322834646
0
LINE
8
BLACK
6
CONTINUOUS
10
3.0722229527559053
20
-6.4179967322834646
11
3.0698601574803148
21
-6.4122924409448814
0
LINE
8
BLACK
6
CONTINUOUS
10
3.0698601574803148
20
-6.4122924409448814
11
3.068655590551181
21
-6.4062367716535435
0
LINE
8
BLACK
6
CONTINUOUS
10
3.068655590551181
20
-6.4062367716535435
11
3.068655590551181
21
-6.4000624409448816
0
LINE
8
BLACK
6
CONTINUOUS
10
3.068655590551181
20
-6.4000624409448816
11
3.0698601574803148
21
-6.3940067716535429
0
LINE
8
BLACK
6
CONTINUOUS
10
3.0698601574803148
20
-6.3940067716535429
11
3.0722229527559053
21
-6.3883024803149606
0
LINE
8
BLACK
6
CONTINUOUS
10
3.0722229527559053
20
-6.3883024803149606
11
3.0756532283464568
21
-6.3831687007874018
0
LINE
8
BLACK
6
CONTINUOUS
10
3.0756532283464568
20
-6.3831687007874018
11
3.0800190944881889
21
-6.3788028346456693
0
LINE
8
BLACK
6
CONTINUOUS
10
3.0800190944881889
20
-6.3788028346456693
11
3.0851528740157481
21
-6.3753725590551182
0
LINE
8
BLACK
6
CONTINUOUS
10
3.0851528740157481
20
-6.3753725590551182
11
3.0908571653543309
21
-6.3730097637795273
0
LINE
8
BLACK
6
CONTINUOUS
10
3.0908571653543309
20
-6.3730097637795273
11
3.0969128346456691
21
-6.3718051968503939
0
LINE
8
BLACK
6
CONTINUOUS
10
3.0969128346456691
20
-6.3718051968503939
11
3.1030871653543306
21
-6.3718051968503939
0
LINE
8
BLACK
6
CONTINUOUS
10
3.1030871653543306
20
-6.3718051968503939
11
3.1091428346456693
21
-6.3730097637795273
0
LINE
8
BLACK
6
CONTINUOUS
10
3.3079617322834647
20
-6.3730097637795273
11
3.313666023622047
21
-6.3753725590551182
0
LINE
8
BLACK
6
CONTINUOUS
10
3.313666023622047
20
-6.3753725590551182
11
3.3187998031496062
21
-6.3788028346456693
0
LINE
8
BLACK
6
CONTINUOUS
10
3.3187998031496062
20
-6.3788028346456693
11
3.3231656692913387
21
-6.3831687007874018
0
LINE
8
BLACK
6
CONTINUOUS
10
3.3231656692913387
20
-6.3831687007874018
11
3.3265959448818898
21
-6.3883024803149606
0
LINE
8
BLACK
6
CONTINUOUS
10
3.3265959448818898
20
-6.3883024803149606
11
3.3289587401574803
21
-6.3940067716535429
0
LINE
8
BLACK
6
CONTINUOUS
10
3.3289587401574803
20
-6.3940067716535429
11
3.3301633070866141
21
-6.4000624409448816
0
LINE
8
BLACK
6
CONTINUOUS
10
3.3301633070866141
20
-6.4000624409448816
11
3.3301633070866141
21
-6.4062367716535435
0
LINE
8
BLACK
6
CONTINUOUS
10
3.3301633070866141
20
-6.4062367716535435
11
3.3289587401574803
21
-6.4122924409448814
0
LINE
8
BLACK
6
CONTINUOUS
10
3.3289587401574803
20
-6.4122924409448814
11
3.3265959448818898
21
-6.4179967322834646
0
LINE
8
BLACK
6
CONTINUOUS
10
3.3265959448818898
20
-6.4179967322834646
11
3.3231656692913387
21
-6.4231305118110233
0
LINE
8
BLACK
6
CONTINUOUS
10
3.3231656692913387
20
-6.4231305118110233
11
3.3187998031496062
21
-6.4274963779527559
0
LINE
8
BLACK
6
CONTINUOUS
10
3.3187998031496062
20
-6.4274963779527559
11
3.313666023622047
21
-6.4309266535433069
0
LINE
8
BLACK
6
CONTINUOUS
10
3.313666023622047
20
-6.4309266535433069
11
3.3079617322834647
21
-6.4332894488188979
0
LINE
8
BLACK
6
CONTINUOUS
10
3.3079617322834647
20
-6.4332894488188979
11
3.301906062992126
21
-6.4344940157480313
0
LINE
8
BLACK
6
CONTINUOUS
10
3.301906062992126
20
-6.4344940157480313
11
3.2957317322834645
21
-6.4344940157480313
0
LINE
8
BLACK
6
CONTINUOUS
10
3.2957317322834645
20
-6.4344940157480313
11
3.2896760629921258
21
-6.4332894488188979
0
LINE
8
BLACK
6
CONTINUOUS
10
3.2896760629921258
20
-6.4332894488188979
11
3.283971771653543
21
-6.4309266535433069
0
LINE
8
BLACK
6
CONTINUOUS
10
3.283971771653543
20
-6.4309266535433069
11
3.2788379921259843
21
-6.4274963779527559
0
LINE
8
BLACK
6
CONTINUOUS
10
3.2788379921259843
20
-6.4274963779527559
11
3.2744721259842517
21
-6.4231305118110233
0
LINE
8
BLACK
6
CONTINUOUS
10
3.2744721259842517
20
-6.4231305118110233
11
3.2710418503937007
21
-6.4179967322834646
0
LINE
8
BLACK
6
CONTINUOUS
10
3.2710418503937007
20
-6.4179967322834646
11
3.2686790551181102
21
-6.4122924409448814
0
LINE
8
BLACK
6
CONTINUOUS
10
3.2686790551181102
20
-6.4122924409448814
11
3.2674744881889763
21
-6.4062367716535435
0
LINE
8
BLACK
6
CONTINUOUS
10
3.2674744881889763
20
-6.4062367716535435
11
3.2674744881889763
21
-6.4000624409448816
0
LINE
8
BLACK
6
CONTINUOUS
10
3.2674744881889763
20
-6.4000624409448816
11
3.2686790551181102
21
-6.3940067716535429
0
LINE
8
BLACK
6
CONTINUOUS
10
3.2686790551181102
20
-6.3940067716535429
11
3.2710418503937007
21
-6.3883024803149606
0
LINE
8
BLACK
6
CONTINUOUS
10
3.2710418503937007
20
-6.3883024803149606
11
3.2744721259842517
21
-6.3831687007874018
0
LINE
8
BLACK
6
CONTINUOUS
10
3.2744721259842517
20
-6.3831687007874018
11
3.2788379921259843
21
-6.3788028346456693
0
LINE
8
BLACK
6
CONTINUOUS
10
3.2788379921259843
20
-6.3788028346456693
11
3.283971771653543
21
-6.3753725590551182
0
LINE
8
BLACK
6
CONTINUOUS
10
3.283971771653543
20
-6.3753725590551182
11
3.2896760629921258
21
-6.3730097637795273
0
LINE
8
BLACK
6
CONTINUOUS
10
3.2896760629921258
20
-6.3730097637795273
11
3.2957317322834645
21
-6.3718051968503939
0
LINE
8
BLACK
6
CONTINUOUS
10
3.2957317322834645
20
-6.3718051968503939
11
3.301906062992126
21
-6.3718051968503939
0
LINE
8
BLACK
6
CONTINUOUS
10
3.301906062992126
20
-6.3718051968503939
11
3.3079617322834647
21
-6.3730097637795273
0
LINE
8
BLACK
6
CONTINUOUS
10
3.5091428346456692
20
-6.3730097637795273
11
3.514847125984252
21
-6.3753725590551182
0
LINE
8
BLACK
6
CONTINUOUS
10
3.514847125984252
20
-6.3753725590551182
11
3.5199809055118108
21
-6.3788028346456693
0
LINE
8
BLACK
6
CONTINUOUS
10
3.5199809055118108
20
-6.3788028346456693
11
3.5243467716535433
21
-6.3831687007874018
0
LINE
8
BLACK
6
CONTINUOUS
10
3.5243467716535433
20
-6.3831687007874018
11
3.5277770472440944
21
-6.3883024803149606
0
LINE
8
BLACK
6
CONTINUOUS
10
3.5277770472440944
20
-6.3883024803149606
11
3.5301398425196848
21
-6.3940067716535429
0
LINE
8
BLACK
6
CONTINUOUS
10
3.5301398425196848
20
-6.3940067716535429
11
3.5313444094488187
21
-6.4000624409448816
0
LINE
8
BLACK
6
CONTINUOUS
10
3.5313444094488187
20
-6.4000624409448816
11
3.5313444094488187
21
-6.4062367716535435
0
LINE
8
BLACK
6
CONTINUOUS
10
3.5313444094488187
20
-6.4062367716535435
11
3.5301398425196848
21
-6.4122924409448814
0
LINE
8
BLACK
6
CONTINUOUS
10
3.5301398425196848
20
-6.4122924409448814
11
3.5277770472440944
21
-6.4179967322834646
0
LINE
8
BLACK
6
CONTINUOUS
10
3.5277770472440944
20
-6.4179967322834646
11
3.5243467716535433
21
-6.4231305118110233
0
LINE
8
BLACK
6
CONTINUOUS
10
3.5243467716535433
20
-6.4231305118110233
11
3.5199809055118108
21
-6.4274963779527559
0
LINE
8
BLACK
6
CONTINUOUS
10
3.5199809055118108
20
-6.4274963779527559
11
3.514847125984252
21
-6.4309266535433069
0
LINE
8
BLACK
6
CONTINUOUS
10
3.514847125984252
20
-6.4309266535433069
11
3.5091428346456692
21
-6.4332894488188979
0
LINE
8
BLACK
6
CONTINUOUS
10
3.5091428346456692
20
-6.4332894488188979
11
3.5030871653543305
21
-6.4344940157480313
0
LINE
8
BLACK
6
CONTINUOUS
10
3.5030871653543305
20
-6.4344940157480313
11
3.496912834645669
21
-6.4344940157480313
0
LINE
8
BLACK
6
CONTINUOUS
10
3.496912834645669
20
-6.4344940157480313
11
3.4908571653543308
21
-6.4332894488188979
0
LINE
8
BLACK
6
CONTINUOUS
10
3.4908571653543308
20
-6.4332894488188979
11
3.485152874015748
21
-6.4309266535433069
0
LINE
8
BLACK
6
CONTINUOUS
10
3.485152874015748
20
-6.4309266535433069
11
3.4800190944881888
21
-6.4274963779527559
0
LINE
8
BLACK
6
CONTINUOUS
10
3.4800190944881888
20
-6.4274963779527559
11
3.4756532283464567
21
-6.4231305118110233
0
LINE
8
BLACK
6
CONTINUOUS
10
3.4756532283464567
20
-6.4231305118110233
11
3.4722229527559056
21
-6.4179967322834646
0
LINE
8
BLACK
6
CONTINUOUS
10
3.4722229527559056
20
-6.4179967322834646
11
3.4698601574803147
21
-6.4122924409448814
0
LINE
8
BLACK
6
CONTINUOUS
10
3.4698601574803147
20
-6.4122924409448814
11
3.4686555905511809
21
-6.4062367716535435
0
LINE
8
BLACK
6
CONTINUOUS
10
3.4686555905511809
20
-6.4062367716535435
11
3.4686555905511809
21
-6.4000624409448816
0
LINE
8
BLACK
6
CONTINUOUS
10
3.4686555905511809
20
-6.4000624409448816
11
3.4698601574803147
21
-6.3940067716535429
0
LINE
8
BLACK
6
CONTINUOUS
10
3.4698601574803147
20
-6.3940067716535429
11
3.4722229527559056
21
-6.3883024803149606
0
LINE
8
BLACK
6
CONTINUOUS
10
3.4722229527559056
20
-6.3883024803149606
11
3.4756532283464567
21
-6.3831687007874018
0
LINE
8
BLACK
6
CONTINUOUS
10
3.4756532283464567
20
-6.3831687007874018
11
3.4800190944881888
21
-6.3788028346456693
0
LINE
8
BLACK
6
CONTINUOUS
10
3.4800190944881888
20
-6.3788028346456693
11
3.485152874015748
21
-6.3753725590551182
0
LINE
8
BLACK
6
CONTINUOUS
10
3.485152874015748
20
-6.3753725590551182
11
3.4908571653543308
21
-6.3730097637795273
0
LINE
8
BLACK
6
CONTINUOUS
10
3.4908571653543308
20
-6.3730097637795273
11
3.496912834645669
21
-6.3718051968503939
0
LINE
8
BLACK
6
CONTINUOUS
10
3.496912834645669
20
-6.3718051968503939
11
3.5030871653543305
21
-6.3718051968503939
0
LINE
8
BLACK
6
CONTINUOUS
10
3.5030871653543305
20
-6.3718051968503939
11
3.5091428346456692
21
-6.3730097637795273
0
LINE
8
BLACK
6
CONTINUOUS
10
0.9097142519685039
20
-5.8679764173228346
11
0.9157750787401575
21
-5.8704868897637796
0
LINE
8
BLACK
6
CONTINUOUS
10
0.9157750787401575
20
-5.8704868897637796
11
0.9212296850393701
21
-5.8741315354330705
0
LINE
8
BLACK
6
CONTINUOUS
10
0.9212296850393701
20
-5.8741315354330705
11
0.9258684645669291
21
-5.8787703149606294
0
LINE
8
BLACK
6
CONTINUOUS
10
0.9258684645669291
20
-5.8787703149606294
11
0.9295131102362204
21
-5.8842249212598423
0
LINE
8
BLACK
6
CONTINUOUS
10
0.9295131102362204
20
-5.8842249212598423
11
0.9320235826771653
21
-5.8902857480314958
0
LINE
8
BLACK
6
CONTINUOUS
10
0.9320235826771653
20
-5.8902857480314958
11
0.9333034251968504
21
-5.8967198818897639
0
LINE
8
BLACK
6
CONTINUOUS
10
0.9333034251968504
20
-5.8967198818897639
11
0.9333034251968504
21
-5.9032801181102359
0
LINE
8
BLACK
6
CONTINUOUS
10
0.9333034251968504
20
-5.9032801181102359
11
0.9320235826771653
21
-5.909714251968504
0
LINE
8
BLACK
6
CONTINUOUS
10
0.9320235826771653
20
-5.909714251968504
11
0.9295131102362204
21
-5.9157750787401575
0
LINE
8
BLACK
6
CONTINUOUS
10
0.9295131102362204
20
-5.9157750787401575
11
0.9258684645669291
21
-5.9212296850393695
0
LINE
8
BLACK
6
CONTINUOUS
10
0.9258684645669291
20
-5.9212296850393695
11
0.9212296850393701
21
-5.9258684645669293
0
LINE
8
BLACK
6
CONTINUOUS
10
0.9212296850393701
20
-5.9258684645669293
11
0.9157750787401575
21
-5.9295131102362202
0
LINE
8
BLACK
6
CONTINUOUS
10
0.9157750787401575
20
-5.9295131102362202
11
0.9097142519685039
21
-5.9320235826771652
0
LINE
8
BLACK
6
CONTINUOUS
10
0.9097142519685039
20
-5.9320235826771652
11
0.9032801181102362
21
-5.9333034251968506
0
LINE
8
BLACK
6
CONTINUOUS
10
0.9032801181102362
20
-5.9333034251968506
11
0.8967198818897638
21
-5.9333034251968506
0
LINE
8
BLACK
6
CONTINUOUS
10
0.8967198818897638
20
-5.9333034251968506
11
0.8902857480314961
21
-5.9320235826771652
0
LINE
8
BLACK
6
CONTINUOUS
10
0.8902857480314961
20
-5.9320235826771652
11
0.8842249212598425
21
-5.9295131102362202
0
LINE
8
BLACK
6
CONTINUOUS
10
0.8842249212598425
20
-5.9295131102362202
11
0.8787703149606299
21
-5.9258684645669293
0
LINE
8
BLACK
6
CONTINUOUS
10
0.8787703149606299
20
-5.9258684645669293
11
0.8741315354330709
21
-5.9212296850393695
0
LINE
8
BLACK
6
CONTINUOUS
10
0.8741315354330709
20
-5.9212296850393695
11
0.8704868897637795
21
-5.9157750787401575
0
LINE
8
BLACK
6
CONTINUOUS
10
0.8704868897637795
20
-5.9157750787401575
11
0.8679764173228346
21
-5.909714251968504
0
LINE
8
BLACK
6
CONTINUOUS
10
0.8679764173228346
20
-5.909714251968504
11
0.8666965748031495
21
-5.9032801181102359
0
LINE
8
BLACK
6
CONTINUOUS
10
0.8666965748031495
20
-5.9032801181102359
11
0.8666965748031495
21
-5.8967198818897639
0
LINE
8
BLACK
6
CONTINUOUS
10
0.8666965748031495
20
-5.8967198818897639
11
0.8679764173228346
21
-5.8902857480314958
0
LINE
8
BLACK
6
CONTINUOUS
10
0.8679764173228346
20
-5.8902857480314958
11
0.8704868897637795
21
-5.8842249212598423
0
LINE
8
BLACK
6
CONTINUOUS
10
0.8704868897637795
20
-5.8842249212598423
11
0.8741315354330709
21
-5.8787703149606294
0
LINE
8
BLACK
6
CONTINUOUS
10
0.8741315354330709
20
-5.8787703149606294
11
0.8787703149606299
21
-5.8741315354330705
0
LINE
8
BLACK
6
CONTINUOUS
10
0.8787703149606299
20
-5.8741315354330705
11
0.8842249212598425
21
-5.8704868897637796
0
LINE
8
BLACK
6
CONTINUOUS
10
0.8842249212598425
20
-5.8704868897637796
11
0.8902857480314961
21
-5.8679764173228346
0
LINE
8
BLACK
6
CONTINUOUS
10
0.8902857480314961
20
-5.8679764173228346
11
0.8967198818897638
21
-5.8666965748031492
0
LINE
8
BLACK
6
CONTINUOUS
10
0.8967198818897638
20
-5.8666965748031492
11
0.9032801181102362
21
-5.8666965748031492
0
LINE
8
BLACK
6
CONTINUOUS
10
0.9032801181102362
20
-5.8666965748031492
11
0.9097142519685039
21
-5.8679764173228346
0
LINE
8
BLACK
6
CONTINUOUS
10
10.409714251968504
20
-5.8679764173228346
11
10.4157750787401575
21
-5.8704868897637796
0
LINE
8
BLACK
6
CONTINUOUS
10
10.4157750787401575
20
-5.8704868897637796
11
10.4212296850393695
21
-5.8741315354330705
0
LINE
8
BLACK
6
CONTINUOUS
10
10.4212296850393695
20
-5.8741315354330705
11
10.4258684645669284
21
-5.8787703149606294
0
LINE
8
BLACK
6
CONTINUOUS
10
10.4258684645669284
20
-5.8787703149606294
11
10.4295131102362202
21
-5.8842249212598423
0
LINE
8
BLACK
6
CONTINUOUS
10
10.4295131102362202
20
-5.8842249212598423
11
10.4320235826771643
21
-5.8902857480314958
0
LINE
8
BLACK
6
CONTINUOUS
10
10.4320235826771643
20
-5.8902857480314958
11
10.4333034251968506
21
-5.8967198818897639
0
LINE
8
BLACK
6
CONTINUOUS
10
10.4333034251968506
20
-5.8967198818897639
11
10.4333034251968506
21
-5.9032801181102359
0
LINE
8
BLACK
6
CONTINUOUS
10
10.4333034251968506
20
-5.9032801181102359
11
10.4320235826771643
21
-5.909714251968504
0
LINE
8
BLACK
6
CONTINUOUS
10
10.4320235826771643
20
-5.909714251968504
11
10.4295131102362202
21
-5.9157750787401575
0
LINE
8
BLACK
6
CONTINUOUS
10
10.4295131102362202
20
-5.9157750787401575
11
10.4258684645669284
21
-5.9212296850393695
0
LINE
8
BLACK
6
CONTINUOUS
10
10.4258684645669284
20
-5.9212296850393695
11
10.4212296850393695
21
-5.9258684645669293
0
LINE
8
BLACK
6
CONTINUOUS
10
10.4212296850393695
20
-5.9258684645669293
11
10.4157750787401575
21
-5.9295131102362202
0
LINE
8
BLACK
6
CONTINUOUS
10
10.4157750787401575
20
-5.9295131102362202
11
10.409714251968504
21
-5.9320235826771652
0
LINE
8
BLACK
6
CONTINUOUS
10
10.409714251968504
20
-5.9320235826771652
11
10.4032801181102368
21
-5.9333034251968506
0
LINE
8
BLACK
6
CONTINUOUS
10
10.4032801181102368
20
-5.9333034251968506
11
10.3967198818897639
21
-5.9333034251968506
0
LINE
8
BLACK
6
CONTINUOUS
10
10.3967198818897639
20
-5.9333034251968506
11
10.390285748031495
21
-5.9320235826771652
0
LINE
8
BLACK
6
CONTINUOUS
10
10.390285748031495
20
-5.9320235826771652
11
10.3842249212598414
21
-5.9295131102362202
0
LINE
8
BLACK
6
CONTINUOUS
10
10.3842249212598414
20
-5.9295131102362202
11
10.3787703149606294
21
-5.9258684645669293
0
LINE
8
BLACK
6
CONTINUOUS
10
10.3787703149606294
20
-5.9258684645669293
11
10.3741315354330705
21
-5.9212296850393695
0
LINE
8
BLACK
6
CONTINUOUS
10
10.3741315354330705
20
-5.9212296850393695
11
10.3704868897637787
21
-5.9157750787401575
0
LINE
8
BLACK
6
CONTINUOUS
10
10.3704868897637787
20
-5.9157750787401575
11
10.3679764173228346
21
-5.909714251968504
0
LINE
8
BLACK
6
CONTINUOUS
10
10.3679764173228346
20
-5.909714251968504
11
10.3666965748031501
21
-5.9032801181102359
0
LINE
8
BLACK
6
CONTINUOUS
10
10.3666965748031501
20
-5.9032801181102359
11
10.3666965748031501
21
-5.8967198818897639
0
LINE
8
BLACK
6
CONTINUOUS
10
10.3666965748031501
20
-5.8967198818897639
11
10.3679764173228346
21
-5.8902857480314958
0
LINE
8
BLACK
6
CONTINUOUS
10
10.3679764173228346
20
-5.8902857480314958
11
10.3704868897637787
21
-5.8842249212598423
0
LINE
8
BLACK
6
CONTINUOUS
10
10.3704868897637787
20
-5.8842249212598423
11
10.3741315354330705
21
-5.8787703149606294
0
LINE
8
BLACK
6
CONTINUOUS
10
10.3741315354330705
20
-5.8787703149606294
11
10.3787703149606294
21
-5.8741315354330705
0
LINE
8
BLACK
6
CONTINUOUS
10
10.3787703149606294
20
-5.8741315354330705
11
10.3842249212598414
21
-5.8704868897637796
0
LINE
8
BLACK
6
CONTINUOUS
10
10.3842249212598414
20
-5.8704868897637796
11
10.390285748031495
21
-5.8679764173228346
0
LINE
8
BLACK
6
CONTINUOUS
10
10.390285748031495
20
-5.8679764173228346
11
10.3967198818897639
21
-5.8666965748031492
0
LINE
8
BLACK
6
CONTINUOUS
10
10.3967198818897639
20
-5.8666965748031492
11
10.4032801181102368
21
-5.8666965748031492
0
LINE
8
BLACK
6
CONTINUOUS
10
10.4032801181102368
20
-5.8666965748031492
11
10.409714251968504
21
-5.8679764173228346
0
LINE
8
BLACK
6
CONTINUOUS
10
4.5581968110236222
20
-5.8736276377952752
11
4.5631881102362204
21
-5.875695078740157
0
LINE
8
BLACK
6
CONTINUOUS
10
4.5631881102362204
20
-5.875695078740157
11
4.5676801181102364
21
-5.8786965748031497
0
LINE
8
BLACK
6
CONTINUOUS
10
4.5676801181102364
20
-5.8786965748031497
11
4.5715002755905507
21
-5.8825167322834648
0
LINE
8
BLACK
6
CONTINUOUS
10
4.5715002755905507
20
-5.8825167322834648
11
4.5745017716535434
21
-5.88700874015748
0
LINE
8
BLACK
6
CONTINUOUS
10
4.5745017716535434
20
-5.88700874015748
11
4.5765692125984252
21
-5.8920000393700782
0
LINE
8
BLACK
6
CONTINUOUS
10
4.5765692125984252
20
-5.8920000393700782
11
4.5776231889763777
21
-5.8972987401574803
0
LINE
8
BLACK
6
CONTINUOUS
10
4.5776231889763777
20
-5.8972987401574803
11
4.5776231889763777
21
-5.9027012598425195
0
LINE
8
BLACK
6
CONTINUOUS
10
4.5776231889763777
20
-5.9027012598425195
11
4.5765692125984252
21
-5.9079999606299207
0
LINE
8
BLACK
6
CONTINUOUS
10
4.5765692125984252
20
-5.9079999606299207
11
4.5745017716535434
21
-5.9129912598425198
0
LINE
8
BLACK
6
CONTINUOUS
10
4.5745017716535434
20
-5.9129912598425198
11
4.5715002755905507
21
-5.917483267716535
0
LINE
8
BLACK
6
CONTINUOUS
10
4.5715002755905507
20
-5.917483267716535
11
4.5676801181102364
21
-5.9213034251968502
0
LINE
8
BLACK
6
CONTINUOUS
10
4.5676801181102364
20
-5.9213034251968502
11
4.5631881102362204
21
-5.924304921259842
0
LINE
8
BLACK
6
CONTINUOUS
10
4.5631881102362204
20
-5.924304921259842
11
4.5581968110236222
21
-5.9263723622047246
0
LINE
8
BLACK
6
CONTINUOUS
10
4.5581968110236222
20
-5.9263723622047246
11
4.55289811023622
21
-5.9274263385826771
0
LINE
8
BLACK
6
CONTINUOUS
10
4.55289811023622
20
-5.9274263385826771
11
4.5474955905511809
21
-5.9274263385826771
0
LINE
8
BLACK
6
CONTINUOUS
10
4.5474955905511809
20
-5.9274263385826771
11
4.5421968897637797
21
-5.9263723622047246
0
LINE
8
BLACK
6
CONTINUOUS
10
4.5421968897637797
20
-5.9263723622047246
11
4.5372055905511806
21
-5.924304921259842
0
LINE
8
BLACK
6
CONTINUOUS
10
4.5372055905511806
20
-5.924304921259842
11
4.5327135826771654
21
-5.9213034251968502
0
LINE
8
BLACK
6
CONTINUOUS
10
4.5327135826771654
20
-5.9213034251968502
11
4.5288934251968502
21
-5.917483267716535
0
LINE
8
BLACK
6
CONTINUOUS
10
4.5288934251968502
20
-5.917483267716535
11
4.5258919291338584
21
-5.9129912598425198
0
LINE
8
BLACK
6
CONTINUOUS
10
4.5258919291338584
20
-5.9129912598425198
11
4.5238244881889766
21
-5.9079999606299207
0
LINE
8
BLACK
6
CONTINUOUS
10
4.5238244881889766
20
-5.9079999606299207
11
4.5227705118110233
21
-5.9027012598425195
0
LINE
8
BLACK
6
CONTINUOUS
10
4.5227705118110233
20
-5.9027012598425195
11
4.5227705118110233
21
-5.8972987401574803
0
LINE
8
BLACK
6
CONTINUOUS
10
4.5227705118110233
20
-5.8972987401574803
11
4.5238244881889766
21
-5.8920000393700782
0
LINE
8
BLACK
6
CONTINUOUS
10
4.5238244881889766
20
-5.8920000393700782
11
4.5258919291338584
21
-5.88700874015748
0
LINE
8
BLACK
6
CONTINUOUS
10
4.5258919291338584
20
-5.88700874015748
11
4.5288934251968502
21
-5.8825167322834648
0
LINE
8
BLACK
6
CONTINUOUS
10
4.5288934251968502
20
-5.8825167322834648
11
4.5327135826771654
21
-5.8786965748031497
0
LINE
8
BLACK
6
CONTINUOUS
10
4.5327135826771654
20
-5.8786965748031497
11
4.5372055905511806
21
-5.875695078740157
0
LINE
8
BLACK
6
CONTINUOUS
10
4.5372055905511806
20
-5.875695078740157
11
4.5421968897637797
21
-5.8736276377952752
0
LINE
8
BLACK
6
CONTINUOUS
10
4.5421968897637797
20
-5.8736276377952752
11
4.5474955905511809
21
-5.8725736614173227
0
LINE
8
BLACK
6
CONTINUOUS
10
4.5474955905511809
20
-5.8725736614173227
11
4.55289811023622
21
-5.8725736614173227
0
LINE
8
BLACK
6
CONTINUOUS
10
4.55289811023622
20
-5.8725736614173227
11
4.5581968110236222
21
-5.8736276377952752
0
LINE
8
BLACK
6
CONTINUOUS
10
3.0581968110236222
20
-5.870478031496063
11
3.0631881102362204
21
-5.8725454724409447
0
LINE
8
BLACK
6
CONTINUOUS
10
3.0631881102362204
20
-5.8725454724409447
11
3.067680118110236
21
-5.8755469685039365
0
LINE
8
BLACK
6
CONTINUOUS
10
3.067680118110236
20
-5.8755469685039365
11
3.0715002755905512
21
-5.8793671259842517
0
LINE
8
BLACK
6
CONTINUOUS
10
3.0715002755905512
20
-5.8793671259842517
11
3.0745017716535434
21
-5.8838591338582678
0
LINE
8
BLACK
6
CONTINUOUS
10
3.0745017716535434
20
-5.8838591338582678
11
3.0765692125984252
21
-5.888850433070866
0
LINE
8
BLACK
6
CONTINUOUS
10
3.0765692125984252
20
-5.888850433070866
11
3.0776231889763781
21
-5.8941491338582672
0
LINE
8
BLACK
6
CONTINUOUS
10
3.0776231889763781
20
-5.8941491338582672
11
3.0776231889763781
21
-5.8995516535433072
0
LINE
8
BLACK
6
CONTINUOUS
10
3.0776231889763781
20
-5.8995516535433072
11
3.0765692125984252
21
-5.9048503543307085
0
LINE
8
BLACK
6
CONTINUOUS
10
3.0765692125984252
20
-5.9048503543307085
11
3.0745017716535434
21
-5.9098416535433067
0
LINE
8
BLACK
6
CONTINUOUS
10
3.0745017716535434
20
-5.9098416535433067
11
3.0715002755905512
21
-5.9143336614173228
0
LINE
8
BLACK
6
CONTINUOUS
10
3.0715002755905512
20
-5.9143336614173228
11
3.067680118110236
21
-5.9181538188976379
0
LINE
8
BLACK
6
CONTINUOUS
10
3.067680118110236
20
-5.9181538188976379
11
3.0631881102362204
21
-5.9211553149606297
0
LINE
8
BLACK
6
CONTINUOUS
10
3.0631881102362204
20
-5.9211553149606297
11
3.0581968110236222
21
-5.9232227559055115
0
LINE
8
BLACK
6
CONTINUOUS
10
3.0581968110236222
20
-5.9232227559055115
11
3.0528981102362205
21
-5.9242767322834649
0
LINE
8
BLACK
6
CONTINUOUS
10
3.0528981102362205
20
-5.9242767322834649
11
3.0474955905511809
21
-5.9242767322834649
0
LINE
8
BLACK
6
CONTINUOUS
10
3.0474955905511809
20
-5.9242767322834649
11
3.0421968897637797
21
-5.9232227559055115
0
LINE
8
BLACK
6
CONTINUOUS
10
3.0421968897637797
20
-5.9232227559055115
11
3.037205590551181
21
-5.9211553149606297
0
LINE
8
BLACK
6
CONTINUOUS
10
3.037205590551181
20
-5.9211553149606297
11
3.0327135826771654
21
-5.9181538188976379
0
LINE
8
BLACK
6
CONTINUOUS
10
3.0327135826771654
20
-5.9181538188976379
11
3.0288934251968502
21
-5.9143336614173228
0
LINE
8
BLACK
6
CONTINUOUS
10
3.0288934251968502
20
-5.9143336614173228
11
3.0258919291338584
21
-5.9098416535433067
0
LINE
8
BLACK
6
CONTINUOUS
10
3.0258919291338584
20
-5.9098416535433067
11
3.0238244881889762
21
-5.9048503543307085
0
LINE
8
BLACK
6
CONTINUOUS
10
3.0238244881889762
20
-5.9048503543307085
11
3.0227705118110237
21
-5.8995516535433072
0
LINE
8
BLACK
6
CONTINUOUS
10
3.0227705118110237
20
-5.8995516535433072
11
3.0227705118110237
21
-5.8941491338582672
0
LINE
8
BLACK
6
CONTINUOUS
10
3.0227705118110237
20
-5.8941491338582672
11
3.0238244881889762
21
-5.888850433070866
0
LINE
8
BLACK
6
CONTINUOUS
10
3.0238244881889762
20
-5.888850433070866
11
3.0258919291338584
21
-5.8838591338582678
0
LINE
8
BLACK
6
CONTINUOUS
10
3.0258919291338584
20
-5.8838591338582678
11
3.0288934251968502
21
-5.8793671259842517
0
LINE
8
BLACK
6
CONTINUOUS
10
3.0288934251968502
20
-5.8793671259842517
11
3.0327135826771654
21
-5.8755469685039365
0
LINE
8
BLACK
6
CONTINUOUS
10
3.0327135826771654
20
-5.8755469685039365
11
3.037205590551181
21
-5.8725454724409447
0
LINE
8
BLACK
6
CONTINUOUS
10
3.037205590551181
20
-5.8725454724409447
11
3.0421968897637797
21
-5.870478031496063
0
LINE
8
BLACK
6
CONTINUOUS
10
3.0421968897637797
20
-5.870478031496063
11
3.0474955905511809
21
-5.8694240551181105
0
LINE
8
BLACK
6
CONTINUOUS
10
3.0474955905511809
20
-5.8694240551181105
11
3.0528981102362205
21
-5.8694240551181105
0
LINE
8
BLACK
6
CONTINUOUS
10
3.0528981102362205
20
-5.8694240551181105
11
3.0581968110236222
21
-5.870478031496063
0
LINE
8
BLACK
6
CONTINUOUS
10
0.9097142519685039
20
-5.7679764173228349
11
0.9157750787401575
21
-5.7704868897637791
0
LINE
8
BLACK
6
CONTINUOUS
10
0.9157750787401575
20
-5.7704868897637791
11
0.9212296850393701
21
-5.7741315354330709
0
LINE
8
BLACK
6
CONTINUOUS
10
0.9212296850393701
20
-5.7741315354330709
11
0.9258684645669291
21
-5.7787703149606298
0
LINE
8
BLACK
6
CONTINUOUS
10
0.9258684645669291
20
-5.7787703149606298
11
0.9295131102362204
21
-5.7842249212598427
0
LINE
8
BLACK
6
CONTINUOUS
10
0.9295131102362204
20
-5.7842249212598427
11
0.9320235826771653
21
-5.7902857480314962
0
LINE
8
BLACK
6
CONTINUOUS
10
0.9320235826771653
20
-5.7902857480314962
11
0.9333034251968504
21
-5.7967198818897634
0
LINE
8
BLACK
6
CONTINUOUS
10
0.9333034251968504
20
-5.7967198818897634
11
0.9333034251968504
21
-5.8032801181102363
0
LINE
8
BLACK
6
CONTINUOUS
10
0.9333034251968504
20
-5.8032801181102363
11
0.9320235826771653
21
-5.8097142519685034
0
LINE
8
BLACK
6
CONTINUOUS
10
0.9320235826771653
20
-5.8097142519685034
11
0.9295131102362204
21
-5.815775078740157
0
LINE
8
BLACK
6
CONTINUOUS
10
0.9295131102362204
20
-5.815775078740157
11
0.9258684645669291
21
-5.8212296850393699
0
LINE
8
BLACK
6
CONTINUOUS
10
0.9258684645669291
20
-5.8212296850393699
11
0.9212296850393701
21
-5.8258684645669288
0
LINE
8
BLACK
6
CONTINUOUS
10
0.9212296850393701
20
-5.8258684645669288
11
0.9157750787401575
21
-5.8295131102362205
0
LINE
8
BLACK
6
CONTINUOUS
10
0.9157750787401575
20
-5.8295131102362205
11
0.9097142519685039
21
-5.8320235826771656
0
LINE
8
BLACK
6
CONTINUOUS
10
0.9097142519685039
20
-5.8320235826771656
11
0.9032801181102362
21
-5.8333034251968501
0
LINE
8
BLACK
6
CONTINUOUS
10
0.9032801181102362
20
-5.8333034251968501
11
0.8967198818897638
21
-5.8333034251968501
0
LINE
8
BLACK
6
CONTINUOUS
10
0.8967198818897638
20
-5.8333034251968501
11
0.8902857480314961
21
-5.8320235826771656
0
LINE
8
BLACK
6
CONTINUOUS
10
0.8902857480314961
20
-5.8320235826771656
11
0.8842249212598425
21
-5.8295131102362205
0
LINE
8
BLACK
6
CONTINUOUS
10
0.8842249212598425
20
-5.8295131102362205
11
0.8787703149606299
21
-5.8258684645669288
0
LINE
8
BLACK
6
CONTINUOUS
10
0.8787703149606299
20
-5.8258684645669288
11
0.8741315354330709
21
-5.8212296850393699
0
LINE
8
BLACK
6
CONTINUOUS
10
0.8741315354330709
20
-5.8212296850393699
11
0.8704868897637795
21
-5.815775078740157
0
LINE
8
BLACK
6
CONTINUOUS
10
0.8704868897637795
20
-5.815775078740157
11
0.8679764173228346
21
-5.8097142519685034
0
LINE
8
BLACK
6
CONTINUOUS
10
0.8679764173228346
20
-5.8097142519685034
11
0.8666965748031495
21
-5.8032801181102363
0
LINE
8
BLACK
6
CONTINUOUS
10
0.8666965748031495
20
-5.8032801181102363
11
0.8666965748031495
21
-5.7967198818897634
0
LINE
8
BLACK
6
CONTINUOUS
10
0.8666965748031495
20
-5.7967198818897634
11
0.8679764173228346
21
-5.7902857480314962
0
LINE
8
BLACK
6
CONTINUOUS
10
0.8679764173228346
20
-5.7902857480314962
11
0.8704868897637795
21
-5.7842249212598427
0
LINE
8
BLACK
6
CONTINUOUS
10
0.8704868897637795
20
-5.7842249212598427
11
0.8741315354330709
21
-5.7787703149606298
0
LINE
8
BLACK
6
CONTINUOUS
10
0.8741315354330709
20
-5.7787703149606298
11
0.8787703149606299
21
-5.7741315354330709
0
LINE
8
BLACK
6
CONTINUOUS
10
0.8787703149606299
20
-5.7741315354330709
11
0.8842249212598425
21
-5.7704868897637791
0
LINE
8
BLACK
6
CONTINUOUS
10
0.8842249212598425
20
-5.7704868897637791
11
0.8902857480314961
21
-5.7679764173228349
0
LINE
8
BLACK
6
CONTINUOUS
10
0.8902857480314961
20
-5.7679764173228349
11
0.8967198818897638
21
-5.7666965748031496
0
LINE
8
BLACK
6
CONTINUOUS
10
0.8967198818897638
20
-5.7666965748031496
11
0.9032801181102362
21
-5.7666965748031496
0
LINE
8
BLACK
6
CONTINUOUS
10
0.9032801181102362
20
-5.7666965748031496
11
0.9097142519685039
21
-5.7679764173228349
0
LINE
8
BLACK
6
CONTINUOUS
10
10.409714251968504
20
-5.7679764173228349
11
10.4157750787401575
21
-5.7704868897637791
0
LINE
8
BLACK
6
CONTINUOUS
10
10.4157750787401575
20
-5.7704868897637791
11
10.4212296850393695
21
-5.7741315354330709
0
LINE
8
BLACK
6
CONTINUOUS
10
10.4212296850393695
20
-5.7741315354330709
11
10.4258684645669284
21
-5.7787703149606298
0
LINE
8
BLACK
6
CONTINUOUS
10
10.4258684645669284
20
-5.7787703149606298
11
10.4295131102362202
21
-5.7842249212598427
0
LINE
8
BLACK
6
CONTINUOUS
10
10.4295131102362202
20
-5.7842249212598427
11
10.4320235826771643
21
-5.7902857480314962
0
LINE
8
BLACK
6
CONTINUOUS
10
10.4320235826771643
20
-5.7902857480314962
11
10.4333034251968506
21
-5.7967198818897634
0
LINE
8
BLACK
6
CONTINUOUS
10
10.4333034251968506
20
-5.7967198818897634
11
10.4333034251968506
21
-5.8032801181102363
0
LINE
8
BLACK
6
CONTINUOUS
10
10.4333034251968506
20
-5.8032801181102363
11
10.4320235826771643
21
-5.8097142519685034
0
LINE
8
BLACK
6
CONTINUOUS
10
10.4320235826771643
20
-5.8097142519685034
11
10.4295131102362202
21
-5.815775078740157
0
LINE
8
BLACK
6
CONTINUOUS
10
10.4295131102362202
20
-5.815775078740157
11
10.4258684645669284
21
-5.8212296850393699
0
LINE
8
BLACK
6
CONTINUOUS
10
10.4258684645669284
20
-5.8212296850393699
11
10.4212296850393695
21
-5.8258684645669288
0
LINE
8
BLACK
6
CONTINUOUS
10
10.4212296850393695
20
-5.8258684645669288
11
10.4157750787401575
21
-5.8295131102362205
0
LINE
8
BLACK
6
CONTINUOUS
10
10.4157750787401575
20
-5.8295131102362205
11
10.409714251968504
21
-5.8320235826771656
0
LINE
8
BLACK
6
CONTINUOUS
10
10.409714251968504
20
-5.8320235826771656
11
10.4032801181102368
21
-5.8333034251968501
0
LINE
8
BLACK
6
CONTINUOUS
10
10.4032801181102368
20
-5.8333034251968501
11
10.3967198818897639
21
-5.8333034251968501
0
LINE
8
BLACK
6
CONTINUOUS
10
10.3967198818897639
20
-5.8333034251968501
11
10.390285748031495
21
-5.8320235826771656
0
LINE
8
BLACK
6
CONTINUOUS
10
10.390285748031495
20
-5.8320235826771656
11
10.3842249212598414
21
-5.8295131102362205
0
LINE
8
BLACK
6
CONTINUOUS
10
10.3842249212598414
20
-5.8295131102362205
11
10.3787703149606294
21
-5.8258684645669288
0
LINE
8
BLACK
6
CONTINUOUS
10
10.3787703149606294
20
-5.8258684645669288
11
10.3741315354330705
21
-5.8212296850393699
0
LINE
8
BLACK
6
CONTINUOUS
10
10.3741315354330705
20
-5.8212296850393699
11
10.3704868897637787
21
-5.815775078740157
0
LINE
8
BLACK
6
CONTINUOUS
10
10.3704868897637787
20
-5.815775078740157
11
10.3679764173228346
21
-5.8097142519685034
0
LINE
8
BLACK
6
CONTINUOUS
10
10.3679764173228346
20
-5.8097142519685034
11
10.3666965748031501
21
-5.8032801181102363
0
LINE
8
BLACK
6
CONTINUOUS
10
10.3666965748031501
20
-5.8032801181102363
11
10.3666965748031501
21
-5.7967198818897634
0
LINE
8
BLACK
6
CONTINUOUS
10
10.3666965748031501
20
-5.7967198818897634
11
10.3679764173228346
21
-5.7902857480314962
0
LINE
8
BLACK
6
CONTINUOUS
10
10.3679764173228346
20
-5.7902857480314962
11
10.3704868897637787
21
-5.7842249212598427
0
LINE
8
BLACK
6
CONTINUOUS
10
10.3704868897637787
20
-5.7842249212598427
11
10.3741315354330705
21
-5.7787703149606298
0
LINE
8
BLACK
6
CONTINUOUS
10
10.3741315354330705
20
-5.7787703149606298
11
10.3787703149606294
21
-5.7741315354330709
0
LINE
8
BLACK
6
CONTINUOUS
10
10.3787703149606294
20
-5.7741315354330709
11
10.3842249212598414
21
-5.7704868897637791
0
LINE
8
BLACK
6
CONTINUOUS
10
10.3842249212598414
20
-5.7704868897637791
11
10.390285748031495
21
-5.7679764173228349
0
LINE
8
BLACK
6
CONTINUOUS
10
10.390285748031495
20
-5.7679764173228349
11
10.3967198818897639
21
-5.7666965748031496
0
LINE
8
BLACK
6
CONTINUOUS
10
10.3967198818897639
20
-5.7666965748031496
11
10.4032801181102368
21
-5.7666965748031496
0
LINE
8
BLACK
6
CONTINUOUS
10
10.4032801181102368
20
-5.7666965748031496
11
10.409714251968504
21
-5.7679764173228349
0
LINE
8
BLACK
6
CONTINUOUS
10
3.9593396850393701
20
-5.7698601574803146
11
3.9650439763779528
21
-5.7722229527559055
0
LINE
8
BLACK
6
CONTINUOUS
10
3.9650439763779528
20
-5.7722229527559055
11
3.9701777559055116
21
-5.7756532283464566
0
LINE
8
BLACK
6
CONTINUOUS
10
3.9701777559055116
20
-5.7756532283464566
11
3.9745436220472441
21
-5.7800190944881891
0
LINE
8
BLACK
6
CONTINUOUS
10
3.9745436220472441
20
-5.7800190944881891
11
3.9779738976377952
21
-5.7851528740157478
0
LINE
8
BLACK
6
CONTINUOUS
10
3.9779738976377952
20
-5.7851528740157478
11
3.9803366929133857
21
-5.7908571653543301
0
LINE
8
BLACK
6
CONTINUOUS
10
3.9803366929133857
20
-5.7908571653543301
11
3.9815412598425195
21
-5.7969128346456689
0
LINE
8
BLACK
6
CONTINUOUS
10
3.9815412598425195
20
-5.7969128346456689
11
3.9815412598425195
21
-5.8030871653543308
0
LINE
8
BLACK
6
CONTINUOUS
10
3.9815412598425195
20
-5.8030871653543308
11
3.9803366929133857
21
-5.8091428346456695
0
LINE
8
BLACK
6
CONTINUOUS
10
3.9803366929133857
20
-5.8091428346456695
11
3.9779738976377952
21
-5.8148471259842518
0
LINE
8
BLACK
6
CONTINUOUS
10
3.9779738976377952
20
-5.8148471259842518
11
3.9745436220472441
21
-5.8199809055118106
0
LINE
8
BLACK
6
CONTINUOUS
10
3.9745436220472441
20
-5.8199809055118106
11
3.9701777559055116
21
-5.8243467716535431
0
LINE
8
BLACK
6
CONTINUOUS
10
3.9701777559055116
20
-5.8243467716535431
11
3.9650439763779528
21
-5.8277770472440942
0
LINE
8
BLACK
6
CONTINUOUS
10
3.9650439763779528
20
-5.8277770472440942
11
3.9593396850393701
21
-5.8301398425196851
0
LINE
8
BLACK
6
CONTINUOUS
10
3.9593396850393701
20
-5.8301398425196851
11
3.9532840157480313
21
-5.8313444094488185
0
LINE
8
BLACK
6
CONTINUOUS
10
3.9532840157480313
20
-5.8313444094488185
11
3.9471096850393699
21
-5.8313444094488185
0
LINE
8
BLACK
6
CONTINUOUS
10
3.9471096850393699
20
-5.8313444094488185
11
3.9410540157480316
21
-5.8301398425196851
0
LINE
8
BLACK
6
CONTINUOUS
10
3.9410540157480316
20
-5.8301398425196851
11
3.9353497244094489
21
-5.8277770472440942
0
LINE
8
BLACK
6
CONTINUOUS
10
3.9353497244094489
20
-5.8277770472440942
11
3.9302159448818896
21
-5.8243467716535431
0
LINE
8
BLACK
6
CONTINUOUS
10
3.9302159448818896
20
-5.8243467716535431
11
3.9258500787401576
21
-5.8199809055118106
0
LINE
8
BLACK
6
CONTINUOUS
10
3.9258500787401576
20
-5.8199809055118106
11
3.922419803149606
21
-5.8148471259842518
0
LINE
8
BLACK
6
CONTINUOUS
10
3.922419803149606
20
-5.8148471259842518
11
3.9200570078740156
21
-5.8091428346456695
0
LINE
8
BLACK
6
CONTINUOUS
10
3.9200570078740156
20
-5.8091428346456695
11
3.9188524409448817
21
-5.8030871653543308
0
LINE
8
BLACK
6
CONTINUOUS
10
3.9188524409448817
20
-5.8030871653543308
11
3.9188524409448817
21
-5.7969128346456689
0
LINE
8
BLACK
6
CONTINUOUS
10
3.9188524409448817
20
-5.7969128346456689
11
3.9200570078740156
21
-5.7908571653543301
0
LINE
8
BLACK
6
CONTINUOUS
10
3.9200570078740156
20
-5.7908571653543301
11
3.922419803149606
21
-5.7851528740157478
0
LINE
8
BLACK
6
CONTINUOUS
10
3.922419803149606
20
-5.7851528740157478
11
3.9258500787401576
21
-5.7800190944881891
0
LINE
8
BLACK
6
CONTINUOUS
10
3.9258500787401576
20
-5.7800190944881891
11
3.9302159448818896
21
-5.7756532283464566
0
LINE
8
BLACK
6
CONTINUOUS
10
3.9302159448818896
20
-5.7756532283464566
11
3.9353497244094489
21
-5.7722229527559055
0
LINE
8
BLACK
6
CONTINUOUS
10
3.9353497244094489
20
-5.7722229527559055
11
3.9410540157480316
21
-5.7698601574803146
0
LINE
8
BLACK
6
CONTINUOUS
10
3.9410540157480316
20
-5.7698601574803146
11
3.9471096850393699
21
-5.7686555905511812
0
LINE
8
BLACK
6
CONTINUOUS
10
3.9471096850393699
20
-5.7686555905511812
11
3.9532840157480313
21
-5.7686555905511812
0
LINE
8
BLACK
6
CONTINUOUS
10
3.9532840157480313
20
-5.7686555905511812
11
3.9593396850393701
21
-5.7698601574803146
0
LINE
8
BLACK
6
CONTINUOUS
10
4.2593396850393699
20
-5.7698601574803146
11
4.2650439763779531
21
-5.7722229527559055
0
LINE
8
BLACK
6
CONTINUOUS
10
4.2650439763779531
20
-5.7722229527559055
11
4.2701777559055119
21
-5.7756532283464566
0
LINE
8
BLACK
6
CONTINUOUS
10
4.2701777559055119
20
-5.7756532283464566
11
4.2745436220472444
21
-5.7800190944881891
0
LINE
8
BLACK
6
CONTINUOUS
10
4.2745436220472444
20
-5.7800190944881891
11
4.2779738976377955
21
-5.7851528740157478
0
LINE
8
BLACK
6
CONTINUOUS
10
4.2779738976377955
20
-5.7851528740157478
11
4.2803366929133855
21
-5.7908571653543301
0
LINE
8
BLACK
6
CONTINUOUS
10
4.2803366929133855
20
-5.7908571653543301
11
4.2815412598425198
21
-5.7969128346456689
0
LINE
8
BLACK
6
CONTINUOUS
10
4.2815412598425198
20
-5.7969128346456689
11
4.2815412598425198
21
-5.8030871653543308
0
LINE
8
BLACK
6
CONTINUOUS
10
4.2815412598425198
20
-5.8030871653543308
11
4.2803366929133855
21
-5.8091428346456695
0
LINE
8
BLACK
6
CONTINUOUS
10
4.2803366929133855
20
-5.8091428346456695
11
4.2779738976377955
21
-5.8148471259842518
0
LINE
8
BLACK
6
CONTINUOUS
10
4.2779738976377955
20
-5.8148471259842518
11
4.2745436220472444
21
-5.8199809055118106
0
LINE
8
BLACK
6
CONTINUOUS
10
4.2745436220472444
20
-5.8199809055118106
11
4.2701777559055119
21
-5.8243467716535431
0
LINE
8
BLACK
6
CONTINUOUS
10
4.2701777559055119
20
-5.8243467716535431
11
4.2650439763779531
21
-5.8277770472440942
0
LINE
8
BLACK
6
CONTINUOUS
10
4.2650439763779531
20
-5.8277770472440942
11
4.2593396850393699
21
-5.8301398425196851
0
LINE
8
BLACK
6
CONTINUOUS
10
4.2593396850393699
20
-5.8301398425196851
11
4.2532840157480312
21
-5.8313444094488185
0
LINE
8
BLACK
6
CONTINUOUS
10
4.2532840157480312
20
-5.8313444094488185
11
4.2471096850393701
21
-5.8313444094488185
0
LINE
8
BLACK
6
CONTINUOUS
10
4.2471096850393701
20
-5.8313444094488185
11
4.2410540157480314
21
-5.8301398425196851
0
LINE
8
BLACK
6
CONTINUOUS
10
4.2410540157480314
20
-5.8301398425196851
11
4.2353497244094491
21
-5.8277770472440942
0
LINE
8
BLACK
6
CONTINUOUS
10
4.2353497244094491
20
-5.8277770472440942
11
4.2302159448818895
21
-5.8243467716535431
0
LINE
8
BLACK
6
CONTINUOUS
10
4.2302159448818895
20
-5.8243467716535431
11
4.2258500787401569
21
-5.8199809055118106
0
LINE
8
BLACK
6
CONTINUOUS
10
4.2258500787401569
20
-5.8199809055118106
11
4.2224198031496059
21
-5.8148471259842518
0
LINE
8
BLACK
6
CONTINUOUS
10
4.2224198031496059
20
-5.8148471259842518
11
4.2200570078740158
21
-5.8091428346456695
0
LINE
8
BLACK
6
CONTINUOUS
10
4.2200570078740158
20
-5.8091428346456695
11
4.2188524409448815
21
-5.8030871653543308
0
LINE
8
BLACK
6
CONTINUOUS
10
4.2188524409448815
20
-5.8030871653543308
11
4.2188524409448815
21
-5.7969128346456689
0
LINE
8
BLACK
6
CONTINUOUS
10
4.2188524409448815
20
-5.7969128346456689
11
4.2200570078740158
21
-5.7908571653543301
0
LINE
8
BLACK
6
CONTINUOUS
10
4.2200570078740158
20
-5.7908571653543301
11
4.2224198031496059
21
-5.7851528740157478
0
LINE
8
BLACK
6
CONTINUOUS
10
4.2224198031496059
20
-5.7851528740157478
11
4.2258500787401569
21
-5.7800190944881891
0
LINE
8
BLACK
6
CONTINUOUS
10
4.2258500787401569
20
-5.7800190944881891
11
4.2302159448818895
21
-5.7756532283464566
0
LINE
8
BLACK
6
CONTINUOUS
10
4.2302159448818895
20
-5.7756532283464566
11
4.2353497244094491
21
-5.7722229527559055
0
LINE
8
BLACK
6
CONTINUOUS
10
4.2353497244094491
20
-5.7722229527559055
11
4.2410540157480314
21
-5.7698601574803146
0
LINE
8
BLACK
6
CONTINUOUS
10
4.2410540157480314
20
-5.7698601574803146
11
4.2471096850393701
21
-5.7686555905511812
0
LINE
8
BLACK
6
CONTINUOUS
10
4.2471096850393701
20
-5.7686555905511812
11
4.2532840157480312
21
-5.7686555905511812
0
LINE
8
BLACK
6
CONTINUOUS
10
4.2532840157480312
20
-5.7686555905511812
11
4.2593396850393699
21
-5.7698601574803146
0
LINE
8
BLACK
6
CONTINUOUS
10
2.6797244094488186
20
-5.8295275590551183
11
2.6206692913385825
21
-5.8295275590551183
0
LINE
8
BLACK
6
CONTINUOUS
10
2.6206692913385825
20
-5.8295275590551183
11
2.6206692913385825
21
-5.7704724409448813
0
LINE
8
BLACK
6
CONTINUOUS
10
2.6206692913385825
20
-5.7704724409448813
11
2.6797244094488186
21
-5.7704724409448813
0
LINE
8
BLACK
6
CONTINUOUS
10
2.6797244094488186
20
-5.7704724409448813
11
2.6797244094488186
21
-5.8295275590551183
0
LINE
8
BLACK
6
CONTINUOUS
10
7.9079999606299207
20
-5.7736276377952755
11
7.9129912598425198
21
-5.7756950787401573
0
LINE
8
BLACK
6
CONTINUOUS
10
7.9129912598425198
20
-5.7756950787401573
11
7.917483267716535
21
-5.7786965748031491
0
LINE
8
BLACK
6
CONTINUOUS
10
7.917483267716535
20
-5.7786965748031491
11
7.9213034251968502
21
-5.7825167322834643
0
LINE
8
BLACK
6
CONTINUOUS
10
7.9213034251968502
20
-5.7825167322834643
11
7.924304921259842
21
-5.7870087401574803
0
LINE
8
BLACK
6
CONTINUOUS
10
7.924304921259842
20
-5.7870087401574803
11
7.9263723622047246
21
-5.7920000393700786
0
LINE
8
BLACK
6
CONTINUOUS
10
7.9263723622047246
20
-5.7920000393700786
11
7.9274263385826771
21
-5.7972987401574798
0
LINE
8
BLACK
6
CONTINUOUS
10
7.9274263385826771
20
-5.7972987401574798
11
7.9274263385826771
21
-5.8027012598425198
0
LINE
8
BLACK
6
CONTINUOUS
10
7.9274263385826771
20
-5.8027012598425198
11
7.9263723622047246
21
-5.8079999606299211
0
LINE
8
BLACK
6
CONTINUOUS
10
7.9263723622047246
20
-5.8079999606299211
11
7.924304921259842
21
-5.8129912598425193
0
LINE
8
BLACK
6
CONTINUOUS
10
7.924304921259842
20
-5.8129912598425193
11
7.9213034251968502
21
-5.8174832677165353
0
LINE
8
BLACK
6
CONTINUOUS
10
7.9213034251968502
20
-5.8174832677165353
11
7.917483267716535
21
-5.8213034251968505
0
LINE
8
BLACK
6
CONTINUOUS
10
7.917483267716535
20
-5.8213034251968505
11
7.9129912598425198
21
-5.8243049212598423
0
LINE
8
BLACK
6
CONTINUOUS
10
7.9129912598425198
20
-5.8243049212598423
11
7.9079999606299207
21
-5.8263723622047241
0
LINE
8
BLACK
6
CONTINUOUS
10
7.9079999606299207
20
-5.8263723622047241
11
7.9027012598425195
21
-5.8274263385826774
0
LINE
8
BLACK
6
CONTINUOUS
10
7.9027012598425195
20
-5.8274263385826774
11
7.8972987401574803
21
-5.8274263385826774
0
LINE
8
BLACK
6
CONTINUOUS
10
7.8972987401574803
20
-5.8274263385826774
11
7.8920000393700782
21
-5.8263723622047241
0
LINE
8
BLACK
6
CONTINUOUS
10
7.8920000393700782
20
-5.8263723622047241
11
7.88700874015748
21
-5.8243049212598423
0
LINE
8
BLACK
6
CONTINUOUS
10
7.88700874015748
20
-5.8243049212598423
11
7.8825167322834639
21
-5.8213034251968505
0
LINE
8
BLACK
6
CONTINUOUS
10
7.8825167322834639
20
-5.8213034251968505
11
7.8786965748031497
21
-5.8174832677165353
0
LINE
8
BLACK
6
CONTINUOUS
10
7.8786965748031497
20
-5.8174832677165353
11
7.875695078740157
21
-5.8129912598425193
0
LINE
8
BLACK
6
CONTINUOUS
10
7.875695078740157
20
-5.8129912598425193
11
7.8736276377952752
21
-5.8079999606299211
0
LINE
8
BLACK
6
CONTINUOUS
10
7.8736276377952752
20
-5.8079999606299211
11
7.8725736614173227
21
-5.8027012598425198
0
LINE
8
BLACK
6
CONTINUOUS
10
7.8725736614173227
20
-5.8027012598425198
11
7.8725736614173227
21
-5.7972987401574798
0
LINE
8
BLACK
6
CONTINUOUS
10
7.8725736614173227
20
-5.7972987401574798
11
7.8736276377952752
21
-5.7920000393700786
0
LINE
8
BLACK
6
CONTINUOUS
10
7.8736276377952752
20
-5.7920000393700786
11
7.875695078740157
21
-5.7870087401574803
0
LINE
8
BLACK
6
CONTINUOUS
10
7.875695078740157
20
-5.7870087401574803
11
7.8786965748031497
21
-5.7825167322834643
0
LINE
8
BLACK
6
CONTINUOUS
10
7.8786965748031497
20
-5.7825167322834643
11
7.8825167322834639
21
-5.7786965748031491
0
LINE
8
BLACK
6
CONTINUOUS
10
7.8825167322834639
20
-5.7786965748031491
11
7.88700874015748
21
-5.7756950787401573
0
LINE
8
BLACK
6
CONTINUOUS
10
7.88700874015748
20
-5.7756950787401573
11
7.8920000393700782
21
-5.7736276377952755
0
LINE
8
BLACK
6
CONTINUOUS
10
7.8920000393700782
20
-5.7736276377952755
11
7.8972987401574803
21
-5.7725736614173231
0
LINE
8
BLACK
6
CONTINUOUS
10
7.8972987401574803
20
-5.7725736614173231
11
7.9027012598425195
21
-5.7725736614173231
0
LINE
8
BLACK
6
CONTINUOUS
10
7.9027012598425195
20
-5.7725736614173231
11
7.9079999606299207
21
-5.7736276377952755
0
LINE
8
BLACK
6
CONTINUOUS
10
8.3079999606299211
20
-5.7736276377952755
11
8.3129912598425193
21
-5.7756950787401573
0
LINE
8
BLACK
6
CONTINUOUS
10
8.3129912598425193
20
-5.7756950787401573
11
8.3174832677165345
21
-5.7786965748031491
0
LINE
8
BLACK
6
CONTINUOUS
10
8.3174832677165345
20
-5.7786965748031491
11
8.3213034251968505
21
-5.7825167322834643
0
LINE
8
BLACK
6
CONTINUOUS
10
8.3213034251968505
20
-5.7825167322834643
11
8.3243049212598414
21
-5.7870087401574803
0
LINE
8
BLACK
6
CONTINUOUS
10
8.3243049212598414
20
-5.7870087401574803
11
8.3263723622047241
21
-5.7920000393700786
0
LINE
8
BLACK
6
CONTINUOUS
10
8.3263723622047241
20
-5.7920000393700786
11
8.3274263385826774
21
-5.7972987401574798
0
LINE
8
BLACK
6
CONTINUOUS
10
8.3274263385826774
20
-5.7972987401574798
11
8.3274263385826774
21
-5.8027012598425198
0
LINE
8
BLACK
6
CONTINUOUS
10
8.3274263385826774
20
-5.8027012598425198
11
8.3263723622047241
21
-5.8079999606299211
0
LINE
8
BLACK
6
CONTINUOUS
10
8.3263723622047241
20
-5.8079999606299211
11
8.3243049212598414
21
-5.8129912598425193
0
LINE
8
BLACK
6
CONTINUOUS
10
8.3243049212598414
20
-5.8129912598425193
11
8.3213034251968505
21
-5.8174832677165353
0
LINE
8
BLACK
6
CONTINUOUS
10
8.3213034251968505
20
-5.8174832677165353
11
8.3174832677165345
21
-5.8213034251968505
0
LINE
8
BLACK
6
CONTINUOUS
10
8.3174832677165345
20
-5.8213034251968505
11
8.3129912598425193
21
-5.8243049212598423
0
LINE
8
BLACK
6
CONTINUOUS
10
8.3129912598425193
20
-5.8243049212598423
11
8.3079999606299211
21
-5.8263723622047241
0
LINE
8
BLACK
6
CONTINUOUS
10
8.3079999606299211
20
-5.8263723622047241
11
8.3027012598425198
21
-5.8274263385826774
0
LINE
8
BLACK
6
CONTINUOUS
10
8.3027012598425198
20
-5.8274263385826774
11
8.2972987401574798
21
-5.8274263385826774
0
LINE
8
BLACK
6
CONTINUOUS
10
8.2972987401574798
20
-5.8274263385826774
11
8.2920000393700786
21
-5.8263723622047241
0
LINE
8
BLACK
6
CONTINUOUS
10
8.2920000393700786
20
-5.8263723622047241
11
8.2870087401574803
21
-5.8243049212598423
0
LINE
8
BLACK
6
CONTINUOUS
10
8.2870087401574803
20
-5.8243049212598423
11
8.2825167322834652
21
-5.8213034251968505
0
LINE
8
BLACK
6
CONTINUOUS
10
8.2825167322834652
20
-5.8213034251968505
11
8.2786965748031491
21
-5.8174832677165353
0
LINE
8
BLACK
6
CONTINUOUS
10
8.2786965748031491
20
-5.8174832677165353
11
8.2756950787401564
21
-5.8129912598425193
0
LINE
8
BLACK
6
CONTINUOUS
10
8.2756950787401564
20
-5.8129912598425193
11
8.2736276377952755
21
-5.8079999606299211
0
LINE
8
BLACK
6
CONTINUOUS
10
8.2736276377952755
20
-5.8079999606299211
11
8.2725736614173222
21
-5.8027012598425198
0
LINE
8
BLACK
6
CONTINUOUS
10
8.2725736614173222
20
-5.8027012598425198
11
8.2725736614173222
21
-5.7972987401574798
0
LINE
8
BLACK
6
CONTINUOUS
10
8.2725736614173222
20
-5.7972987401574798
11
8.2736276377952755
21
-5.7920000393700786
0
LINE
8
BLACK
6
CONTINUOUS
10
8.2736276377952755
20
-5.7920000393700786
11
8.2756950787401564
21
-5.7870087401574803
0
LINE
8
BLACK
6
CONTINUOUS
10
8.2756950787401564
20
-5.7870087401574803
11
8.2786965748031491
21
-5.7825167322834643
0
LINE
8
BLACK
6
CONTINUOUS
10
8.2786965748031491
20
-5.7825167322834643
11
8.2825167322834652
21
-5.7786965748031491
0
LINE
8
BLACK
6
CONTINUOUS
10
8.2825167322834652
20
-5.7786965748031491
11
8.2870087401574803
21
-5.7756950787401573
0
LINE
8
BLACK
6
CONTINUOUS
10
8.2870087401574803
20
-5.7756950787401573
11
8.2920000393700786
21
-5.7736276377952755
0
LINE
8
BLACK
6
CONTINUOUS
10
8.2920000393700786
20
-5.7736276377952755
11
8.2972987401574798
21
-5.7725736614173231
0
LINE
8
BLACK
6
CONTINUOUS
10
8.2972987401574798
20
-5.7725736614173231
11
8.3027012598425198
21
-5.7725736614173231
0
LINE
8
BLACK
6
CONTINUOUS
10
8.3027012598425198
20
-5.7725736614173231
11
8.3079999606299211
21
-5.7736276377952755
0
LINE
8
BLACK
6
CONTINUOUS
10
0.9097142519685039
20
-5.6679764173228344
11
0.9157750787401575
21
-5.6704868897637795
0
LINE
8
BLACK
6
CONTINUOUS
10
0.9157750787401575
20
-5.6704868897637795
11
0.9212296850393701
21
-5.6741315354330704
0
LINE
8
BLACK
6
CONTINUOUS
10
0.9212296850393701
20
-5.6741315354330704
11
0.9258684645669291
21
-5.6787703149606301
0
LINE
8
BLACK
6
CONTINUOUS
10
0.9258684645669291
20
-5.6787703149606301
11
0.9295131102362204
21
-5.6842249212598421
0
LINE
8
BLACK
6
CONTINUOUS
10
0.9295131102362204
20
-5.6842249212598421
11
0.9320235826771653
21
-5.6902857480314957
0
LINE
8
BLACK
6
CONTINUOUS
10
0.9320235826771653
20
-5.6902857480314957
11
0.9333034251968504
21
-5.6967198818897637
0
LINE
8
BLACK
6
CONTINUOUS
10
0.9333034251968504
20
-5.6967198818897637
11
0.9333034251968504
21
-5.7032801181102357
0
LINE
8
BLACK
6
CONTINUOUS
10
0.9333034251968504
20
-5.7032801181102357
11
0.9320235826771653
21
-5.7097142519685038
0
LINE
8
BLACK
6
CONTINUOUS
10
0.9320235826771653
20
-5.7097142519685038
11
0.9295131102362204
21
-5.7157750787401573
0
LINE
8
BLACK
6
CONTINUOUS
10
0.9295131102362204
20
-5.7157750787401573
11
0.9258684645669291
21
-5.7212296850393702
0
LINE
8
BLACK
6
CONTINUOUS
10
0.9258684645669291
20
-5.7212296850393702
11
0.9212296850393701
21
-5.7258684645669291
0
LINE
8
BLACK
6
CONTINUOUS
10
0.9212296850393701
20
-5.7258684645669291
11
0.9157750787401575
21
-5.72951311023622
0
LINE
8
BLACK
6
CONTINUOUS
10
0.9157750787401575
20
-5.72951311023622
11
0.9097142519685039
21
-5.7320235826771651
0
LINE
8
BLACK
6
CONTINUOUS
10
0.9097142519685039
20
-5.7320235826771651
11
0.9032801181102362
21
-5.7333034251968504
0
LINE
8
BLACK
6
CONTINUOUS
10
0.9032801181102362
20
-5.7333034251968504
11
0.8967198818897638
21
-5.7333034251968504
0
LINE
8
BLACK
6
CONTINUOUS
10
0.8967198818897638
20
-5.7333034251968504
11
0.8902857480314961
21
-5.7320235826771651
0
LINE
8
BLACK
6
CONTINUOUS
10
0.8902857480314961
20
-5.7320235826771651
11
0.8842249212598425
21
-5.72951311023622
0
LINE
8
BLACK
6
CONTINUOUS
10
0.8842249212598425
20
-5.72951311023622
11
0.8787703149606299
21
-5.7258684645669291
0
LINE
8
BLACK
6
CONTINUOUS
10
0.8787703149606299
20
-5.7258684645669291
11
0.8741315354330709
21
-5.7212296850393702
0
LINE
8
BLACK
6
CONTINUOUS
10
0.8741315354330709
20
-5.7212296850393702
11
0.8704868897637795
21
-5.7157750787401573
0
LINE
8
BLACK
6
CONTINUOUS
10
0.8704868897637795
20
-5.7157750787401573
11
0.8679764173228346
21
-5.7097142519685038
0
LINE
8
BLACK
6
CONTINUOUS
10
0.8679764173228346
20
-5.7097142519685038
11
0.8666965748031495
21
-5.7032801181102357
0
LINE
8
BLACK
6
CONTINUOUS
10
0.8666965748031495
20
-5.7032801181102357
11
0.8666965748031495
21
-5.6967198818897637
0
LINE
8
BLACK
6
CONTINUOUS
10
0.8666965748031495
20
-5.6967198818897637
11
0.8679764173228346
21
-5.6902857480314957
0
LINE
8
BLACK
6
CONTINUOUS
10
0.8679764173228346
20
-5.6902857480314957
11
0.8704868897637795
21
-5.6842249212598421
0
LINE
8
BLACK
6
CONTINUOUS
10
0.8704868897637795
20
-5.6842249212598421
11
0.8741315354330709
21
-5.6787703149606301
0
LINE
8
BLACK
6
CONTINUOUS
10
0.8741315354330709
20
-5.6787703149606301
11
0.8787703149606299
21
-5.6741315354330704
0
LINE
8
BLACK
6
CONTINUOUS
10
0.8787703149606299
20
-5.6741315354330704
11
0.8842249212598425
21
-5.6704868897637795
0
LINE
8
BLACK
6
CONTINUOUS
10
0.8842249212598425
20
-5.6704868897637795
11
0.8902857480314961
21
-5.6679764173228344
0
LINE
8
BLACK
6
CONTINUOUS
10
0.8902857480314961
20
-5.6679764173228344
11
0.8967198818897638
21
-5.666696574803149
0
LINE
8
BLACK
6
CONTINUOUS
10
0.8967198818897638
20
-5.666696574803149
11
0.9032801181102362
21
-5.666696574803149
0
LINE
8
BLACK
6
CONTINUOUS
10
0.9032801181102362
20
-5.666696574803149
11
0.9097142519685039
21
-5.6679764173228344
0
LINE
8
BLACK
6
CONTINUOUS
10
8.8097142519685043
20
-5.6679764173228344
11
8.8157750787401579
21
-5.6704868897637795
0
LINE
8
BLACK
6
CONTINUOUS
10
8.8157750787401579
20
-5.6704868897637795
11
8.8212296850393699
21
-5.6741315354330704
0
LINE
8
BLACK
6
CONTINUOUS
10
8.8212296850393699
20
-5.6741315354330704
11
8.8258684645669288
21
-5.6787703149606301
0
LINE
8
BLACK
6
CONTINUOUS
10
8.8258684645669288
20
-5.6787703149606301
11
8.8295131102362205
21
-5.6842249212598421
0
LINE
8
BLACK
6
CONTINUOUS
10
8.8295131102362205
20
-5.6842249212598421
11
8.8320235826771647
21
-5.6902857480314957
0
LINE
8
BLACK
6
CONTINUOUS
10
8.8320235826771647
20
-5.6902857480314957
11
8.833303425196851
21
-5.6967198818897637
0
LINE
8
BLACK
6
CONTINUOUS
10
8.833303425196851
20
-5.6967198818897637
11
8.833303425196851
21
-5.7032801181102357
0
LINE
8
BLACK
6
CONTINUOUS
10
8.833303425196851
20
-5.7032801181102357
11
8.8320235826771647
21
-5.7097142519685038
0
LINE
8
BLACK
6
CONTINUOUS
10
8.8320235826771647
20
-5.7097142519685038
11
8.8295131102362205
21
-5.7157750787401573
0
LINE
8
BLACK
6
CONTINUOUS
10
8.8295131102362205
20
-5.7157750787401573
11
8.8258684645669288
21
-5.7212296850393702
0
LINE
8
BLACK
6
CONTINUOUS
10
8.8258684645669288
20
-5.7212296850393702
11
8.8212296850393699
21
-5.7258684645669291
0
LINE
8
BLACK
6
CONTINUOUS
10
8.8212296850393699
20
-5.7258684645669291
11
8.8157750787401579
21
-5.72951311023622
0
LINE
8
BLACK
6
CONTINUOUS
10
8.8157750787401579
20
-5.72951311023622
11
8.8097142519685043
21
-5.7320235826771651
0
LINE
8
BLACK
6
CONTINUOUS
10
8.8097142519685043
20
-5.7320235826771651
11
8.8032801181102354
21
-5.7333034251968504
0
LINE
8
BLACK
6
CONTINUOUS
10
8.8032801181102354
20
-5.7333034251968504
11
8.7967198818897643
21
-5.7333034251968504
0
LINE
8
BLACK
6
CONTINUOUS
10
8.7967198818897643
20
-5.7333034251968504
11
8.7902857480314953
21
-5.7320235826771651
0
LINE
8
BLACK
6
CONTINUOUS
10
8.7902857480314953
20
-5.7320235826771651
11
8.7842249212598418
21
-5.72951311023622
0
LINE
8
BLACK
6
CONTINUOUS
10
8.7842249212598418
20
-5.72951311023622
11
8.7787703149606298
21
-5.7258684645669291
0
LINE
8
BLACK
6
CONTINUOUS
10
8.7787703149606298
20
-5.7258684645669291
11
8.7741315354330709
21
-5.7212296850393702
0
LINE
8
BLACK
6
CONTINUOUS
10
8.7741315354330709
20
-5.7212296850393702
11
8.7704868897637791
21
-5.7157750787401573
0
LINE
8
BLACK
6
CONTINUOUS
10
8.7704868897637791
20
-5.7157750787401573
11
8.7679764173228349
21
-5.7097142519685038
0
LINE
8
BLACK
6
CONTINUOUS
10
8.7679764173228349
20
-5.7097142519685038
11
8.7666965748031487
21
-5.7032801181102357
0
LINE
8
BLACK
6
CONTINUOUS
10
8.7666965748031487
20
-5.7032801181102357
11
8.7666965748031487
21
-5.6967198818897637
0
LINE
8
BLACK
6
CONTINUOUS
10
8.7666965748031487
20
-5.6967198818897637
11
8.7679764173228349
21
-5.6902857480314957
0
LINE
8
BLACK
6
CONTINUOUS
10
8.7679764173228349
20
-5.6902857480314957
11
8.7704868897637791
21
-5.6842249212598421
0
LINE
8
BLACK
6
CONTINUOUS
10
8.7704868897637791
20
-5.6842249212598421
11
8.7741315354330709
21
-5.6787703149606301
0
LINE
8
BLACK
6
CONTINUOUS
10
8.7741315354330709
20
-5.6787703149606301
11
8.7787703149606298
21
-5.6741315354330704
0
LINE
8
BLACK
6
CONTINUOUS
10
8.7787703149606298
20
-5.6741315354330704
11
8.7842249212598418
21
-5.6704868897637795
0
LINE
8
BLACK
6
CONTINUOUS
10
8.7842249212598418
20
-5.6704868897637795
11
8.7902857480314953
21
-5.6679764173228344
0
LINE
8
BLACK
6
CONTINUOUS
10
8.7902857480314953
20
-5.6679764173228344
11
8.7967198818897643
21
-5.666696574803149
0
LINE
8
BLACK
6
CONTINUOUS
10
8.7967198818897643
20
-5.666696574803149
11
8.8032801181102354
21
-5.666696574803149
0
LINE
8
BLACK
6
CONTINUOUS
10
8.8032801181102354
20
-5.666696574803149
11
8.8097142519685043
21
-5.6679764173228344
0
LINE
8
BLACK
6
CONTINUOUS
10
8.909714251968504
20
-5.6679764173228344
11
8.9157750787401575
21
-5.6704868897637795
0
LINE
8
BLACK
6
CONTINUOUS
10
8.9157750787401575
20
-5.6704868897637795
11
8.9212296850393695
21
-5.6741315354330704
0
LINE
8
BLACK
6
CONTINUOUS
10
8.9212296850393695
20
-5.6741315354330704
11
8.9258684645669284
21
-5.6787703149606301
0
LINE
8
BLACK
6
CONTINUOUS
10
8.9258684645669284
20
-5.6787703149606301
11
8.9295131102362202
21
-5.6842249212598421
0
LINE
8
BLACK
6
CONTINUOUS
10
8.9295131102362202
20
-5.6842249212598421
11
8.9320235826771643
21
-5.6902857480314957
0
LINE
8
BLACK
6
CONTINUOUS
10
8.9320235826771643
20
-5.6902857480314957
11
8.9333034251968506
21
-5.6967198818897637
0
LINE
8
BLACK
6
CONTINUOUS
10
8.9333034251968506
20
-5.6967198818897637
11
8.9333034251968506
21
-5.7032801181102357
0
LINE
8
BLACK
6
CONTINUOUS
10
8.9333034251968506
20
-5.7032801181102357
11
8.9320235826771643
21
-5.7097142519685038
0
LINE
8
BLACK
6
CONTINUOUS
10
8.9320235826771643
20
-5.7097142519685038
11
8.9295131102362202
21
-5.7157750787401573
0
LINE
8
BLACK
6
CONTINUOUS
10
8.9295131102362202
20
-5.7157750787401573
11
8.9258684645669284
21
-5.7212296850393702
0
LINE
8
BLACK
6
CONTINUOUS
10
8.9258684645669284
20
-5.7212296850393702
11
8.9212296850393695
21
-5.7258684645669291
0
LINE
8
BLACK
6
CONTINUOUS
10
8.9212296850393695
20
-5.7258684645669291
11
8.9157750787401575
21
-5.72951311023622
0
LINE
8
BLACK
6
CONTINUOUS
10
8.9157750787401575
20
-5.72951311023622
11
8.909714251968504
21
-5.7320235826771651
0
LINE
8
BLACK
6
CONTINUOUS
10
8.909714251968504
20
-5.7320235826771651
11
8.9032801181102368
21
-5.7333034251968504
0
LINE
8
BLACK
6
CONTINUOUS
10
8.9032801181102368
20
-5.7333034251968504
11
8.8967198818897639
21
-5.7333034251968504
0
LINE
8
BLACK
6
CONTINUOUS
10
8.8967198818897639
20
-5.7333034251968504
11
8.8902857480314967
21
-5.7320235826771651
0
LINE
8
BLACK
6
CONTINUOUS
10
8.8902857480314967
20
-5.7320235826771651
11
8.8842249212598432
21
-5.72951311023622
0
LINE
8
BLACK
6
CONTINUOUS
10
8.8842249212598432
20
-5.72951311023622
11
8.8787703149606294
21
-5.7258684645669291
0
LINE
8
BLACK
6
CONTINUOUS
10
8.8787703149606294
20
-5.7258684645669291
11
8.8741315354330705
21
-5.7212296850393702
0
LINE
8
BLACK
6
CONTINUOUS
10
8.8741315354330705
20
-5.7212296850393702
11
8.8704868897637787
21
-5.7157750787401573
0
LINE
8
BLACK
6
CONTINUOUS
10
8.8704868897637787
20
-5.7157750787401573
11
8.8679764173228346
21
-5.7097142519685038
0
LINE
8
BLACK
6
CONTINUOUS
10
8.8679764173228346
20
-5.7097142519685038
11
8.8666965748031501
21
-5.7032801181102357
0
LINE
8
BLACK
6
CONTINUOUS
10
8.8666965748031501
20
-5.7032801181102357
11
8.8666965748031501
21
-5.6967198818897637
0
LINE
8
BLACK
6
CONTINUOUS
10
8.8666965748031501
20
-5.6967198818897637
11
8.8679764173228346
21
-5.6902857480314957
0
LINE
8
BLACK
6
CONTINUOUS
10
8.8679764173228346
20
-5.6902857480314957
11
8.8704868897637787
21
-5.6842249212598421
0
LINE
8
BLACK
6
CONTINUOUS
10
8.8704868897637787
20
-5.6842249212598421
11
8.8741315354330705
21
-5.6787703149606301
0
LINE
8
BLACK
6
CONTINUOUS
10
8.8741315354330705
20
-5.6787703149606301
11
8.8787703149606294
21
-5.6741315354330704
0
LINE
8
BLACK
6
CONTINUOUS
10
8.8787703149606294
20
-5.6741315354330704
11
8.8842249212598432
21
-5.6704868897637795
0
LINE
8
BLACK
6
CONTINUOUS
10
8.8842249212598432
20
-5.6704868897637795
11
8.8902857480314967
21
-5.6679764173228344
0
LINE
8
BLACK
6
CONTINUOUS
10
8.8902857480314967
20
-5.6679764173228344
11
8.8967198818897639
21
-5.666696574803149
0
LINE
8
BLACK
6
CONTINUOUS
10
8.8967198818897639
20
-5.666696574803149
11
8.9032801181102368
21
-5.666696574803149
0
LINE
8
BLACK
6
CONTINUOUS
10
8.9032801181102368
20
-5.666696574803149
11
8.909714251968504
21
-5.6679764173228344
0
LINE
8
BLACK
6
CONTINUOUS
10
10.409714251968504
20
-5.6679764173228344
11
10.4157750787401575
21
-5.6704868897637795
0
LINE
8
BLACK
6
CONTINUOUS
10
10.4157750787401575
20
-5.6704868897637795
11
10.4212296850393695
21
-5.6741315354330704
0
LINE
8
BLACK
6
CONTINUOUS
10
10.4212296850393695
20
-5.6741315354330704
11
10.4258684645669284
21
-5.6787703149606301
0
LINE
8
BLACK
6
CONTINUOUS
10
10.4258684645669284
20
-5.6787703149606301
11
10.4295131102362202
21
-5.6842249212598421
0
LINE
8
BLACK
6
CONTINUOUS
10
10.4295131102362202
20
-5.6842249212598421
11
10.4320235826771643
21
-5.6902857480314957
0
LINE
8
BLACK
6
CONTINUOUS
10
10.4320235826771643
20
-5.6902857480314957
11
10.4333034251968506
21
-5.6967198818897637
0
LINE
8
BLACK
6
CONTINUOUS
10
10.4333034251968506
20
-5.6967198818897637
11
10.4333034251968506
21
-5.7032801181102357
0
LINE
8
BLACK
6
CONTINUOUS
10
10.4333034251968506
20
-5.7032801181102357
11
10.4320235826771643
21
-5.7097142519685038
0
LINE
8
BLACK
6
CONTINUOUS
10
10.4320235826771643
20
-5.7097142519685038
11
10.4295131102362202
21
-5.7157750787401573
0
LINE
8
BLACK
6
CONTINUOUS
10
10.4295131102362202
20
-5.7157750787401573
11
10.4258684645669284
21
-5.7212296850393702
0
LINE
8
BLACK
6
CONTINUOUS
10
10.4258684645669284
20
-5.7212296850393702
11
10.4212296850393695
21
-5.7258684645669291
0
LINE
8
BLACK
6
CONTINUOUS
10
10.4212296850393695
20
-5.7258684645669291
11
10.4157750787401575
21
-5.72951311023622
0
LINE
8
BLACK
6
CONTINUOUS
10
10.4157750787401575
20
-5.72951311023622
11
10.409714251968504
21
-5.7320235826771651
0
LINE
8
BLACK
6
CONTINUOUS
10
10.409714251968504
20
-5.7320235826771651
11
10.4032801181102368
21
-5.7333034251968504
0
LINE
8
BLACK
6
CONTINUOUS
10
10.4032801181102368
20
-5.7333034251968504
11
10.3967198818897639
21
-5.7333034251968504
0
LINE
8
BLACK
6
CONTINUOUS
10
10.3967198818897639
20
-5.7333034251968504
11
10.390285748031495
21
-5.7320235826771651
0
LINE
8
BLACK
6
CONTINUOUS
10
10.390285748031495
20
-5.7320235826771651
11
10.3842249212598414
21
-5.72951311023622
0
LINE
8
BLACK
6
CONTINUOUS
10
10.3842249212598414
20
-5.72951311023622
11
10.3787703149606294
21
-5.7258684645669291
0
LINE
8
BLACK
6
CONTINUOUS
10
10.3787703149606294
20
-5.7258684645669291
11
10.3741315354330705
21
-5.7212296850393702
0
LINE
8
BLACK
6
CONTINUOUS
10
10.3741315354330705
20
-5.7212296850393702
11
10.3704868897637787
21
-5.7157750787401573
0
LINE
8
BLACK
6
CONTINUOUS
10
10.3704868897637787
20
-5.7157750787401573
11
10.3679764173228346
21
-5.7097142519685038
0
LINE
8
BLACK
6
CONTINUOUS
10
10.3679764173228346
20
-5.7097142519685038
11
10.3666965748031501
21
-5.7032801181102357
0
LINE
8
BLACK
6
CONTINUOUS
10
10.3666965748031501
20
-5.7032801181102357
11
10.3666965748031501
21
-5.6967198818897637
0
LINE
8
BLACK
6
CONTINUOUS
10
10.3666965748031501
20
-5.6967198818897637
11
10.3679764173228346
21
-5.6902857480314957
0
LINE
8
BLACK
6
CONTINUOUS
10
10.3679764173228346
20
-5.6902857480314957
11
10.3704868897637787
21
-5.6842249212598421
0
LINE
8
BLACK
6
CONTINUOUS
10
10.3704868897637787
20
-5.6842249212598421
11
10.3741315354330705
21
-5.6787703149606301
0
LINE
8
BLACK
6
CONTINUOUS
10
10.3741315354330705
20
-5.6787703149606301
11
10.3787703149606294
21
-5.6741315354330704
0
LINE
8
BLACK
6
CONTINUOUS
10
10.3787703149606294
20
-5.6741315354330704
11
10.3842249212598414
21
-5.6704868897637795
0
LINE
8
BLACK
6
CONTINUOUS
10
10.3842249212598414
20
-5.6704868897637795
11
10.390285748031495
21
-5.6679764173228344
0
LINE
8
BLACK
6
CONTINUOUS
10
10.390285748031495
20
-5.6679764173228344
11
10.3967198818897639
21
-5.666696574803149
0
LINE
8
BLACK
6
CONTINUOUS
10
10.3967198818897639
20
-5.666696574803149
11
10.4032801181102368
21
-5.666696574803149
0
LINE
8
BLACK
6
CONTINUOUS
10
10.4032801181102368
20
-5.666696574803149
11
10.409714251968504
21
-5.6679764173228344
0
LINE
8
BLACK
6
CONTINUOUS
10
2.6587682677165354
20
-5.6717438976377954
11
2.6641160629921261
21
-5.6739590157480313
0
LINE
8
BLACK
6
CONTINUOUS
10
2.6641160629921261
20
-5.6739590157480313
11
2.6689289370078741
21
-5.6771748818897638
0
LINE
8
BLACK
6
CONTINUOUS
10
2.6689289370078741
20
-5.6771748818897638
11
2.6730219685039369
21
-5.6812679133858266
0
LINE
8
BLACK
6
CONTINUOUS
10
2.6730219685039369
20
-5.6812679133858266
11
2.6762378346456694
21
-5.6860807874015746
0
LINE
8
BLACK
6
CONTINUOUS
10
2.6762378346456694
20
-5.6860807874015746
11
2.6784529527559053
21
-5.6914285826771653
0
LINE
8
BLACK
6
CONTINUOUS
10
2.6784529527559053
20
-5.6914285826771653
11
2.6795822440944881
21
-5.6971057874015747
0
LINE
8
BLACK
6
CONTINUOUS
10
2.6795822440944881
20
-5.6971057874015747
11
2.6795822440944881
21
-5.7028942125984248
0
LINE
8
BLACK
6
CONTINUOUS
10
2.6795822440944881
20
-5.7028942125984248
11
2.6784529527559053
21
-5.7085714173228341
0
LINE
8
BLACK
6
CONTINUOUS
10
2.6784529527559053
20
-5.7085714173228341
11
2.6762378346456694
21
-5.7139192125984248
0
LINE
8
BLACK
6
CONTINUOUS
10
2.6762378346456694
20
-5.7139192125984248
11
2.6730219685039369
21
-5.7187320866141729
0
LINE
8
BLACK
6
CONTINUOUS
10
2.6730219685039369
20
-5.7187320866141729
11
2.6689289370078741
21
-5.7228251181102365
0
LINE
8
BLACK
6
CONTINUOUS
10
2.6689289370078741
20
-5.7228251181102365
11
2.6641160629921261
21
-5.7260409842519682
0
LINE
8
BLACK
6
CONTINUOUS
10
2.6641160629921261
20
-5.7260409842519682
11
2.6587682677165354
21
-5.7282561023622049
0
LINE
8
BLACK
6
CONTINUOUS
10
2.6587682677165354
20
-5.7282561023622049
11
2.653091062992126
21
-5.7293853937007873
0
LINE
8
BLACK
6
CONTINUOUS
10
2.653091062992126
20
-5.7293853937007873
11
2.6473026377952755
21
-5.7293853937007873
0
LINE
8
BLACK
6
CONTINUOUS
10
2.6473026377952755
20
-5.7293853937007873
11
2.6416254330708662
21
-5.7282561023622049
0
LINE
8
BLACK
6
CONTINUOUS
10
2.6416254330708662
20
-5.7282561023622049
11
2.6362776377952755
21
-5.7260409842519682
0
LINE
8
BLACK
6
CONTINUOUS
10
2.6362776377952755
20
-5.7260409842519682
11
2.6314647637795274
21
-5.7228251181102365
0
LINE
8
BLACK
6
CONTINUOUS
10
2.6314647637795274
20
-5.7228251181102365
11
2.6273717322834647
21
-5.7187320866141729
0
LINE
8
BLACK
6
CONTINUOUS
10
2.6273717322834647
20
-5.7187320866141729
11
2.6241558661417321
21
-5.7139192125984248
0
LINE
8
BLACK
6
CONTINUOUS
10
2.6241558661417321
20
-5.7139192125984248
11
2.6219407480314958
21
-5.7085714173228341
0
LINE
8
BLACK
6
CONTINUOUS
10
2.6219407480314958
20
-5.7085714173228341
11
2.6208114566929135
21
-5.7028942125984248
0
LINE
8
BLACK
6
CONTINUOUS
10
2.6208114566929135
20
-5.7028942125984248
11
2.6208114566929135
21
-5.6971057874015747
0
LINE
8
BLACK
6
CONTINUOUS
10
2.6208114566929135
20
-5.6971057874015747
11
2.6219407480314958
21
-5.6914285826771653
0
LINE
8
BLACK
6
CONTINUOUS
10
2.6219407480314958
20
-5.6914285826771653
11
2.6241558661417321
21
-5.6860807874015746
0
LINE
8
BLACK
6
CONTINUOUS
10
2.6241558661417321
20
-5.6860807874015746
11
2.6273717322834647
21
-5.6812679133858266
0
LINE
8
BLACK
6
CONTINUOUS
10
2.6273717322834647
20
-5.6812679133858266
11
2.6314647637795274
21
-5.6771748818897638
0
LINE
8
BLACK
6
CONTINUOUS
10
2.6314647637795274
20
-5.6771748818897638
11
2.6362776377952755
21
-5.6739590157480313
0
LINE
8
BLACK
6
CONTINUOUS
10
2.6362776377952755
20
-5.6739590157480313
11
2.6416254330708662
21
-5.6717438976377954
0
LINE
8
BLACK
6
CONTINUOUS
10
2.6416254330708662
20
-5.6717438976377954
11
2.6473026377952755
21
-5.6706146062992122
0
LINE
8
BLACK
6
CONTINUOUS
10
2.6473026377952755
20
-5.6706146062992122
11
2.653091062992126
21
-5.6706146062992122
0
LINE
8
BLACK
6
CONTINUOUS
10
2.653091062992126
20
-5.6706146062992122
11
2.6587682677165354
21
-5.6717438976377954
0
LINE
8
BLACK
6
CONTINUOUS
10
2.207999960629921
20
-5.6736276377952759
11
2.2129912598425197
21
-5.6756950787401577
0
LINE
8
BLACK
6
CONTINUOUS
10
2.2129912598425197
20
-5.6756950787401577
11
2.2174832677165353
21
-5.6786965748031495
0
LINE
8
BLACK
6
CONTINUOUS
10
2.2174832677165353
20
-5.6786965748031495
11
2.2213034251968504
21
-5.6825167322834647
0
LINE
8
BLACK
6
CONTINUOUS
10
2.2213034251968504
20
-5.6825167322834647
11
2.2243049212598422
21
-5.6870087401574798
0
LINE
8
BLACK
6
CONTINUOUS
10
2.2243049212598422
20
-5.6870087401574798
11
2.2263723622047245
21
-5.6920000393700789
0
LINE
8
BLACK
6
CONTINUOUS
10
2.2263723622047245
20
-5.6920000393700789
11
2.2274263385826769
21
-5.6972987401574802
0
LINE
8
BLACK
6
CONTINUOUS
10
2.2274263385826769
20
-5.6972987401574802
11
2.2274263385826769
21
-5.7027012598425193
0
LINE
8
BLACK
6
CONTINUOUS
10
2.2274263385826769
20
-5.7027012598425193
11
2.2263723622047245
21
-5.7079999606299214
0
LINE
8
BLACK
6
CONTINUOUS
10
2.2263723622047245
20
-5.7079999606299214
11
2.2243049212598422
21
-5.7129912598425197
0
LINE
8
BLACK
6
CONTINUOUS
10
2.2243049212598422
20
-5.7129912598425197
11
2.2213034251968504
21
-5.7174832677165357
0
LINE
8
BLACK
6
CONTINUOUS
10
2.2213034251968504
20
-5.7174832677165357
11
2.2174832677165353
21
-5.72130342519685
0
LINE
8
BLACK
6
CONTINUOUS
10
2.2174832677165353
20
-5.72130342519685
11
2.2129912598425197
21
-5.7243049212598427
0
LINE
8
BLACK
6
CONTINUOUS
10
2.2129912598425197
20
-5.7243049212598427
11
2.207999960629921
21
-5.7263723622047245
0
LINE
8
BLACK
6
CONTINUOUS
10
2.207999960629921
20
-5.7263723622047245
11
2.2027012598425197
21
-5.7274263385826769
0
LINE
8
BLACK
6
CONTINUOUS
10
2.2027012598425197
20
-5.7274263385826769
11
2.1972987401574802
21
-5.7274263385826769
0
LINE
8
BLACK
6
CONTINUOUS
10
2.1972987401574802
20
-5.7274263385826769
11
2.1920000393700785
21
-5.7263723622047245
0
LINE
8
BLACK
6
CONTINUOUS
10
2.1920000393700785
20
-5.7263723622047245
11
2.1870087401574803
21
-5.7243049212598427
0
LINE
8
BLACK
6
CONTINUOUS
10
2.1870087401574803
20
-5.7243049212598427
11
2.1825167322834647
21
-5.72130342519685
0
LINE
8
BLACK
6
CONTINUOUS
10
2.1825167322834647
20
-5.72130342519685
11
2.1786965748031495
21
-5.7174832677165357
0
LINE
8
BLACK
6
CONTINUOUS
10
2.1786965748031495
20
-5.7174832677165357
11
2.1756950787401572
21
-5.7129912598425197
0
LINE
8
BLACK
6
CONTINUOUS
10
2.1756950787401572
20
-5.7129912598425197
11
2.1736276377952755
21
-5.7079999606299214
0
LINE
8
BLACK
6
CONTINUOUS
10
2.1736276377952755
20
-5.7079999606299214
11
2.172573661417323
21
-5.7027012598425193
0
LINE
8
BLACK
6
CONTINUOUS
10
2.172573661417323
20
-5.7027012598425193
11
2.172573661417323
21
-5.6972987401574802
0
LINE
8
BLACK
6
CONTINUOUS
10
2.172573661417323
20
-5.6972987401574802
11
2.1736276377952755
21
-5.6920000393700789
0
LINE
8
BLACK
6
CONTINUOUS
10
2.1736276377952755
20
-5.6920000393700789
11
2.1756950787401572
21
-5.6870087401574798
0
LINE
8
BLACK
6
CONTINUOUS
10
2.1756950787401572
20
-5.6870087401574798
11
2.1786965748031495
21
-5.6825167322834647
0
LINE
8
BLACK
6
CONTINUOUS
10
2.1786965748031495
20
-5.6825167322834647
11
2.1825167322834647
21
-5.6786965748031495
0
LINE
8
BLACK
6
CONTINUOUS
10
2.1825167322834647
20
-5.6786965748031495
11
2.1870087401574803
21
-5.6756950787401577
0
LINE
8
BLACK
6
CONTINUOUS
10
2.1870087401574803
20
-5.6756950787401577
11
2.1920000393700785
21
-5.6736276377952759
0
LINE
8
BLACK
6
CONTINUOUS
10
2.1920000393700785
20
-5.6736276377952759
11
2.1972987401574802
21
-5.6725736614173226
0
LINE
8
BLACK
6
CONTINUOUS
10
2.1972987401574802
20
-5.6725736614173226
11
2.2027012598425197
21
-5.6725736614173226
0
LINE
8
BLACK
6
CONTINUOUS
10
2.2027012598425197
20
-5.6725736614173226
11
2.207999960629921
21
-5.6736276377952759
0
LINE
8
BLACK
6
CONTINUOUS
10
3.9593396850393701
20
-5.5730097637795275
11
3.9650439763779528
21
-5.5753725590551184
0
LINE
8
BLACK
6
CONTINUOUS
10
3.9650439763779528
20
-5.5753725590551184
11
3.9701777559055116
21
-5.5788028346456695
0
LINE
8
BLACK
6
CONTINUOUS
10
3.9701777559055116
20
-5.5788028346456695
11
3.9745436220472441
21
-5.5831687007874011
0
LINE
8
BLACK
6
CONTINUOUS
10
3.9745436220472441
20
-5.5831687007874011
11
3.9779738976377952
21
-5.5883024803149608
0
LINE
8
BLACK
6
CONTINUOUS
10
3.9779738976377952
20
-5.5883024803149608
11
3.9803366929133857
21
-5.5940067716535431
0
LINE
8
BLACK
6
CONTINUOUS
10
3.9803366929133857
20
-5.5940067716535431
11
3.9815412598425195
21
-5.6000624409448818
0
LINE
8
BLACK
6
CONTINUOUS
10
3.9815412598425195
20
-5.6000624409448818
11
3.9815412598425195
21
-5.6062367716535428
0
LINE
8
BLACK
6
CONTINUOUS
10
3.9815412598425195
20
-5.6062367716535428
11
3.9803366929133857
21
-5.6122924409448816
0
LINE
8
BLACK
6
CONTINUOUS
10
3.9803366929133857
20
-5.6122924409448816
11
3.9779738976377952
21
-5.6179967322834647
0
LINE
8
BLACK
6
CONTINUOUS
10
3.9779738976377952
20
-5.6179967322834647
11
3.9745436220472441
21
-5.6231305118110235
0
LINE
8
BLACK
6
CONTINUOUS
10
3.9745436220472441
20
-5.6231305118110235
11
3.9701777559055116
21
-5.627496377952756
0
LINE
8
BLACK
6
CONTINUOUS
10
3.9701777559055116
20
-5.627496377952756
11
3.9650439763779528
21
-5.6309266535433071
0
LINE
8
BLACK
6
CONTINUOUS
10
3.9650439763779528
20
-5.6309266535433071
11
3.9593396850393701
21
-5.6332894488188971
0
LINE
8
BLACK
6
CONTINUOUS
10
3.9593396850393701
20
-5.6332894488188971
11
3.9532840157480313
21
-5.6344940157480314
0
LINE
8
BLACK
6
CONTINUOUS
10
3.9532840157480313
20
-5.6344940157480314
11
3.9471096850393699
21
-5.6344940157480314
0
LINE
8
BLACK
6
CONTINUOUS
10
3.9471096850393699
20
-5.6344940157480314
11
3.9410540157480316
21
-5.6332894488188971
0
LINE
8
BLACK
6
CONTINUOUS
10
3.9410540157480316
20
-5.6332894488188971
11
3.9353497244094489
21
-5.6309266535433071
0
LINE
8
BLACK
6
CONTINUOUS
10
3.9353497244094489
20
-5.6309266535433071
11
3.9302159448818896
21
-5.627496377952756
0
LINE
8
BLACK
6
CONTINUOUS
10
3.9302159448818896
20
-5.627496377952756
11
3.9258500787401576
21
-5.6231305118110235
0
LINE
8
BLACK
6
CONTINUOUS
10
3.9258500787401576
20
-5.6231305118110235
11
3.922419803149606
21
-5.6179967322834647
0
LINE
8
BLACK
6
CONTINUOUS
10
3.922419803149606
20
-5.6179967322834647
11
3.9200570078740156
21
-5.6122924409448816
0
LINE
8
BLACK
6
CONTINUOUS
10
3.9200570078740156
20
-5.6122924409448816
11
3.9188524409448817
21
-5.6062367716535428
0
LINE
8
BLACK
6
CONTINUOUS
10
3.9188524409448817
20
-5.6062367716535428
11
3.9188524409448817
21
-5.6000624409448818
0
LINE
8
BLACK
6
CONTINUOUS
10
3.9188524409448817
20
-5.6000624409448818
11
3.9200570078740156
21
-5.5940067716535431
0
LINE
8
BLACK
6
CONTINUOUS
10
3.9200570078740156
20
-5.5940067716535431
11
3.922419803149606
21
-5.5883024803149608
0
LINE
8
BLACK
6
CONTINUOUS
10
3.922419803149606
20
-5.5883024803149608
11
3.9258500787401576
21
-5.5831687007874011
0
LINE
8
BLACK
6
CONTINUOUS
10
3.9258500787401576
20
-5.5831687007874011
11
3.9302159448818896
21
-5.5788028346456695
0
LINE
8
BLACK
6
CONTINUOUS
10
3.9302159448818896
20
-5.5788028346456695
11
3.9353497244094489
21
-5.5753725590551184
0
LINE
8
BLACK
6
CONTINUOUS
10
3.9353497244094489
20
-5.5753725590551184
11
3.9410540157480316
21
-5.5730097637795275
0
LINE
8
BLACK
6
CONTINUOUS
10
3.9410540157480316
20
-5.5730097637795275
11
3.9471096850393699
21
-5.5718051968503932
0
LINE
8
BLACK
6
CONTINUOUS
10
3.9471096850393699
20
-5.5718051968503932
11
3.9532840157480313
21
-5.5718051968503932
0
LINE
8
BLACK
6
CONTINUOUS
10
3.9532840157480313
20
-5.5718051968503932
11
3.9593396850393701
21
-5.5730097637795275
0
LINE
8
BLACK
6
CONTINUOUS
10
4.2593396850393699
20
-5.5730097637795275
11
4.2650439763779531
21
-5.5753725590551184
0
LINE
8
BLACK
6
CONTINUOUS
10
4.2650439763779531
20
-5.5753725590551184
11
4.2701777559055119
21
-5.5788028346456695
0
LINE
8
BLACK
6
CONTINUOUS
10
4.2701777559055119
20
-5.5788028346456695
11
4.2745436220472444
21
-5.5831687007874011
0
LINE
8
BLACK
6
CONTINUOUS
10
4.2745436220472444
20
-5.5831687007874011
11
4.2779738976377955
21
-5.5883024803149608
0
LINE
8
BLACK
6
CONTINUOUS
10
4.2779738976377955
20
-5.5883024803149608
11
4.2803366929133855
21
-5.5940067716535431
0
LINE
8
BLACK
6
CONTINUOUS
10
4.2803366929133855
20
-5.5940067716535431
11
4.2815412598425198
21
-5.6000624409448818
0
LINE
8
BLACK
6
CONTINUOUS
10
4.2815412598425198
20
-5.6000624409448818
11
4.2815412598425198
21
-5.6062367716535428
0
LINE
8
BLACK
6
CONTINUOUS
10
4.2815412598425198
20
-5.6062367716535428
11
4.2803366929133855
21
-5.6122924409448816
0
LINE
8
BLACK
6
CONTINUOUS
10
4.2803366929133855
20
-5.6122924409448816
11
4.2779738976377955
21
-5.6179967322834647
0
LINE
8
BLACK
6
CONTINUOUS
10
4.2779738976377955
20
-5.6179967322834647
11
4.2745436220472444
21
-5.6231305118110235
0
LINE
8
BLACK
6
CONTINUOUS
10
4.2745436220472444
20
-5.6231305118110235
11
4.2701777559055119
21
-5.627496377952756
0
LINE
8
BLACK
6
CONTINUOUS
10
4.2701777559055119
20
-5.627496377952756
11
4.2650439763779531
21
-5.6309266535433071
0
LINE
8
BLACK
6
CONTINUOUS
10
4.2650439763779531
20
-5.6309266535433071
11
4.2593396850393699
21
-5.6332894488188971
0
LINE
8
BLACK
6
CONTINUOUS
10
4.2593396850393699
20
-5.6332894488188971
11
4.2532840157480312
21
-5.6344940157480314
0
LINE
8
BLACK
6
CONTINUOUS
10
4.2532840157480312
20
-5.6344940157480314
11
4.2471096850393701
21
-5.6344940157480314
0
LINE
8
BLACK
6
CONTINUOUS
10
4.2471096850393701
20
-5.6344940157480314
11
4.2410540157480314
21
-5.6332894488188971
0
LINE
8
BLACK
6
CONTINUOUS
10
4.2410540157480314
20
-5.6332894488188971
11
4.2353497244094491
21
-5.6309266535433071
0
LINE
8
BLACK
6
CONTINUOUS
10
4.2353497244094491
20
-5.6309266535433071
11
4.2302159448818895
21
-5.627496377952756
0
LINE
8
BLACK
6
CONTINUOUS
10
4.2302159448818895
20
-5.627496377952756
11
4.2258500787401569
21
-5.6231305118110235
0
LINE
8
BLACK
6
CONTINUOUS
10
4.2258500787401569
20
-5.6231305118110235
11
4.2224198031496059
21
-5.6179967322834647
0
LINE
8
BLACK
6
CONTINUOUS
10
4.2224198031496059
20
-5.6179967322834647
11
4.2200570078740158
21
-5.6122924409448816
0
LINE
8
BLACK
6
CONTINUOUS
10
4.2200570078740158
20
-5.6122924409448816
11
4.2188524409448815
21
-5.6062367716535428
0
LINE
8
BLACK
6
CONTINUOUS
10
4.2188524409448815
20
-5.6062367716535428
11
4.2188524409448815
21
-5.6000624409448818
0
LINE
8
BLACK
6
CONTINUOUS
10
4.2188524409448815
20
-5.6000624409448818
11
4.2200570078740158
21
-5.5940067716535431
0
LINE
8
BLACK
6
CONTINUOUS
10
4.2200570078740158
20
-5.5940067716535431
11
4.2224198031496059
21
-5.5883024803149608
0
LINE
8
BLACK
6
CONTINUOUS
10
4.2224198031496059
20
-5.5883024803149608
11
4.2258500787401569
21
-5.5831687007874011
0
LINE
8
BLACK
6
CONTINUOUS
10
4.2258500787401569
20
-5.5831687007874011
11
4.2302159448818895
21
-5.5788028346456695
0
LINE
8
BLACK
6
CONTINUOUS
10
4.2302159448818895
20
-5.5788028346456695
11
4.2353497244094491
21
-5.5753725590551184
0
LINE
8
BLACK
6
CONTINUOUS
10
4.2353497244094491
20
-5.5753725590551184
11
4.2410540157480314
21
-5.5730097637795275
0
LINE
8
BLACK
6
CONTINUOUS
10
4.2410540157480314
20
-5.5730097637795275
11
4.2471096850393701
21
-5.5718051968503932
0
LINE
8
BLACK
6
CONTINUOUS
10
4.2471096850393701
20
-5.5718051968503932
11
4.2532840157480312
21
-5.5718051968503932
0
LINE
8
BLACK
6
CONTINUOUS
10
4.2532840157480312
20
-5.5718051968503932
11
4.2593396850393699
21
-5.5730097637795275
0
LINE
8
BLACK
6
CONTINUOUS
10
0.9097142519685039
20
-5.5679764173228348
11
0.9157750787401575
21
-5.5704868897637798
0
LINE
8
BLACK
6
CONTINUOUS
10
0.9157750787401575
20
-5.5704868897637798
11
0.9212296850393701
21
-5.5741315354330707
0
LINE
8
BLACK
6
CONTINUOUS
10
0.9212296850393701
20
-5.5741315354330707
11
0.9258684645669291
21
-5.5787703149606296
0
LINE
8
BLACK
6
CONTINUOUS
10
0.9258684645669291
20
-5.5787703149606296
11
0.9295131102362204
21
-5.5842249212598425
0
LINE
8
BLACK
6
CONTINUOUS
10
0.9295131102362204
20
-5.5842249212598425
11
0.9320235826771653
21
-5.590285748031496
0
LINE
8
BLACK
6
CONTINUOUS
10
0.9320235826771653
20
-5.590285748031496
11
0.9333034251968504
21
-5.5967198818897632
0
LINE
8
BLACK
6
CONTINUOUS
10
0.9333034251968504
20
-5.5967198818897632
11
0.9333034251968504
21
-5.6032801181102361
0
LINE
8
BLACK
6
CONTINUOUS
10
0.9333034251968504
20
-5.6032801181102361
11
0.9320235826771653
21
-5.6097142519685042
0
LINE
8
BLACK
6
CONTINUOUS
10
0.9320235826771653
20
-5.6097142519685042
11
0.9295131102362204
21
-5.6157750787401577
0
LINE
8
BLACK
6
CONTINUOUS
10
0.9295131102362204
20
-5.6157750787401577
11
0.9258684645669291
21
-5.6212296850393697
0
LINE
8
BLACK
6
CONTINUOUS
10
0.9258684645669291
20
-5.6212296850393697
11
0.9212296850393701
21
-5.6258684645669286
0
LINE
8
BLACK
6
CONTINUOUS
10
0.9212296850393701
20
-5.6258684645669286
11
0.9157750787401575
21
-5.6295131102362204
0
LINE
8
BLACK
6
CONTINUOUS
10
0.9157750787401575
20
-5.6295131102362204
11
0.9097142519685039
21
-5.6320235826771654
0
LINE
8
BLACK
6
CONTINUOUS
10
0.9097142519685039
20
-5.6320235826771654
11
0.9032801181102362
21
-5.6333034251968499
0
LINE
8
BLACK
6
CONTINUOUS
10
0.9032801181102362
20
-5.6333034251968499
11
0.8967198818897638
21
-5.6333034251968499
0
LINE
8
BLACK
6
CONTINUOUS
10
0.8967198818897638
20
-5.6333034251968499
11
0.8902857480314961
21
-5.6320235826771654
0
LINE
8
BLACK
6
CONTINUOUS
10
0.8902857480314961
20
-5.6320235826771654
11
0.8842249212598425
21
-5.6295131102362204
0
LINE
8
BLACK
6
CONTINUOUS
10
0.8842249212598425
20
-5.6295131102362204
11
0.8787703149606299
21
-5.6258684645669286
0
LINE
8
BLACK
6
CONTINUOUS
10
0.8787703149606299
20
-5.6258684645669286
11
0.8741315354330709
21
-5.6212296850393697
0
LINE
8
BLACK
6
CONTINUOUS
10
0.8741315354330709
20
-5.6212296850393697
11
0.8704868897637795
21
-5.6157750787401577
0
LINE
8
BLACK
6
CONTINUOUS
10
0.8704868897637795
20
-5.6157750787401577
11
0.8679764173228346
21
-5.6097142519685042
0
LINE
8
BLACK
6
CONTINUOUS
10
0.8679764173228346
20
-5.6097142519685042
11
0.8666965748031495
21
-5.6032801181102361
0
LINE
8
BLACK
6
CONTINUOUS
10
0.8666965748031495
20
-5.6032801181102361
11
0.8666965748031495
21
-5.5967198818897632
0
LINE
8
BLACK
6
CONTINUOUS
10
0.8666965748031495
20
-5.5967198818897632
11
0.8679764173228346
21
-5.590285748031496
0
LINE
8
BLACK
6
CONTINUOUS
10
0.8679764173228346
20
-5.590285748031496
11
0.8704868897637795
21
-5.5842249212598425
0
LINE
8
BLACK
6
CONTINUOUS
10
0.8704868897637795
20
-5.5842249212598425
11
0.8741315354330709
21
-5.5787703149606296
0
LINE
8
BLACK
6
CONTINUOUS
10
0.8741315354330709
20
-5.5787703149606296
11
0.8787703149606299
21
-5.5741315354330707
0
LINE
8
BLACK
6
CONTINUOUS
10
0.8787703149606299
20
-5.5741315354330707
11
0.8842249212598425
21
-5.5704868897637798
0
LINE
8
BLACK
6
CONTINUOUS
10
0.8842249212598425
20
-5.5704868897637798
11
0.8902857480314961
21
-5.5679764173228348
0
LINE
8
BLACK
6
CONTINUOUS
10
0.8902857480314961
20
-5.5679764173228348
11
0.8967198818897638
21
-5.5666965748031494
0
LINE
8
BLACK
6
CONTINUOUS
10
0.8967198818897638
20
-5.5666965748031494
11
0.9032801181102362
21
-5.5666965748031494
0
LINE
8
BLACK
6
CONTINUOUS
10
0.9032801181102362
20
-5.5666965748031494
11
0.9097142519685039
21
-5.5679764173228348
0
LINE
8
BLACK
6
CONTINUOUS
10
8.8097142519685043
20
-5.5679764173228348
11
8.8157750787401579
21
-5.5704868897637798
0
LINE
8
BLACK
6
CONTINUOUS
10
8.8157750787401579
20
-5.5704868897637798
11
8.8212296850393699
21
-5.5741315354330707
0
LINE
8
BLACK
6
CONTINUOUS
10
8.8212296850393699
20
-5.5741315354330707
11
8.8258684645669288
21
-5.5787703149606296
0
LINE
8
BLACK
6
CONTINUOUS
10
8.8258684645669288
20
-5.5787703149606296
11
8.8295131102362205
21
-5.5842249212598425
0
LINE
8
BLACK
6
CONTINUOUS
10
8.8295131102362205
20
-5.5842249212598425
11
8.8320235826771647
21
-5.590285748031496
0
LINE
8
BLACK
6
CONTINUOUS
10
8.8320235826771647
20
-5.590285748031496
11
8.833303425196851
21
-5.5967198818897632
0
LINE
8
BLACK
6
CONTINUOUS
10
8.833303425196851
20
-5.5967198818897632
11
8.833303425196851
21
-5.6032801181102361
0
LINE
8
BLACK
6
CONTINUOUS
10
8.833303425196851
20
-5.6032801181102361
11
8.8320235826771647
21
-5.6097142519685042
0
LINE
8
BLACK
6
CONTINUOUS
10
8.8320235826771647
20
-5.6097142519685042
11
8.8295131102362205
21
-5.6157750787401577
0
LINE
8
BLACK
6
CONTINUOUS
10
8.8295131102362205
20
-5.6157750787401577
11
8.8258684645669288
21
-5.6212296850393697
0
LINE
8
BLACK
6
CONTINUOUS
10
8.8258684645669288
20
-5.6212296850393697
11
8.8212296850393699
21
-5.6258684645669286
0
LINE
8
BLACK
6
CONTINUOUS
10
8.8212296850393699
20
-5.6258684645669286
11
8.8157750787401579
21
-5.6295131102362204
0
LINE
8
BLACK
6
CONTINUOUS
10
8.8157750787401579
20
-5.6295131102362204
11
8.8097142519685043
21
-5.6320235826771654
0
LINE
8
BLACK
6
CONTINUOUS
10
8.8097142519685043
20
-5.6320235826771654
11
8.8032801181102354
21
-5.6333034251968499
0
LINE
8
BLACK
6
CONTINUOUS
10
8.8032801181102354
20
-5.6333034251968499
11
8.7967198818897643
21
-5.6333034251968499
0
LINE
8
BLACK
6
CONTINUOUS
10
8.7967198818897643
20
-5.6333034251968499
11
8.7902857480314953
21
-5.6320235826771654
0
LINE
8
BLACK
6
CONTINUOUS
10
8.7902857480314953
20
-5.6320235826771654
11
8.7842249212598418
21
-5.6295131102362204
0
LINE
8
BLACK
6
CONTINUOUS
10
8.7842249212598418
20
-5.6295131102362204
11
8.7787703149606298
21
-5.6258684645669286
0
LINE
8
BLACK
6
CONTINUOUS
10
8.7787703149606298
20
-5.6258684645669286
11
8.7741315354330709
21
-5.6212296850393697
0
LINE
8
BLACK
6
CONTINUOUS
10
8.7741315354330709
20
-5.6212296850393697
11
8.7704868897637791
21
-5.6157750787401577
0
LINE
8
BLACK
6
CONTINUOUS
10
8.7704868897637791
20
-5.6157750787401577
11
8.7679764173228349
21
-5.6097142519685042
0
LINE
8
BLACK
6
CONTINUOUS
10
8.7679764173228349
20
-5.6097142519685042
11
8.7666965748031487
21
-5.6032801181102361
0
LINE
8
BLACK
6
CONTINUOUS
10
8.7666965748031487
20
-5.6032801181102361
11
8.7666965748031487
21
-5.5967198818897632
0
LINE
8
BLACK
6
CONTINUOUS
10
8.7666965748031487
20
-5.5967198818897632
11
8.7679764173228349
21
-5.590285748031496
0
LINE
8
BLACK
6
CONTINUOUS
10
8.7679764173228349
20
-5.590285748031496
11
8.7704868897637791
21
-5.5842249212598425
0
LINE
8
BLACK
6
CONTINUOUS
10
8.7704868897637791
20
-5.5842249212598425
11
8.7741315354330709
21
-5.5787703149606296
0
LINE
8
BLACK
6
CONTINUOUS
10
8.7741315354330709
20
-5.5787703149606296
11
8.7787703149606298
21
-5.5741315354330707
0
LINE
8
BLACK
6
CONTINUOUS
10
8.7787703149606298
20
-5.5741315354330707
11
8.7842249212598418
21
-5.5704868897637798
0
LINE
8
BLACK
6
CONTINUOUS
10
8.7842249212598418
20
-5.5704868897637798
11
8.7902857480314953
21
-5.5679764173228348
0
LINE
8
BLACK
6
CONTINUOUS
10
8.7902857480314953
20
-5.5679764173228348
11
8.7967198818897643
21
-5.5666965748031494
0
LINE
8
BLACK
6
CONTINUOUS
10
8.7967198818897643
20
-5.5666965748031494
11
8.8032801181102354
21
-5.5666965748031494
0
LINE
8
BLACK
6
CONTINUOUS
10
8.8032801181102354
20
-5.5666965748031494
11
8.8097142519685043
21
-5.5679764173228348
0
LINE
8
BLACK
6
CONTINUOUS
10
8.909714251968504
20
-5.5679764173228348
11
8.9157750787401575
21
-5.5704868897637798
0
LINE
8
BLACK
6
CONTINUOUS
10
8.9157750787401575
20
-5.5704868897637798
11
8.9212296850393695
21
-5.5741315354330707
0
LINE
8
BLACK
6
CONTINUOUS
10
8.9212296850393695
20
-5.5741315354330707
11
8.9258684645669284
21
-5.5787703149606296
0
LINE
8
BLACK
6
CONTINUOUS
10
8.9258684645669284
20
-5.5787703149606296
11
8.9295131102362202
21
-5.5842249212598425
0
LINE
8
BLACK
6
CONTINUOUS
10
8.9295131102362202
20
-5.5842249212598425
11
8.9320235826771643
21
-5.590285748031496
0
LINE
8
BLACK
6
CONTINUOUS
10
8.9320235826771643
20
-5.590285748031496
11
8.9333034251968506
21
-5.5967198818897632
0
LINE
8
BLACK
6
CONTINUOUS
10
8.9333034251968506
20
-5.5967198818897632
11
8.9333034251968506
21
-5.6032801181102361
0
LINE
8
BLACK
6
CONTINUOUS
10
8.9333034251968506
20
-5.6032801181102361
11
8.9320235826771643
21
-5.6097142519685042
0
LINE
8
BLACK
6
CONTINUOUS
10
8.9320235826771643
20
-5.6097142519685042
11
8.9295131102362202
21
-5.6157750787401577
0
LINE
8
BLACK
6
CONTINUOUS
10
8.9295131102362202
20
-5.6157750787401577
11
8.9258684645669284
21
-5.6212296850393697
0
LINE
8
BLACK
6
CONTINUOUS
10
8.9258684645669284
20
-5.6212296850393697
11
8.9212296850393695
21
-5.6258684645669286
0
LINE
8
BLACK
6
CONTINUOUS
10
8.9212296850393695
20
-5.6258684645669286
11
8.9157750787401575
21
-5.6295131102362204
0
LINE
8
BLACK
6
CONTINUOUS
10
8.9157750787401575
20
-5.6295131102362204
11
8.909714251968504
21
-5.6320235826771654
0
LINE
8
BLACK
6
CONTINUOUS
10
8.909714251968504
20
-5.6320235826771654
11
8.9032801181102368
21
-5.6333034251968499
0
LINE
8
BLACK
6
CONTINUOUS
10
8.9032801181102368
20
-5.6333034251968499
11
8.8967198818897639
21
-5.6333034251968499
0
LINE
8
BLACK
6
CONTINUOUS
10
8.8967198818897639
20
-5.6333034251968499
11
8.8902857480314967
21
-5.6320235826771654
0
LINE
8
BLACK
6
CONTINUOUS
10
8.8902857480314967
20
-5.6320235826771654
11
8.8842249212598432
21
-5.6295131102362204
0
LINE
8
BLACK
6
CONTINUOUS
10
8.8842249212598432
20
-5.6295131102362204
11
8.8787703149606294
21
-5.6258684645669286
0
LINE
8
BLACK
6
CONTINUOUS
10
8.8787703149606294
20
-5.6258684645669286
11
8.8741315354330705
21
-5.6212296850393697
0
LINE
8
BLACK
6
CONTINUOUS
10
8.8741315354330705
20
-5.6212296850393697
11
8.8704868897637787
21
-5.6157750787401577
0
LINE
8
BLACK
6
CONTINUOUS
10
8.8704868897637787
20
-5.6157750787401577
11
8.8679764173228346
21
-5.6097142519685042
0
LINE
8
BLACK
6
CONTINUOUS
10
8.8679764173228346
20
-5.6097142519685042
11
8.8666965748031501
21
-5.6032801181102361
0
LINE
8
BLACK
6
CONTINUOUS
10
8.8666965748031501
20
-5.6032801181102361
11
8.8666965748031501
21
-5.5967198818897632
0
LINE
8
BLACK
6
CONTINUOUS
10
8.8666965748031501
20
-5.5967198818897632
11
8.8679764173228346
21
-5.590285748031496
0
LINE
8
BLACK
6
CONTINUOUS
10
8.8679764173228346
20
-5.590285748031496
11
8.8704868897637787
21
-5.5842249212598425
0
LINE
8
BLACK
6
CONTINUOUS
10
8.8704868897637787
20
-5.5842249212598425
11
8.8741315354330705
21
-5.5787703149606296
0
LINE
8
BLACK
6
CONTINUOUS
10
8.8741315354330705
20
-5.5787703149606296
11
8.8787703149606294
21
-5.5741315354330707
0
LINE
8
BLACK
6
CONTINUOUS
10
8.8787703149606294
20
-5.5741315354330707
11
8.8842249212598432
21
-5.5704868897637798
0
LINE
8
BLACK
6
CONTINUOUS
10
8.8842249212598432
20
-5.5704868897637798
11
8.8902857480314967
21
-5.5679764173228348
0
LINE
8
BLACK
6
CONTINUOUS
10
8.8902857480314967
20
-5.5679764173228348
11
8.8967198818897639
21
-5.5666965748031494
0
LINE
8
BLACK
6
CONTINUOUS
10
8.8967198818897639
20
-5.5666965748031494
11
8.9032801181102368
21
-5.5666965748031494
0
LINE
8
BLACK
6
CONTINUOUS
10
8.9032801181102368
20
-5.5666965748031494
11
8.909714251968504
21
-5.5679764173228348
0
LINE
8
BLACK
6
CONTINUOUS
10
10.409714251968504
20
-5.5679764173228348
11
10.4157750787401575
21
-5.5704868897637798
0
LINE
8
BLACK
6
CONTINUOUS
10
10.4157750787401575
20
-5.5704868897637798
11
10.4212296850393695
21
-5.5741315354330707
0
LINE
8
BLACK
6
CONTINUOUS
10
10.4212296850393695
20
-5.5741315354330707
11
10.4258684645669284
21
-5.5787703149606296
0
LINE
8
BLACK
6
CONTINUOUS
10
10.4258684645669284
20
-5.5787703149606296
11
10.4295131102362202
21
-5.5842249212598425
0
LINE
8
BLACK
6
CONTINUOUS
10
10.4295131102362202
20
-5.5842249212598425
11
10.4320235826771643
21
-5.590285748031496
0
LINE
8
BLACK
6
CONTINUOUS
10
10.4320235826771643
20
-5.590285748031496
11
10.4333034251968506
21
-5.5967198818897632
0
LINE
8
BLACK
6
CONTINUOUS
10
10.4333034251968506
20
-5.5967198818897632
11
10.4333034251968506
21
-5.6032801181102361
0
LINE
8
BLACK
6
CONTINUOUS
10
10.4333034251968506
20
-5.6032801181102361
11
10.4320235826771643
21
-5.6097142519685042
0
LINE
8
BLACK
6
CONTINUOUS
10
10.4320235826771643
20
-5.6097142519685042
11
10.4295131102362202
21
-5.6157750787401577
0
LINE
8
BLACK
6
CONTINUOUS
10
10.4295131102362202
20
-5.6157750787401577
11
10.4258684645669284
21
-5.6212296850393697
0
LINE
8
BLACK
6
CONTINUOUS
10
10.4258684645669284
20
-5.6212296850393697
11
10.4212296850393695
21
-5.6258684645669286
0
LINE
8
BLACK
6
CONTINUOUS
10
10.4212296850393695
20
-5.6258684645669286
11
10.4157750787401575
21
-5.6295131102362204
0
LINE
8
BLACK
6
CONTINUOUS
10
10.4157750787401575
20
-5.6295131102362204
11
10.409714251968504
21
-5.6320235826771654
0
LINE
8
BLACK
6
CONTINUOUS
10
10.409714251968504
20
-5.6320235826771654
11
10.4032801181102368
21
-5.6333034251968499
0
LINE
8
BLACK
6
CONTINUOUS
10
10.4032801181102368
20
-5.6333034251968499
11
10.3967198818897639
21
-5.6333034251968499
0
LINE
8
BLACK
6
CONTINUOUS
10
10.3967198818897639
20
-5.6333034251968499
11
10.390285748031495
21
-5.6320235826771654
0
LINE
8
BLACK
6
CONTINUOUS
10
10.390285748031495
20
-5.6320235826771654
11
10.3842249212598414
21
-5.6295131102362204
0
LINE
8
BLACK
6
CONTINUOUS
10
10.3842249212598414
20
-5.6295131102362204
11
10.3787703149606294
21
-5.6258684645669286
0
LINE
8
BLACK
6
CONTINUOUS
10
10.3787703149606294
20
-5.6258684645669286
11
10.3741315354330705
21
-5.6212296850393697
0
LINE
8
BLACK
6
CONTINUOUS
10
10.3741315354330705
20
-5.6212296850393697
11
10.3704868897637787
21
-5.6157750787401577
0
LINE
8
BLACK
6
CONTINUOUS
10
10.3704868897637787
20
-5.6157750787401577
11
10.3679764173228346
21
-5.6097142519685042
0
LINE
8
BLACK
6
CONTINUOUS
10
10.3679764173228346
20
-5.6097142519685042
11
10.3666965748031501
21
-5.6032801181102361
0
LINE
8
BLACK
6
CONTINUOUS
10
10.3666965748031501
20
-5.6032801181102361
11
10.3666965748031501
21
-5.5967198818897632
0
LINE
8
BLACK
6
CONTINUOUS
10
10.3666965748031501
20
-5.5967198818897632
11
10.3679764173228346
21
-5.590285748031496
0
LINE
8
BLACK
6
CONTINUOUS
10
10.3679764173228346
20
-5.590285748031496
11
10.3704868897637787
21
-5.5842249212598425
0
LINE
8
BLACK
6
CONTINUOUS
10
10.3704868897637787
20
-5.5842249212598425
11
10.3741315354330705
21
-5.5787703149606296
0
LINE
8
BLACK
6
CONTINUOUS
10
10.3741315354330705
20
-5.5787703149606296
11
10.3787703149606294
21
-5.5741315354330707
0
LINE
8
BLACK
6
CONTINUOUS
10
10.3787703149606294
20
-5.5741315354330707
11
10.3842249212598414
21
-5.5704868897637798
0
LINE
8
BLACK
6
CONTINUOUS
10
10.3842249212598414
20
-5.5704868897637798
11
10.390285748031495
21
-5.5679764173228348
0
LINE
8
BLACK
6
CONTINUOUS
10
10.390285748031495
20
-5.5679764173228348
11
10.3967198818897639
21
-5.5666965748031494
0
LINE
8
BLACK
6
CONTINUOUS
10
10.3967198818897639
20
-5.5666965748031494
11
10.4032801181102368
21
-5.5666965748031494
0
LINE
8
BLACK
6
CONTINUOUS
10
10.4032801181102368
20
-5.5666965748031494
11
10.409714251968504
21
-5.5679764173228348
0
LINE
8
BLACK
6
CONTINUOUS
10
2.6587682677165354
20
-5.5717438976377949
11
2.6641160629921261
21
-5.5739590157480317
0
LINE
8
BLACK
6
CONTINUOUS
10
2.6641160629921261
20
-5.5739590157480317
11
2.6689289370078741
21
-5.5771748818897633
0
LINE
8
BLACK
6
CONTINUOUS
10
2.6689289370078741
20
-5.5771748818897633
11
2.6730219685039369
21
-5.581267913385827
0
LINE
8
BLACK
6
CONTINUOUS
10
2.6730219685039369
20
-5.581267913385827
11
2.6762378346456694
21
-5.586080787401575
0
LINE
8
BLACK
6
CONTINUOUS
10
2.6762378346456694
20
-5.586080787401575
11
2.6784529527559053
21
-5.5914285826771648
0
LINE
8
BLACK
6
CONTINUOUS
10
2.6784529527559053
20
-5.5914285826771648
11
2.6795822440944881
21
-5.597105787401575
0
LINE
8
BLACK
6
CONTINUOUS
10
2.6795822440944881
20
-5.597105787401575
11
2.6795822440944881
21
-5.6028942125984251
0
LINE
8
BLACK
6
CONTINUOUS
10
2.6795822440944881
20
-5.6028942125984251
11
2.6784529527559053
21
-5.6085714173228345
0
LINE
8
BLACK
6
CONTINUOUS
10
2.6784529527559053
20
-5.6085714173228345
11
2.6762378346456694
21
-5.6139192125984252
0
LINE
8
BLACK
6
CONTINUOUS
10
2.6762378346456694
20
-5.6139192125984252
11
2.6730219685039369
21
-5.6187320866141732
0
LINE
8
BLACK
6
CONTINUOUS
10
2.6730219685039369
20
-5.6187320866141732
11
2.6689289370078741
21
-5.622825118110236
0
LINE
8
BLACK
6
CONTINUOUS
10
2.6689289370078741
20
-5.622825118110236
11
2.6641160629921261
21
-5.6260409842519685
0
LINE
8
BLACK
6
CONTINUOUS
10
2.6641160629921261
20
-5.6260409842519685
11
2.6587682677165354
21
-5.6282561023622044
0
LINE
8
BLACK
6
CONTINUOUS
10
2.6587682677165354
20
-5.6282561023622044
11
2.653091062992126
21
-5.6293853937007876
0
LINE
8
BLACK
6
CONTINUOUS
10
2.653091062992126
20
-5.6293853937007876
11
2.6473026377952755
21
-5.6293853937007876
0
LINE
8
BLACK
6
CONTINUOUS
10
2.6473026377952755
20
-5.6293853937007876
11
2.6416254330708662
21
-5.6282561023622044
0
LINE
8
BLACK
6
CONTINUOUS
10
2.6416254330708662
20
-5.6282561023622044
11
2.6362776377952755
21
-5.6260409842519685
0
LINE
8
BLACK
6
CONTINUOUS
10
2.6362776377952755
20
-5.6260409842519685
11
2.6314647637795274
21
-5.622825118110236
0
LINE
8
BLACK
6
CONTINUOUS
10
2.6314647637795274
20
-5.622825118110236
11
2.6273717322834647
21
-5.6187320866141732
0
LINE
8
BLACK
6
CONTINUOUS
10
2.6273717322834647
20
-5.6187320866141732
11
2.6241558661417321
21
-5.6139192125984252
0
LINE
8
BLACK
6
CONTINUOUS
10
2.6241558661417321
20
-5.6139192125984252
11
2.6219407480314958
21
-5.6085714173228345
0
LINE
8
BLACK
6
CONTINUOUS
10
2.6219407480314958
20
-5.6085714173228345
11
2.6208114566929135
21
-5.6028942125984251
0
LINE
8
BLACK
6
CONTINUOUS
10
2.6208114566929135
20
-5.6028942125984251
11
2.6208114566929135
21
-5.597105787401575
0
LINE
8
BLACK
6
CONTINUOUS
10
2.6208114566929135
20
-5.597105787401575
11
2.6219407480314958
21
-5.5914285826771648
0
LINE
8
BLACK
6
CONTINUOUS
10
2.6219407480314958
20
-5.5914285826771648
11
2.6241558661417321
21
-5.586080787401575
0
LINE
8
BLACK
6
CONTINUOUS
10
2.6241558661417321
20
-5.586080787401575
11
2.6273717322834647
21
-5.581267913385827
0
LINE
8
BLACK
6
CONTINUOUS
10
2.6273717322834647
20
-5.581267913385827
11
2.6314647637795274
21
-5.5771748818897633
0
LINE
8
BLACK
6
CONTINUOUS
10
2.6314647637795274
20
-5.5771748818897633
11
2.6362776377952755
21
-5.5739590157480317
0
LINE
8
BLACK
6
CONTINUOUS
10
2.6362776377952755
20
-5.5739590157480317
11
2.6416254330708662
21
-5.5717438976377949
0
LINE
8
BLACK
6
CONTINUOUS
10
2.6416254330708662
20
-5.5717438976377949
11
2.6473026377952755
21
-5.5706146062992126
0
LINE
8
BLACK
6
CONTINUOUS
10
2.6473026377952755
20
-5.5706146062992126
11
2.653091062992126
21
-5.5706146062992126
0
LINE
8
BLACK
6
CONTINUOUS
10
2.653091062992126
20
-5.5706146062992126
11
2.6587682677165354
21
-5.5717438976377949
0
LINE
8
BLACK
6
CONTINUOUS
10
2.85933968503937
20
-5.5667105511811021
11
2.8650439763779527
21
-5.5690733464566931
0
LINE
8
BLACK
6
CONTINUOUS
10
2.8650439763779527
20
-5.5690733464566931
11
2.8701777559055119
21
-5.5725036220472441
0
LINE
8
BLACK
6
CONTINUOUS
10
2.8701777559055119
20
-5.5725036220472441
11
2.874543622047244
21
-5.5768694881889767
0
LINE
8
BLACK
6
CONTINUOUS
10
2.874543622047244
20
-5.5768694881889767
11
2.8779738976377951
21
-5.5820032677165354
0
LINE
8
BLACK
6
CONTINUOUS
10
2.8779738976377951
20
-5.5820032677165354
11
2.8803366929133856
21
-5.5877075590551177
0
LINE
8
BLACK
6
CONTINUOUS
10
2.8803366929133856
20
-5.5877075590551177
11
2.8815412598425194
21
-5.5937632283464565
0
LINE
8
BLACK
6
CONTINUOUS
10
2.8815412598425194
20
-5.5937632283464565
11
2.8815412598425194
21
-5.5999375590551184
0
LINE
8
BLACK
6
CONTINUOUS
10
2.8815412598425194
20
-5.5999375590551184
11
2.8803366929133856
21
-5.6059932283464562
0
LINE
8
BLACK
6
CONTINUOUS
10
2.8803366929133856
20
-5.6059932283464562
11
2.8779738976377951
21
-5.6116975196850394
0
LINE
8
BLACK
6
CONTINUOUS
10
2.8779738976377951
20
-5.6116975196850394
11
2.874543622047244
21
-5.6168312992125982
0
LINE
8
BLACK
6
CONTINUOUS
10
2.874543622047244
20
-5.6168312992125982
11
2.8701777559055119
21
-5.6211971653543307
0
LINE
8
BLACK
6
CONTINUOUS
10
2.8701777559055119
20
-5.6211971653543307
11
2.8650439763779527
21
-5.6246274409448818
0
LINE
8
BLACK
6
CONTINUOUS
10
2.8650439763779527
20
-5.6246274409448818
11
2.85933968503937
21
-5.6269902362204727
0
LINE
8
BLACK
6
CONTINUOUS
10
2.85933968503937
20
-5.6269902362204727
11
2.8532840157480313
21
-5.6281948031496061
0
LINE
8
BLACK
6
CONTINUOUS
10
2.8532840157480313
20
-5.6281948031496061
11
2.8471096850393702
21
-5.6281948031496061
0
LINE
8
BLACK
6
CONTINUOUS
10
2.8471096850393702
20
-5.6281948031496061
11
2.8410540157480315
21
-5.6269902362204727
0
LINE
8
BLACK
6
CONTINUOUS
10
2.8410540157480315
20
-5.6269902362204727
11
2.8353497244094488
21
-5.6246274409448818
0
LINE
8
BLACK
6
CONTINUOUS
10
2.8353497244094488
20
-5.6246274409448818
11
2.8302159448818895
21
-5.6211971653543307
0
LINE
8
BLACK
6
CONTINUOUS
10
2.8302159448818895
20
-5.6211971653543307
11
2.8258500787401575
21
-5.6168312992125982
0
LINE
8
BLACK
6
CONTINUOUS
10
2.8258500787401575
20
-5.6168312992125982
11
2.8224198031496064
21
-5.6116975196850394
0
LINE
8
BLACK
6
CONTINUOUS
10
2.8224198031496064
20
-5.6116975196850394
11
2.8200570078740155
21
-5.6059932283464562
0
LINE
8
BLACK
6
CONTINUOUS
10
2.8200570078740155
20
-5.6059932283464562
11
2.8188524409448816
21
-5.5999375590551184
0
LINE
8
BLACK
6
CONTINUOUS
10
2.8188524409448816
20
-5.5999375590551184
11
2.8188524409448816
21
-5.5937632283464565
0
LINE
8
BLACK
6
CONTINUOUS
10
2.8188524409448816
20
-5.5937632283464565
11
2.8200570078740155
21
-5.5877075590551177
0
LINE
8
BLACK
6
CONTINUOUS
10
2.8200570078740155
20
-5.5877075590551177
11
2.8224198031496064
21
-5.5820032677165354
0
LINE
8
BLACK
6
CONTINUOUS
10
2.8224198031496064
20
-5.5820032677165354
11
2.8258500787401575
21
-5.5768694881889767
0
LINE
8
BLACK
6
CONTINUOUS
10
2.8258500787401575
20
-5.5768694881889767
11
2.8302159448818895
21
-5.5725036220472441
0
LINE
8
BLACK
6
CONTINUOUS
10
2.8302159448818895
20
-5.5725036220472441
11
2.8353497244094488
21
-5.5690733464566931
0
LINE
8
BLACK
6
CONTINUOUS
10
2.8353497244094488
20
-5.5690733464566931
11
2.8410540157480315
21
-5.5667105511811021
0
LINE
8
BLACK
6
CONTINUOUS
10
2.8410540157480315
20
-5.5667105511811021
11
2.8471096850393702
21
-5.5655059842519687
0
LINE
8
BLACK
6
CONTINUOUS
10
2.8471096850393702
20
-5.5655059842519687
11
2.8532840157480313
21
-5.5655059842519687
0
LINE
8
BLACK
6
CONTINUOUS
10
2.8532840157480313
20
-5.5655059842519687
11
2.85933968503937
21
-5.5667105511811021
0
LINE
8
BLACK
6
CONTINUOUS
10
7.0091428346456688
20
-5.5667105511811021
11
7.014847125984252
21
-5.5690733464566931
0
LINE
8
BLACK
6
CONTINUOUS
10
7.014847125984252
20
-5.5690733464566931
11
7.0199809055118108
21
-5.5725036220472441
0
LINE
8
BLACK
6
CONTINUOUS
10
7.0199809055118108
20
-5.5725036220472441
11
7.0243467716535433
21
-5.5768694881889767
0
LINE
8
BLACK
6
CONTINUOUS
10
7.0243467716535433
20
-5.5768694881889767
11
7.0277770472440944
21
-5.5820032677165354
0
LINE
8
BLACK
6
CONTINUOUS
10
7.0277770472440944
20
-5.5820032677165354
11
7.0301398425196853
21
-5.5877075590551177
0
LINE
8
BLACK
6
CONTINUOUS
10
7.0301398425196853
20
-5.5877075590551177
11
7.0313444094488187
21
-5.5937632283464565
0
LINE
8
BLACK
6
CONTINUOUS
10
7.0313444094488187
20
-5.5937632283464565
11
7.0313444094488187
21
-5.5999375590551184
0
LINE
8
BLACK
6
CONTINUOUS
10
7.0313444094488187
20
-5.5999375590551184
11
7.0301398425196853
21
-5.6059932283464562
0
LINE
8
BLACK
6
CONTINUOUS
10
7.0301398425196853
20
-5.6059932283464562
11
7.0277770472440944
21
-5.6116975196850394
0
LINE
8
BLACK
6
CONTINUOUS
10
7.0277770472440944
20
-5.6116975196850394
11
7.0243467716535433
21
-5.6168312992125982
0
LINE
8
BLACK
6
CONTINUOUS
10
7.0243467716535433
20
-5.6168312992125982
11
7.0199809055118108
21
-5.6211971653543307
0
LINE
8
BLACK
6
CONTINUOUS
10
7.0199809055118108
20
-5.6211971653543307
11
7.014847125984252
21
-5.6246274409448818
0
LINE
8
BLACK
6
CONTINUOUS
10
7.014847125984252
20
-5.6246274409448818
11
7.0091428346456688
21
-5.6269902362204727
0
LINE
8
BLACK
6
CONTINUOUS
10
7.0091428346456688
20
-5.6269902362204727
11
7.003087165354331
21
-5.6281948031496061
0
LINE
8
BLACK
6
CONTINUOUS
10
7.003087165354331
20
-5.6281948031496061
11
6.996912834645669
21
-5.6281948031496061
0
LINE
8
BLACK
6
CONTINUOUS
10
6.996912834645669
20
-5.6281948031496061
11
6.9908571653543303
21
-5.6269902362204727
0
LINE
8
BLACK
6
CONTINUOUS
10
6.9908571653543303
20
-5.6269902362204727
11
6.985152874015748
21
-5.6246274409448818
0
LINE
8
BLACK
6
CONTINUOUS
10
6.985152874015748
20
-5.6246274409448818
11
6.9800190944881892
21
-5.6211971653543307
0
LINE
8
BLACK
6
CONTINUOUS
10
6.9800190944881892
20
-5.6211971653543307
11
6.9756532283464567
21
-5.6168312992125982
0
LINE
8
BLACK
6
CONTINUOUS
10
6.9756532283464567
20
-5.6168312992125982
11
6.9722229527559056
21
-5.6116975196850394
0
LINE
8
BLACK
6
CONTINUOUS
10
6.9722229527559056
20
-5.6116975196850394
11
6.9698601574803147
21
-5.6059932283464562
0
LINE
8
BLACK
6
CONTINUOUS
10
6.9698601574803147
20
-5.6059932283464562
11
6.9686555905511813
21
-5.5999375590551184
0
LINE
8
BLACK
6
CONTINUOUS
10
6.9686555905511813
20
-5.5999375590551184
11
6.9686555905511813
21
-5.5937632283464565
0
LINE
8
BLACK
6
CONTINUOUS
10
6.9686555905511813
20
-5.5937632283464565
11
6.9698601574803147
21
-5.5877075590551177
0
LINE
8
BLACK
6
CONTINUOUS
10
6.9698601574803147
20
-5.5877075590551177
11
6.9722229527559056
21
-5.5820032677165354
0
LINE
8
BLACK
6
CONTINUOUS
10
6.9722229527559056
20
-5.5820032677165354
11
6.9756532283464567
21
-5.5768694881889767
0
LINE
8
BLACK
6
CONTINUOUS
10
6.9756532283464567
20
-5.5768694881889767
11
6.9800190944881892
21
-5.5725036220472441
0
LINE
8
BLACK
6
CONTINUOUS
10
6.9800190944881892
20
-5.5725036220472441
11
6.985152874015748
21
-5.5690733464566931
0
LINE
8
BLACK
6
CONTINUOUS
10
6.985152874015748
20
-5.5690733464566931
11
6.9908571653543303
21
-5.5667105511811021
0
LINE
8
BLACK
6
CONTINUOUS
10
6.9908571653543303
20
-5.5667105511811021
11
6.996912834645669
21
-5.5655059842519687
0
LINE
8
BLACK
6
CONTINUOUS
10
6.996912834645669
20
-5.5655059842519687
11
7.003087165354331
21
-5.5655059842519687
0
LINE
8
BLACK
6
CONTINUOUS
10
7.003087165354331
20
-5.5655059842519687
11
7.0091428346456688
21
-5.5667105511811021
0
LINE
8
BLACK
6
CONTINUOUS
10
4.5581968110236222
20
-5.5736276377952754
11
4.5631881102362204
21
-5.5756950787401571
0
LINE
8
BLACK
6
CONTINUOUS
10
4.5631881102362204
20
-5.5756950787401571
11
4.5676801181102364
21
-5.5786965748031498
0
LINE
8
BLACK
6
CONTINUOUS
10
4.5676801181102364
20
-5.5786965748031498
11
4.5715002755905507
21
-5.5825167322834641
0
LINE
8
BLACK
6
CONTINUOUS
10
4.5715002755905507
20
-5.5825167322834641
11
4.5745017716535434
21
-5.5870087401574802
0
LINE
8
BLACK
6
CONTINUOUS
10
4.5745017716535434
20
-5.5870087401574802
11
4.5765692125984252
21
-5.5920000393700784
0
LINE
8
BLACK
6
CONTINUOUS
10
4.5765692125984252
20
-5.5920000393700784
11
4.5776231889763777
21
-5.5972987401574805
0
LINE
8
BLACK
6
CONTINUOUS
10
4.5776231889763777
20
-5.5972987401574805
11
4.5776231889763777
21
-5.6027012598425197
0
LINE
8
BLACK
6
CONTINUOUS
10
4.5776231889763777
20
-5.6027012598425197
11
4.5765692125984252
21
-5.6079999606299209
0
LINE
8
BLACK
6
CONTINUOUS
10
4.5765692125984252
20
-5.6079999606299209
11
4.5745017716535434
21
-5.6129912598425191
0
LINE
8
BLACK
6
CONTINUOUS
10
4.5745017716535434
20
-5.6129912598425191
11
4.5715002755905507
21
-5.6174832677165352
0
LINE
8
BLACK
6
CONTINUOUS
10
4.5715002755905507
20
-5.6174832677165352
11
4.5676801181102364
21
-5.6213034251968503
0
LINE
8
BLACK
6
CONTINUOUS
10
4.5676801181102364
20
-5.6213034251968503
11
4.5631881102362204
21
-5.6243049212598422
0
LINE
8
BLACK
6
CONTINUOUS
10
4.5631881102362204
20
-5.6243049212598422
11
4.5581968110236222
21
-5.6263723622047239
0
LINE
8
BLACK
6
CONTINUOUS
10
4.5581968110236222
20
-5.6263723622047239
11
4.55289811023622
21
-5.6274263385826773
0
LINE
8
BLACK
6
CONTINUOUS
10
4.55289811023622
20
-5.6274263385826773
11
4.5474955905511809
21
-5.6274263385826773
0
LINE
8
BLACK
6
CONTINUOUS
10
4.5474955905511809
20
-5.6274263385826773
11
4.5421968897637797
21
-5.6263723622047239
0
LINE
8
BLACK
6
CONTINUOUS
10
4.5421968897637797
20
-5.6263723622047239
11
4.5372055905511806
21
-5.6243049212598422
0
LINE
8
BLACK
6
CONTINUOUS
10
4.5372055905511806
20
-5.6243049212598422
11
4.5327135826771654
21
-5.6213034251968503
0
LINE
8
BLACK
6
CONTINUOUS
10
4.5327135826771654
20
-5.6213034251968503
11
4.5288934251968502
21
-5.6174832677165352
0
LINE
8
BLACK
6
CONTINUOUS
10
4.5288934251968502
20
-5.6174832677165352
11
4.5258919291338584
21
-5.6129912598425191
0
LINE
8
BLACK
6
CONTINUOUS
10
4.5258919291338584
20
-5.6129912598425191
11
4.5238244881889766
21
-5.6079999606299209
0
LINE
8
BLACK
6
CONTINUOUS
10
4.5238244881889766
20
-5.6079999606299209
11
4.5227705118110233
21
-5.6027012598425197
0
LINE
8
BLACK
6
CONTINUOUS
10
4.5227705118110233
20
-5.6027012598425197
11
4.5227705118110233
21
-5.5972987401574805
0
LINE
8
BLACK
6
CONTINUOUS
10
4.5227705118110233
20
-5.5972987401574805
11
4.5238244881889766
21
-5.5920000393700784
0
LINE
8
BLACK
6
CONTINUOUS
10
4.5238244881889766
20
-5.5920000393700784
11
4.5258919291338584
21
-5.5870087401574802
0
LINE
8
BLACK
6
CONTINUOUS
10
4.5258919291338584
20
-5.5870087401574802
11
4.5288934251968502
21
-5.5825167322834641
0
LINE
8
BLACK
6
CONTINUOUS
10
4.5288934251968502
20
-5.5825167322834641
11
4.5327135826771654
21
-5.5786965748031498
0
LINE
8
BLACK
6
CONTINUOUS
10
4.5327135826771654
20
-5.5786965748031498
11
4.5372055905511806
21
-5.5756950787401571
0
LINE
8
BLACK
6
CONTINUOUS
10
4.5372055905511806
20
-5.5756950787401571
11
4.5421968897637797
21
-5.5736276377952754
0
LINE
8
BLACK
6
CONTINUOUS
10
4.5421968897637797
20
-5.5736276377952754
11
4.5474955905511809
21
-5.5725736614173229
0
LINE
8
BLACK
6
CONTINUOUS
10
4.5474955905511809
20
-5.5725736614173229
11
4.55289811023622
21
-5.5725736614173229
0
LINE
8
BLACK
6
CONTINUOUS
10
4.55289811023622
20
-5.5725736614173229
11
4.5581968110236222
21
-5.5736276377952754
0
LINE
8
BLACK
6
CONTINUOUS
10
3.0581968110236222
20
-5.5704780314960631
11
3.0631881102362204
21
-5.5725454724409449
0
LINE
8
BLACK
6
CONTINUOUS
10
3.0631881102362204
20
-5.5725454724409449
11
3.067680118110236
21
-5.5755469685039367
0
LINE
8
BLACK
6
CONTINUOUS
10
3.067680118110236
20
-5.5755469685039367
11
3.0715002755905512
21
-5.5793671259842519
0
LINE
8
BLACK
6
CONTINUOUS
10
3.0715002755905512
20
-5.5793671259842519
11
3.0745017716535434
21
-5.5838591338582679
0
LINE
8
BLACK
6
CONTINUOUS
10
3.0745017716535434
20
-5.5838591338582679
11
3.0765692125984252
21
-5.5888504330708662
0
LINE
8
BLACK
6
CONTINUOUS
10
3.0765692125984252
20
-5.5888504330708662
11
3.0776231889763781
21
-5.5941491338582674
0
LINE
8
BLACK
6
CONTINUOUS
10
3.0776231889763781
20
-5.5941491338582674
11
3.0776231889763781
21
-5.5995516535433065
0
LINE
8
BLACK
6
CONTINUOUS
10
3.0776231889763781
20
-5.5995516535433065
11
3.0765692125984252
21
-5.6048503543307087
0
LINE
8
BLACK
6
CONTINUOUS
10
3.0765692125984252
20
-5.6048503543307087
11
3.0745017716535434
21
-5.6098416535433069
0
LINE
8
BLACK
6
CONTINUOUS
10
3.0745017716535434
20
-5.6098416535433069
11
3.0715002755905512
21
-5.6143336614173229
0
LINE
8
BLACK
6
CONTINUOUS
10
3.0715002755905512
20
-5.6143336614173229
11
3.067680118110236
21
-5.6181538188976381
0
LINE
8
BLACK
6
CONTINUOUS
10
3.067680118110236
20
-5.6181538188976381
11
3.0631881102362204
21
-5.6211553149606299
0
LINE
8
BLACK
6
CONTINUOUS
10
3.0631881102362204
20
-5.6211553149606299
11
3.0581968110236222
21
-5.6232227559055117
0
LINE
8
BLACK
6
CONTINUOUS
10
3.0581968110236222
20
-5.6232227559055117
11
3.0528981102362205
21
-5.6242767322834641
0
LINE
8
BLACK
6
CONTINUOUS
10
3.0528981102362205
20
-5.6242767322834641
11
3.0474955905511809
21
-5.6242767322834641
0
LINE
8
BLACK
6
CONTINUOUS
10
3.0474955905511809
20
-5.6242767322834641
11
3.0421968897637797
21
-5.6232227559055117
0
LINE
8
BLACK
6
CONTINUOUS
10
3.0421968897637797
20
-5.6232227559055117
11
3.037205590551181
21
-5.6211553149606299
0
LINE
8
BLACK
6
CONTINUOUS
10
3.037205590551181
20
-5.6211553149606299
11
3.0327135826771654
21
-5.6181538188976381
0
LINE
8
BLACK
6
CONTINUOUS
10
3.0327135826771654
20
-5.6181538188976381
11
3.0288934251968502
21
-5.6143336614173229
0
LINE
8
BLACK
6
CONTINUOUS
10
3.0288934251968502
20
-5.6143336614173229
11
3.0258919291338584
21
-5.6098416535433069
0
LINE
8
BLACK
6
CONTINUOUS
10
3.0258919291338584
20
-5.6098416535433069
11
3.0238244881889762
21
-5.6048503543307087
0
LINE
8
BLACK
6
CONTINUOUS
10
3.0238244881889762
20
-5.6048503543307087
11
3.0227705118110237
21
-5.5995516535433065
0
LINE
8
BLACK
6
CONTINUOUS
10
3.0227705118110237
20
-5.5995516535433065
11
3.0227705118110237
21
-5.5941491338582674
0
LINE
8
BLACK
6
CONTINUOUS
10
3.0227705118110237
20
-5.5941491338582674
11
3.0238244881889762
21
-5.5888504330708662
0
LINE
8
BLACK
6
CONTINUOUS
10
3.0238244881889762
20
-5.5888504330708662
11
3.0258919291338584
21
-5.5838591338582679
0
LINE
8
BLACK
6
CONTINUOUS
10
3.0258919291338584
20
-5.5838591338582679
11
3.0288934251968502
21
-5.5793671259842519
0
LINE
8
BLACK
6
CONTINUOUS
10
3.0288934251968502
20
-5.5793671259842519
11
3.0327135826771654
21
-5.5755469685039367
0
LINE
8
BLACK
6
CONTINUOUS
10
3.0327135826771654
20
-5.5755469685039367
11
3.037205590551181
21
-5.5725454724409449
0
LINE
8
BLACK
6
CONTINUOUS
10
3.037205590551181
20
-5.5725454724409449
11
3.0421968897637797
21
-5.5704780314960631
0
LINE
8
BLACK
6
CONTINUOUS
10
3.0421968897637797
20
-5.5704780314960631
11
3.0474955905511809
21
-5.5694240551181098
0
LINE
8
BLACK
6
CONTINUOUS
10
3.0474955905511809
20
-5.5694240551181098
11
3.0528981102362205
21
-5.5694240551181098
0
LINE
8
BLACK
6
CONTINUOUS
10
3.0528981102362205
20
-5.5694240551181098
11
3.0581968110236222
21
-5.5704780314960631
0
LINE
8
BLACK
6
CONTINUOUS
10
0.9097142519685039
20
-5.4679764173228342
11
0.9157750787401575
21
-5.4704868897637793
0
LINE
8
BLACK
6
CONTINUOUS
10
0.9157750787401575
20
-5.4704868897637793
11
0.9212296850393701
21
-5.4741315354330711
0
LINE
8
BLACK
6
CONTINUOUS
10
0.9212296850393701
20
-5.4741315354330711
11
0.9258684645669291
21
-5.4787703149606299
0
LINE
8
BLACK
6
CONTINUOUS
10
0.9258684645669291
20
-5.4787703149606299
11
0.9295131102362204
21
-5.484224921259842
0
LINE
8
BLACK
6
CONTINUOUS
10
0.9295131102362204
20
-5.484224921259842
11
0.9320235826771653
21
-5.4902857480314955
0
LINE
8
BLACK
6
CONTINUOUS
10
0.9320235826771653
20
-5.4902857480314955
11
0.9333034251968504
21
-5.4967198818897636
0
LINE
8
BLACK
6
CONTINUOUS
10
0.9333034251968504
20
-5.4967198818897636
11
0.9333034251968504
21
-5.5032801181102364
0
LINE
8
BLACK
6
CONTINUOUS
10
0.9333034251968504
20
-5.5032801181102364
11
0.9320235826771653
21
-5.5097142519685036
0
LINE
8
BLACK
6
CONTINUOUS
10
0.9320235826771653
20
-5.5097142519685036
11
0.9295131102362204
21
-5.5157750787401572
0
LINE
8
BLACK
6
CONTINUOUS
10
0.9295131102362204
20
-5.5157750787401572
11
0.9258684645669291
21
-5.5212296850393701
0
LINE
8
BLACK
6
CONTINUOUS
10
0.9258684645669291
20
-5.5212296850393701
11
0.9212296850393701
21
-5.5258684645669289
0
LINE
8
BLACK
6
CONTINUOUS
10
0.9212296850393701
20
-5.5258684645669289
11
0.9157750787401575
21
-5.5295131102362207
0
LINE
8
BLACK
6
CONTINUOUS
10
0.9157750787401575
20
-5.5295131102362207
11
0.9097142519685039
21
-5.5320235826771649
0
LINE
8
BLACK
6
CONTINUOUS
10
0.9097142519685039
20
-5.5320235826771649
11
0.9032801181102362
21
-5.5333034251968503
0
LINE
8
BLACK
6
CONTINUOUS
10
0.9032801181102362
20
-5.5333034251968503
11
0.8967198818897638
21
-5.5333034251968503
0
LINE
8
BLACK
6
CONTINUOUS
10
0.8967198818897638
20
-5.5333034251968503
11
0.8902857480314961
21
-5.5320235826771649
0
LINE
8
BLACK
6
CONTINUOUS
10
0.8902857480314961
20
-5.5320235826771649
11
0.8842249212598425
21
-5.5295131102362207
0
LINE
8
BLACK
6
CONTINUOUS
10
0.8842249212598425
20
-5.5295131102362207
11
0.8787703149606299
21
-5.5258684645669289
0
LINE
8
BLACK
6
CONTINUOUS
10
0.8787703149606299
20
-5.5258684645669289
11
0.8741315354330709
21
-5.5212296850393701
0
LINE
8
BLACK
6
CONTINUOUS
10
0.8741315354330709
20
-5.5212296850393701
11
0.8704868897637795
21
-5.5157750787401572
0
LINE
8
BLACK
6
CONTINUOUS
10
0.8704868897637795
20
-5.5157750787401572
11
0.8679764173228346
21
-5.5097142519685036
0
LINE
8
BLACK
6
CONTINUOUS
10
0.8679764173228346
20
-5.5097142519685036
11
0.8666965748031495
21
-5.5032801181102364
0
LINE
8
BLACK
6
CONTINUOUS
10
0.8666965748031495
20
-5.5032801181102364
11
0.8666965748031495
21
-5.4967198818897636
0
LINE
8
BLACK
6
CONTINUOUS
10
0.8666965748031495
20
-5.4967198818897636
11
0.8679764173228346
21
-5.4902857480314955
0
LINE
8
BLACK
6
CONTINUOUS
10
0.8679764173228346
20
-5.4902857480314955
11
0.8704868897637795
21
-5.484224921259842
0
LINE
8
BLACK
6
CONTINUOUS
10
0.8704868897637795
20
-5.484224921259842
11
0.8741315354330709
21
-5.4787703149606299
0
LINE
8
BLACK
6
CONTINUOUS
10
0.8741315354330709
20
-5.4787703149606299
11
0.8787703149606299
21
-5.4741315354330711
0
LINE
8
BLACK
6
CONTINUOUS
10
0.8787703149606299
20
-5.4741315354330711
11
0.8842249212598425
21
-5.4704868897637793
0
LINE
8
BLACK
6
CONTINUOUS
10
0.8842249212598425
20
-5.4704868897637793
11
0.8902857480314961
21
-5.4679764173228342
0
LINE
8
BLACK
6
CONTINUOUS
10
0.8902857480314961
20
-5.4679764173228342
11
0.8967198818897638
21
-5.4666965748031497
0
LINE
8
BLACK
6
CONTINUOUS
10
0.8967198818897638
20
-5.4666965748031497
11
0.9032801181102362
21
-5.4666965748031497
0
LINE
8
BLACK
6
CONTINUOUS
10
0.9032801181102362
20
-5.4666965748031497
11
0.9097142519685039
21
-5.4679764173228342
0
LINE
8
BLACK
6
CONTINUOUS
10
8.8097142519685043
20
-5.4679764173228342
11
8.8157750787401579
21
-5.4704868897637793
0
LINE
8
BLACK
6
CONTINUOUS
10
8.8157750787401579
20
-5.4704868897637793
11
8.8212296850393699
21
-5.4741315354330711
0
LINE
8
BLACK
6
CONTINUOUS
10
8.8212296850393699
20
-5.4741315354330711
11
8.8258684645669288
21
-5.4787703149606299
0
LINE
8
BLACK
6
CONTINUOUS
10
8.8258684645669288
20
-5.4787703149606299
11
8.8295131102362205
21
-5.484224921259842
0
LINE
8
BLACK
6
CONTINUOUS
10
8.8295131102362205
20
-5.484224921259842
11
8.8320235826771647
21
-5.4902857480314955
0
LINE
8
BLACK
6
CONTINUOUS
10
8.8320235826771647
20
-5.4902857480314955
11
8.833303425196851
21
-5.4967198818897636
0
LINE
8
BLACK
6
CONTINUOUS
10
8.833303425196851
20
-5.4967198818897636
11
8.833303425196851
21
-5.5032801181102364
0
LINE
8
BLACK
6
CONTINUOUS
10
8.833303425196851
20
-5.5032801181102364
11
8.8320235826771647
21
-5.5097142519685036
0
LINE
8
BLACK
6
CONTINUOUS
10
8.8320235826771647
20
-5.5097142519685036
11
8.8295131102362205
21
-5.5157750787401572
0
LINE
8
BLACK
6
CONTINUOUS
10
8.8295131102362205
20
-5.5157750787401572
11
8.8258684645669288
21
-5.5212296850393701
0
LINE
8
BLACK
6
CONTINUOUS
10
8.8258684645669288
20
-5.5212296850393701
11
8.8212296850393699
21
-5.5258684645669289
0
LINE
8
BLACK
6
CONTINUOUS
10
8.8212296850393699
20
-5.5258684645669289
11
8.8157750787401579
21
-5.5295131102362207
0
LINE
8
BLACK
6
CONTINUOUS
10
8.8157750787401579
20
-5.5295131102362207
11
8.8097142519685043
21
-5.5320235826771649
0
LINE
8
BLACK
6
CONTINUOUS
10
8.8097142519685043
20
-5.5320235826771649
11
8.8032801181102354
21
-5.5333034251968503
0
LINE
8
BLACK
6
CONTINUOUS
10
8.8032801181102354
20
-5.5333034251968503
11
8.7967198818897643
21
-5.5333034251968503
0
LINE
8
BLACK
6
CONTINUOUS
10
8.7967198818897643
20
-5.5333034251968503
11
8.7902857480314953
21
-5.5320235826771649
0
LINE
8
BLACK
6
CONTINUOUS
10
8.7902857480314953
20
-5.5320235826771649
11
8.7842249212598418
21
-5.5295131102362207
0
LINE
8
BLACK
6
CONTINUOUS
10
8.7842249212598418
20
-5.5295131102362207
11
8.7787703149606298
21
-5.5258684645669289
0
LINE
8
BLACK
6
CONTINUOUS
10
8.7787703149606298
20
-5.5258684645669289
11
8.7741315354330709
21
-5.5212296850393701
0
LINE
8
BLACK
6
CONTINUOUS
10
8.7741315354330709
20
-5.5212296850393701
11
8.7704868897637791
21
-5.5157750787401572
0
LINE
8
BLACK
6
CONTINUOUS
10
8.7704868897637791
20
-5.5157750787401572
11
8.7679764173228349
21
-5.5097142519685036
0
LINE
8
BLACK
6
CONTINUOUS
10
8.7679764173228349
20
-5.5097142519685036
11
8.7666965748031487
21
-5.5032801181102364
0
LINE
8
BLACK
6
CONTINUOUS
10
8.7666965748031487
20
-5.5032801181102364
11
8.7666965748031487
21
-5.4967198818897636
0
LINE
8
BLACK
6
CONTINUOUS
10
8.7666965748031487
20
-5.4967198818897636
11
8.7679764173228349
21
-5.4902857480314955
0
LINE
8
BLACK
6
CONTINUOUS
10
8.7679764173228349
20
-5.4902857480314955
11
8.7704868897637791
21
-5.484224921259842
0
LINE
8
BLACK
6
CONTINUOUS
10
8.7704868897637791
20
-5.484224921259842
11
8.7741315354330709
21
-5.4787703149606299
0
LINE
8
BLACK
6
CONTINUOUS
10
8.7741315354330709
20
-5.4787703149606299
11
8.7787703149606298
21
-5.4741315354330711
0
LINE
8
BLACK
6
CONTINUOUS
10
8.7787703149606298
20
-5.4741315354330711
11
8.7842249212598418
21
-5.4704868897637793
0
LINE
8
BLACK
6
CONTINUOUS
10
8.7842249212598418
20
-5.4704868897637793
11
8.7902857480314953
21
-5.4679764173228342
0
LINE
8
BLACK
6
CONTINUOUS
10
8.7902857480314953
20
-5.4679764173228342
11
8.7967198818897643
21
-5.4666965748031497
0
LINE
8
BLACK
6
CONTINUOUS
10
8.7967198818897643
20
-5.4666965748031497
11
8.8032801181102354
21
-5.4666965748031497
0
LINE
8
BLACK
6
CONTINUOUS
10
8.8032801181102354
20
-5.4666965748031497
11
8.8097142519685043
21
-5.4679764173228342
0
LINE
8
BLACK
6
CONTINUOUS
10
8.909714251968504
20
-5.4679764173228342
11
8.9157750787401575
21
-5.4704868897637793
0
LINE
8
BLACK
6
CONTINUOUS
10
8.9157750787401575
20
-5.4704868897637793
11
8.9212296850393695
21
-5.4741315354330711
0
LINE
8
BLACK
6
CONTINUOUS
10
8.9212296850393695
20
-5.4741315354330711
11
8.9258684645669284
21
-5.4787703149606299
0
LINE
8
BLACK
6
CONTINUOUS
10
8.9258684645669284
20
-5.4787703149606299
11
8.9295131102362202
21
-5.484224921259842
0
LINE
8
BLACK
6
CONTINUOUS
10
8.9295131102362202
20
-5.484224921259842
11
8.9320235826771643
21
-5.4902857480314955
0
LINE
8
BLACK
6
CONTINUOUS
10
8.9320235826771643
20
-5.4902857480314955
11
8.9333034251968506
21
-5.4967198818897636
0
LINE
8
BLACK
6
CONTINUOUS
10
8.9333034251968506
20
-5.4967198818897636
11
8.9333034251968506
21
-5.5032801181102364
0
LINE
8
BLACK
6
CONTINUOUS
10
8.9333034251968506
20
-5.5032801181102364
11
8.9320235826771643
21
-5.5097142519685036
0
LINE
8
BLACK
6
CONTINUOUS
10
8.9320235826771643
20
-5.5097142519685036
11
8.9295131102362202
21
-5.5157750787401572
0
LINE
8
BLACK
6
CONTINUOUS
10
8.9295131102362202
20
-5.5157750787401572
11
8.9258684645669284
21
-5.5212296850393701
0
LINE
8
BLACK
6
CONTINUOUS
10
8.9258684645669284
20
-5.5212296850393701
11
8.9212296850393695
21
-5.5258684645669289
0
LINE
8
BLACK
6
CONTINUOUS
10
8.9212296850393695
20
-5.5258684645669289
11
8.9157750787401575
21
-5.5295131102362207
0
LINE
8
BLACK
6
CONTINUOUS
10
8.9157750787401575
20
-5.5295131102362207
11
8.909714251968504
21
-5.5320235826771649
0
LINE
8
BLACK
6
CONTINUOUS
10
8.909714251968504
20
-5.5320235826771649
11
8.9032801181102368
21
-5.5333034251968503
0
LINE
8
BLACK
6
CONTINUOUS
10
8.9032801181102368
20
-5.5333034251968503
11
8.8967198818897639
21
-5.5333034251968503
0
LINE
8
BLACK
6
CONTINUOUS
10
8.8967198818897639
20
-5.5333034251968503
11
8.8902857480314967
21
-5.5320235826771649
0
LINE
8
BLACK
6
CONTINUOUS
10
8.8902857480314967
20
-5.5320235826771649
11
8.8842249212598432
21
-5.5295131102362207
0
LINE
8
BLACK
6
CONTINUOUS
10
8.8842249212598432
20
-5.5295131102362207
11
8.8787703149606294
21
-5.5258684645669289
0
LINE
8
BLACK
6
CONTINUOUS
10
8.8787703149606294
20
-5.5258684645669289
11
8.8741315354330705
21
-5.5212296850393701
0
LINE
8
BLACK
6
CONTINUOUS
10
8.8741315354330705
20
-5.5212296850393701
11
8.8704868897637787
21
-5.5157750787401572
0
LINE
8
BLACK
6
CONTINUOUS
10
8.8704868897637787
20
-5.5157750787401572
11
8.8679764173228346
21
-5.5097142519685036
0
LINE
8
BLACK
6
CONTINUOUS
10
8.8679764173228346
20
-5.5097142519685036
11
8.8666965748031501
21
-5.5032801181102364
0
LINE
8
BLACK
6
CONTINUOUS
10
8.8666965748031501
20
-5.5032801181102364
11
8.8666965748031501
21
-5.4967198818897636
0
LINE
8
BLACK
6
CONTINUOUS
10
8.8666965748031501
20
-5.4967198818897636
11
8.8679764173228346
21
-5.4902857480314955
0
LINE
8
BLACK
6
CONTINUOUS
10
8.8679764173228346
20
-5.4902857480314955
11
8.8704868897637787
21
-5.484224921259842
0
LINE
8
BLACK
6
CONTINUOUS
10
8.8704868897637787
20
-5.484224921259842
11
8.8741315354330705
21
-5.4787703149606299
0
LINE
8
BLACK
6
CONTINUOUS
10
8.8741315354330705
20
-5.4787703149606299
11
8.8787703149606294
21
-5.4741315354330711
0
LINE
8
BLACK
6
CONTINUOUS
10
8.8787703149606294
20
-5.4741315354330711
11
8.8842249212598432
21
-5.4704868897637793
0
LINE
8
BLACK
6
CONTINUOUS
10
8.8842249212598432
20
-5.4704868897637793
11
8.8902857480314967
21
-5.4679764173228342
0
LINE
8
BLACK
6
CONTINUOUS
10
8.8902857480314967
20
-5.4679764173228342
11
8.8967198818897639
21
-5.4666965748031497
0
LINE
8
BLACK
6
CONTINUOUS
10
8.8967198818897639
20
-5.4666965748031497
11
8.9032801181102368
21
-5.4666965748031497
0
LINE
8
BLACK
6
CONTINUOUS
10
8.9032801181102368
20
-5.4666965748031497
11
8.909714251968504
21
-5.4679764173228342
0
LINE
8
BLACK
6
CONTINUOUS
10
10.409714251968504
20
-5.4679764173228342
11
10.4157750787401575
21
-5.4704868897637793
0
LINE
8
BLACK
6
CONTINUOUS
10
10.4157750787401575
20
-5.4704868897637793
11
10.4212296850393695
21
-5.4741315354330711
0
LINE
8
BLACK
6
CONTINUOUS
10
10.4212296850393695
20
-5.4741315354330711
11
10.4258684645669284
21
-5.4787703149606299
0
LINE
8
BLACK
6
CONTINUOUS
10
10.4258684645669284
20
-5.4787703149606299
11
10.4295131102362202
21
-5.484224921259842
0
LINE
8
BLACK
6
CONTINUOUS
10
10.4295131102362202
20
-5.484224921259842
11
10.4320235826771643
21
-5.4902857480314955
0
LINE
8
BLACK
6
CONTINUOUS
10
10.4320235826771643
20
-5.4902857480314955
11
10.4333034251968506
21
-5.4967198818897636
0
LINE
8
BLACK
6
CONTINUOUS
10
10.4333034251968506
20
-5.4967198818897636
11
10.4333034251968506
21
-5.5032801181102364
0
LINE
8
BLACK
6
CONTINUOUS
10
10.4333034251968506
20
-5.5032801181102364
11
10.4320235826771643
21
-5.5097142519685036
0
LINE
8
BLACK
6
CONTINUOUS
10
10.4320235826771643
20
-5.5097142519685036
11
10.4295131102362202
21
-5.5157750787401572
0
LINE
8
BLACK
6
CONTINUOUS
10
10.4295131102362202
20
-5.5157750787401572
11
10.4258684645669284
21
-5.5212296850393701
0
LINE
8
BLACK
6
CONTINUOUS
10
10.4258684645669284
20
-5.5212296850393701
11
10.4212296850393695
21
-5.5258684645669289
0
LINE
8
BLACK
6
CONTINUOUS
10
10.4212296850393695
20
-5.5258684645669289
11
10.4157750787401575
21
-5.5295131102362207
0
LINE
8
BLACK
6
CONTINUOUS
10
10.4157750787401575
20
-5.5295131102362207
11
10.409714251968504
21
-5.5320235826771649
0
LINE
8
BLACK
6
CONTINUOUS
10
10.409714251968504
20
-5.5320235826771649
11
10.4032801181102368
21
-5.5333034251968503
0
LINE
8
BLACK
6
CONTINUOUS
10
10.4032801181102368
20
-5.5333034251968503
11
10.3967198818897639
21
-5.5333034251968503
0
LINE
8
BLACK
6
CONTINUOUS
10
10.3967198818897639
20
-5.5333034251968503
11
10.390285748031495
21
-5.5320235826771649
0
LINE
8
BLACK
6
CONTINUOUS
10
10.390285748031495
20
-5.5320235826771649
11
10.3842249212598414
21
-5.5295131102362207
0
LINE
8
BLACK
6
CONTINUOUS
10
10.3842249212598414
20
-5.5295131102362207
11
10.3787703149606294
21
-5.5258684645669289
0
LINE
8
BLACK
6
CONTINUOUS
10
10.3787703149606294
20
-5.5258684645669289
11
10.3741315354330705
21
-5.5212296850393701
0
LINE
8
BLACK
6
CONTINUOUS
10
10.3741315354330705
20
-5.5212296850393701
11
10.3704868897637787
21
-5.5157750787401572
0
LINE
8
BLACK
6
CONTINUOUS
10
10.3704868897637787
20
-5.5157750787401572
11
10.3679764173228346
21
-5.5097142519685036
0
LINE
8
BLACK
6
CONTINUOUS
10
10.3679764173228346
20
-5.5097142519685036
11
10.3666965748031501
21
-5.5032801181102364
0
LINE
8
BLACK
6
CONTINUOUS
10
10.3666965748031501
20
-5.5032801181102364
11
10.3666965748031501
21
-5.4967198818897636
0
LINE
8
BLACK
6
CONTINUOUS
10
10.3666965748031501
20
-5.4967198818897636
11
10.3679764173228346
21
-5.4902857480314955
0
LINE
8
BLACK
6
CONTINUOUS
10
10.3679764173228346
20
-5.4902857480314955
11
10.3704868897637787
21
-5.484224921259842
0
LINE
8
BLACK
6
CONTINUOUS
10
10.3704868897637787
20
-5.484224921259842
11
10.3741315354330705
21
-5.4787703149606299
0
LINE
8
BLACK
6
CONTINUOUS
10
10.3741315354330705
20
-5.4787703149606299
11
10.3787703149606294
21
-5.4741315354330711
0
LINE
8
BLACK
6
CONTINUOUS
10
10.3787703149606294
20
-5.4741315354330711
11
10.3842249212598414
21
-5.4704868897637793
0
LINE
8
BLACK
6
CONTINUOUS
10
10.3842249212598414
20
-5.4704868897637793
11
10.390285748031495
21
-5.4679764173228342
0
LINE
8
BLACK
6
CONTINUOUS
10
10.390285748031495
20
-5.4679764173228342
11
10.3967198818897639
21
-5.4666965748031497
0
LINE
8
BLACK
6
CONTINUOUS
10
10.3967198818897639
20
-5.4666965748031497
11
10.4032801181102368
21
-5.4666965748031497
0
LINE
8
BLACK
6
CONTINUOUS
10
10.4032801181102368
20
-5.4666965748031497
11
10.409714251968504
21
-5.4679764173228342
0
LINE
8
BLACK
6
CONTINUOUS
10
3.2593396850393699
20
-5.4698601574803147
11
3.2650439763779526
21
-5.4722229527559056
0
LINE
8
BLACK
6
CONTINUOUS
10
3.2650439763779526
20
-5.4722229527559056
11
3.2701777559055119
21
-5.4756532283464567
0
LINE
8
BLACK
6
CONTINUOUS
10
3.2701777559055119
20
-5.4756532283464567
11
3.2745436220472439
21
-5.4800190944881892
0
LINE
8
BLACK
6
CONTINUOUS
10
3.2745436220472439
20
-5.4800190944881892
11
3.277973897637795
21
-5.485152874015748
0
LINE
8
BLACK
6
CONTINUOUS
10
3.277973897637795
20
-5.485152874015748
11
3.2803366929133859
21
-5.4908571653543303
0
LINE
8
BLACK
6
CONTINUOUS
10
3.2803366929133859
20
-5.4908571653543303
11
3.2815412598425198
21
-5.496912834645669
0
LINE
8
BLACK
6
CONTINUOUS
10
3.2815412598425198
20
-5.496912834645669
11
3.2815412598425198
21
-5.503087165354331
0
LINE
8
BLACK
6
CONTINUOUS
10
3.2815412598425198
20
-5.503087165354331
11
3.2803366929133859
21
-5.5091428346456688
0
LINE
8
BLACK
6
CONTINUOUS
10
3.2803366929133859
20
-5.5091428346456688
11
3.277973897637795
21
-5.514847125984252
0
LINE
8
BLACK
6
CONTINUOUS
10
3.277973897637795
20
-5.514847125984252
11
3.2745436220472439
21
-5.5199809055118108
0
LINE
8
BLACK
6
CONTINUOUS
10
3.2745436220472439
20
-5.5199809055118108
11
3.2701777559055119
21
-5.5243467716535433
0
LINE
8
BLACK
6
CONTINUOUS
10
3.2701777559055119
20
-5.5243467716535433
11
3.2650439763779526
21
-5.5277770472440944
0
LINE
8
BLACK
6
CONTINUOUS
10
3.2650439763779526
20
-5.5277770472440944
11
3.2593396850393699
21
-5.5301398425196853
0
LINE
8
BLACK
6
CONTINUOUS
10
3.2593396850393699
20
-5.5301398425196853
11
3.2532840157480316
21
-5.5313444094488187
0
LINE
8
BLACK
6
CONTINUOUS
10
3.2532840157480316
20
-5.5313444094488187
11
3.2471096850393701
21
-5.5313444094488187
0
LINE
8
BLACK
6
CONTINUOUS
10
3.2471096850393701
20
-5.5313444094488187
11
3.2410540157480314
21
-5.5301398425196853
0
LINE
8
BLACK
6
CONTINUOUS
10
3.2410540157480314
20
-5.5301398425196853
11
3.2353497244094487
21
-5.5277770472440944
0
LINE
8
BLACK
6
CONTINUOUS
10
3.2353497244094487
20
-5.5277770472440944
11
3.2302159448818899
21
-5.5243467716535433
0
LINE
8
BLACK
6
CONTINUOUS
10
3.2302159448818899
20
-5.5243467716535433
11
3.2258500787401574
21
-5.5199809055118108
0
LINE
8
BLACK
6
CONTINUOUS
10
3.2258500787401574
20
-5.5199809055118108
11
3.2224198031496063
21
-5.514847125984252
0
LINE
8
BLACK
6
CONTINUOUS
10
3.2224198031496063
20
-5.514847125984252
11
3.2200570078740158
21
-5.5091428346456688
0
LINE
8
BLACK
6
CONTINUOUS
10
3.2200570078740158
20
-5.5091428346456688
11
3.218852440944882
21
-5.503087165354331
0
LINE
8
BLACK
6
CONTINUOUS
10
3.218852440944882
20
-5.503087165354331
11
3.218852440944882
21
-5.496912834645669
0
LINE
8
BLACK
6
CONTINUOUS
10
3.218852440944882
20
-5.496912834645669
11
3.2200570078740158
21
-5.4908571653543303
0
LINE
8
BLACK
6
CONTINUOUS
10
3.2200570078740158
20
-5.4908571653543303
11
3.2224198031496063
21
-5.485152874015748
0
LINE
8
BLACK
6
CONTINUOUS
10
3.2224198031496063
20
-5.485152874015748
11
3.2258500787401574
21
-5.4800190944881892
0
LINE
8
BLACK
6
CONTINUOUS
10
3.2258500787401574
20
-5.4800190944881892
11
3.2302159448818899
21
-5.4756532283464567
0
LINE
8
BLACK
6
CONTINUOUS
10
3.2302159448818899
20
-5.4756532283464567
11
3.2353497244094487
21
-5.4722229527559056
0
LINE
8
BLACK
6
CONTINUOUS
10
3.2353497244094487
20
-5.4722229527559056
11
3.2410540157480314
21
-5.4698601574803147
0
LINE
8
BLACK
6
CONTINUOUS
10
3.2410540157480314
20
-5.4698601574803147
11
3.2471096850393701
21
-5.4686555905511813
0
LINE
8
BLACK
6
CONTINUOUS
10
3.2471096850393701
20
-5.4686555905511813
11
3.2532840157480316
21
-5.4686555905511813
0
LINE
8
BLACK
6
CONTINUOUS
10
3.2532840157480316
20
-5.4686555905511813
11
3.2593396850393699
21
-5.4698601574803147
0
LINE
8
BLACK
6
CONTINUOUS
10
3.5593396850393701
20
-5.4698601574803147
11
3.5650439763779529
21
-5.4722229527559056
0
LINE
8
BLACK
6
CONTINUOUS
10
3.5650439763779529
20
-5.4722229527559056
11
3.5701777559055117
21
-5.4756532283464567
0
LINE
8
BLACK
6
CONTINUOUS
10
3.5701777559055117
20
-5.4756532283464567
11
3.5745436220472442
21
-5.4800190944881892
0
LINE
8
BLACK
6
CONTINUOUS
10
3.5745436220472442
20
-5.4800190944881892
11
3.5779738976377953
21
-5.485152874015748
0
LINE
8
BLACK
6
CONTINUOUS
10
3.5779738976377953
20
-5.485152874015748
11
3.5803366929133857
21
-5.4908571653543303
0
LINE
8
BLACK
6
CONTINUOUS
10
3.5803366929133857
20
-5.4908571653543303
11
3.5815412598425196
21
-5.496912834645669
0
LINE
8
BLACK
6
CONTINUOUS
10
3.5815412598425196
20
-5.496912834645669
11
3.5815412598425196
21
-5.503087165354331
0
LINE
8
BLACK
6
CONTINUOUS
10
3.5815412598425196
20
-5.503087165354331
11
3.5803366929133857
21
-5.5091428346456688
0
LINE
8
BLACK
6
CONTINUOUS
10
3.5803366929133857
20
-5.5091428346456688
11
3.5779738976377953
21
-5.514847125984252
0
LINE
8
BLACK
6
CONTINUOUS
10
3.5779738976377953
20
-5.514847125984252
11
3.5745436220472442
21
-5.5199809055118108
0
LINE
8
BLACK
6
CONTINUOUS
10
3.5745436220472442
20
-5.5199809055118108
11
3.5701777559055117
21
-5.5243467716535433
0
LINE
8
BLACK
6
CONTINUOUS
10
3.5701777559055117
20
-5.5243467716535433
11
3.5650439763779529
21
-5.5277770472440944
0
LINE
8
BLACK
6
CONTINUOUS
10
3.5650439763779529
20
-5.5277770472440944
11
3.5593396850393701
21
-5.5301398425196853
0
LINE
8
BLACK
6
CONTINUOUS
10
3.5593396850393701
20
-5.5301398425196853
11
3.5532840157480314
21
-5.5313444094488187
0
LINE
8
BLACK
6
CONTINUOUS
10
3.5532840157480314
20
-5.5313444094488187
11
3.54710968503937
21
-5.5313444094488187
0
LINE
8
BLACK
6
CONTINUOUS
10
3.54710968503937
20
-5.5313444094488187
11
3.5410540157480312
21
-5.5301398425196853
0
LINE
8
BLACK
6
CONTINUOUS
10
3.5410540157480312
20
-5.5301398425196853
11
3.5353497244094489
21
-5.5277770472440944
0
LINE
8
BLACK
6
CONTINUOUS
10
3.5353497244094489
20
-5.5277770472440944
11
3.5302159448818897
21
-5.5243467716535433
0
LINE
8
BLACK
6
CONTINUOUS
10
3.5302159448818897
20
-5.5243467716535433
11
3.5258500787401572
21
-5.5199809055118108
0
LINE
8
BLACK
6
CONTINUOUS
10
3.5258500787401572
20
-5.5199809055118108
11
3.5224198031496061
21
-5.514847125984252
0
LINE
8
BLACK
6
CONTINUOUS
10
3.5224198031496061
20
-5.514847125984252
11
3.5200570078740157
21
-5.5091428346456688
0
LINE
8
BLACK
6
CONTINUOUS
10
3.5200570078740157
20
-5.5091428346456688
11
3.5188524409448818
21
-5.503087165354331
0
LINE
8
BLACK
6
CONTINUOUS
10
3.5188524409448818
20
-5.503087165354331
11
3.5188524409448818
21
-5.496912834645669
0
LINE
8
BLACK
6
CONTINUOUS
10
3.5188524409448818
20
-5.496912834645669
11
3.5200570078740157
21
-5.4908571653543303
0
LINE
8
BLACK
6
CONTINUOUS
10
3.5200570078740157
20
-5.4908571653543303
11
3.5224198031496061
21
-5.485152874015748
0
LINE
8
BLACK
6
CONTINUOUS
10
3.5224198031496061
20
-5.485152874015748
11
3.5258500787401572
21
-5.4800190944881892
0
LINE
8
BLACK
6
CONTINUOUS
10
3.5258500787401572
20
-5.4800190944881892
11
3.5302159448818897
21
-5.4756532283464567
0
LINE
8
BLACK
6
CONTINUOUS
10
3.5302159448818897
20
-5.4756532283464567
11
3.5353497244094489
21
-5.4722229527559056
0
LINE
8
BLACK
6
CONTINUOUS
10
3.5353497244094489
20
-5.4722229527559056
11
3.5410540157480312
21
-5.4698601574803147
0
LINE
8
BLACK
6
CONTINUOUS
10
3.5410540157480312
20
-5.4698601574803147
11
3.54710968503937
21
-5.4686555905511813
0
LINE
8
BLACK
6
CONTINUOUS
10
3.54710968503937
20
-5.4686555905511813
11
3.5532840157480314
21
-5.4686555905511813
0
LINE
8
BLACK
6
CONTINUOUS
10
3.5532840157480314
20
-5.4686555905511813
11
3.5593396850393701
21
-5.4698601574803147
0
LINE
8
BLACK
6
CONTINUOUS
10
8.1091428346456684
20
-5.4698601574803147
11
8.1148471259842516
21
-5.4722229527559056
0
LINE
8
BLACK
6
CONTINUOUS
10
8.1148471259842516
20
-5.4722229527559056
11
8.1199809055118113
21
-5.4756532283464567
0
LINE
8
BLACK
6
CONTINUOUS
10
8.1199809055118113
20
-5.4756532283464567
11
8.1243467716535438
21
-5.4800190944881892
0
LINE
8
BLACK
6
CONTINUOUS
10
8.1243467716535438
20
-5.4800190944881892
11
8.1277770472440949
21
-5.485152874015748
0
LINE
8
BLACK
6
CONTINUOUS
10
8.1277770472440949
20
-5.485152874015748
11
8.130139842519684
21
-5.4908571653543303
0
LINE
8
BLACK
6
CONTINUOUS
10
8.130139842519684
20
-5.4908571653543303
11
8.1313444094488183
21
-5.496912834645669
0
LINE
8
BLACK
6
CONTINUOUS
10
8.1313444094488183
20
-5.496912834645669
11
8.1313444094488183
21
-5.503087165354331
0
LINE
8
BLACK
6
CONTINUOUS
10
8.1313444094488183
20
-5.503087165354331
11
8.130139842519684
21
-5.5091428346456688
0
LINE
8
BLACK
6
CONTINUOUS
10
8.130139842519684
20
-5.5091428346456688
11
8.1277770472440949
21
-5.514847125984252
0
LINE
8
BLACK
6
CONTINUOUS
10
8.1277770472440949
20
-5.514847125984252
11
8.1243467716535438
21
-5.5199809055118108
0
LINE
8
BLACK
6
CONTINUOUS
10
8.1243467716535438
20
-5.5199809055118108
11
8.1199809055118113
21
-5.5243467716535433
0
LINE
8
BLACK
6
CONTINUOUS
10
8.1199809055118113
20
-5.5243467716535433
11
8.1148471259842516
21
-5.5277770472440944
0
LINE
8
BLACK
6
CONTINUOUS
10
8.1148471259842516
20
-5.5277770472440944
11
8.1091428346456684
21
-5.5301398425196853
0
LINE
8
BLACK
6
CONTINUOUS
10
8.1091428346456684
20
-5.5301398425196853
11
8.1030871653543297
21
-5.5313444094488187
0
LINE
8
BLACK
6
CONTINUOUS
10
8.1030871653543297
20
-5.5313444094488187
11
8.0969128346456696
21
-5.5313444094488187
0
LINE
8
BLACK
6
CONTINUOUS
10
8.0969128346456696
20
-5.5313444094488187
11
8.0908571653543309
21
-5.5301398425196853
0
LINE
8
BLACK
6
CONTINUOUS
10
8.0908571653543309
20
-5.5301398425196853
11
8.0851528740157477
21
-5.5277770472440944
0
LINE
8
BLACK
6
CONTINUOUS
10
8.0851528740157477
20
-5.5277770472440944
11
8.080019094488188
21
-5.5243467716535433
0
LINE
8
BLACK
6
CONTINUOUS
10
8.080019094488188
20
-5.5243467716535433
11
8.0756532283464573
21
-5.5199809055118108
0
LINE
8
BLACK
6
CONTINUOUS
10
8.0756532283464573
20
-5.5199809055118108
11
8.0722229527559062
21
-5.514847125984252
0
LINE
8
BLACK
6
CONTINUOUS
10
8.0722229527559062
20
-5.514847125984252
11
8.0698601574803153
21
-5.5091428346456688
0
LINE
8
BLACK
6
CONTINUOUS
10
8.0698601574803153
20
-5.5091428346456688
11
8.068655590551181
21
-5.503087165354331
0
LINE
8
BLACK
6
CONTINUOUS
10
8.068655590551181
20
-5.503087165354331
11
8.068655590551181
21
-5.496912834645669
0
LINE
8
BLACK
6
CONTINUOUS
10
8.068655590551181
20
-5.496912834645669
11
8.0698601574803153
21
-5.4908571653543303
0
LINE
8
BLACK
6
CONTINUOUS
10
8.0698601574803153
20
-5.4908571653543303
11
8.0722229527559062
21
-5.485152874015748
0
LINE
8
BLACK
6
CONTINUOUS
10
8.0722229527559062
20
-5.485152874015748
11
8.0756532283464573
21
-5.4800190944881892
0
LINE
8
BLACK
6
CONTINUOUS
10
8.0756532283464573
20
-5.4800190944881892
11
8.080019094488188
21
-5.4756532283464567
0
LINE
8
BLACK
6
CONTINUOUS
10
8.080019094488188
20
-5.4756532283464567
11
8.0851528740157477
21
-5.4722229527559056
0
LINE
8
BLACK
6
CONTINUOUS
10
8.0851528740157477
20
-5.4722229527559056
11
8.0908571653543309
21
-5.4698601574803147
0
LINE
8
BLACK
6
CONTINUOUS
10
8.0908571653543309
20
-5.4698601574803147
11
8.0969128346456696
21
-5.4686555905511813
0
LINE
8
BLACK
6
CONTINUOUS
10
8.0969128346456696
20
-5.4686555905511813
11
8.1030871653543297
21
-5.4686555905511813
0
LINE
8
BLACK
6
CONTINUOUS
10
8.1030871653543297
20
-5.4686555905511813
11
8.1091428346456684
21
-5.4698601574803147
0
LINE
8
BLACK
6
CONTINUOUS
10
7.6295275590551181
20
-5.5295275590551176
11
7.570472440944882
21
-5.5295275590551176
0
LINE
8
BLACK
6
CONTINUOUS
10
7.570472440944882
20
-5.5295275590551176
11
7.570472440944882
21
-5.4704724409448815
0
LINE
8
BLACK
6
CONTINUOUS
10
7.570472440944882
20
-5.4704724409448815
11
7.6295275590551181
21
-5.4704724409448815
0
LINE
8
BLACK
6
CONTINUOUS
10
7.6295275590551181
20
-5.4704724409448815
11
7.6295275590551181
21
-5.5295275590551176
0
LINE
8
BLACK
6
CONTINUOUS
10
7.9079999606299207
20
-5.4736276377952757
11
7.9129912598425198
21
-5.4756950787401575
0
LINE
8
BLACK
6
CONTINUOUS
10
7.9129912598425198
20
-5.4756950787401575
11
7.917483267716535
21
-5.4786965748031493
0
LINE
8
BLACK
6
CONTINUOUS
10
7.917483267716535
20
-5.4786965748031493
11
7.9213034251968502
21
-5.4825167322834645
0
LINE
8
BLACK
6
CONTINUOUS
10
7.9213034251968502
20
-5.4825167322834645
11
7.924304921259842
21
-5.4870087401574805
0
LINE
8
BLACK
6
CONTINUOUS
10
7.924304921259842
20
-5.4870087401574805
11
7.9263723622047246
21
-5.4920000393700787
0
LINE
8
BLACK
6
CONTINUOUS
10
7.9263723622047246
20
-5.4920000393700787
11
7.9274263385826771
21
-5.49729874015748
0
LINE
8
BLACK
6
CONTINUOUS
10
7.9274263385826771
20
-5.49729874015748
11
7.9274263385826771
21
-5.5027012598425191
0
LINE
8
BLACK
6
CONTINUOUS
10
7.9274263385826771
20
-5.5027012598425191
11
7.9263723622047246
21
-5.5079999606299213
0
LINE
8
BLACK
6
CONTINUOUS
10
7.9263723622047246
20
-5.5079999606299213
11
7.924304921259842
21
-5.5129912598425195
0
LINE
8
BLACK
6
CONTINUOUS
10
7.924304921259842
20
-5.5129912598425195
11
7.9213034251968502
21
-5.5174832677165355
0
LINE
8
BLACK
6
CONTINUOUS
10
7.9213034251968502
20
-5.5174832677165355
11
7.917483267716535
21
-5.5213034251968507
0
LINE
8
BLACK
6
CONTINUOUS
10
7.917483267716535
20
-5.5213034251968507
11
7.9129912598425198
21
-5.5243049212598425
0
LINE
8
BLACK
6
CONTINUOUS
10
7.9129912598425198
20
-5.5243049212598425
11
7.9079999606299207
21
-5.5263723622047243
0
LINE
8
BLACK
6
CONTINUOUS
10
7.9079999606299207
20
-5.5263723622047243
11
7.9027012598425195
21
-5.5274263385826767
0
LINE
8
BLACK
6
CONTINUOUS
10
7.9027012598425195
20
-5.5274263385826767
11
7.8972987401574803
21
-5.5274263385826767
0
LINE
8
BLACK
6
CONTINUOUS
10
7.8972987401574803
20
-5.5274263385826767
11
7.8920000393700782
21
-5.5263723622047243
0
LINE
8
BLACK
6
CONTINUOUS
10
7.8920000393700782
20
-5.5263723622047243
11
7.88700874015748
21
-5.5243049212598425
0
LINE
8
BLACK
6
CONTINUOUS
10
7.88700874015748
20
-5.5243049212598425
11
7.8825167322834639
21
-5.5213034251968507
0
LINE
8
BLACK
6
CONTINUOUS
10
7.8825167322834639
20
-5.5213034251968507
11
7.8786965748031497
21
-5.5174832677165355
0
LINE
8
BLACK
6
CONTINUOUS
10
7.8786965748031497
20
-5.5174832677165355
11
7.875695078740157
21
-5.5129912598425195
0
LINE
8
BLACK
6
CONTINUOUS
10
7.875695078740157
20
-5.5129912598425195
11
7.8736276377952752
21
-5.5079999606299213
0
LINE
8
BLACK
6
CONTINUOUS
10
7.8736276377952752
20
-5.5079999606299213
11
7.8725736614173227
21
-5.5027012598425191
0
LINE
8
BLACK
6
CONTINUOUS
10
7.8725736614173227
20
-5.5027012598425191
11
7.8725736614173227
21
-5.49729874015748
0
LINE
8
BLACK
6
CONTINUOUS
10
7.8725736614173227
20
-5.49729874015748
11
7.8736276377952752
21
-5.4920000393700787
0
LINE
8
BLACK
6
CONTINUOUS
10
7.8736276377952752
20
-5.4920000393700787
11
7.875695078740157
21
-5.4870087401574805
0
LINE
8
BLACK
6
CONTINUOUS
10
7.875695078740157
20
-5.4870087401574805
11
7.8786965748031497
21
-5.4825167322834645
0
LINE
8
BLACK
6
CONTINUOUS
10
7.8786965748031497
20
-5.4825167322834645
11
7.8825167322834639
21
-5.4786965748031493
0
LINE
8
BLACK
6
CONTINUOUS
10
7.8825167322834639
20
-5.4786965748031493
11
7.88700874015748
21
-5.4756950787401575
0
LINE
8
BLACK
6
CONTINUOUS
10
7.88700874015748
20
-5.4756950787401575
11
7.8920000393700782
21
-5.4736276377952757
0
LINE
8
BLACK
6
CONTINUOUS
10
7.8920000393700782
20
-5.4736276377952757
11
7.8972987401574803
21
-5.4725736614173224
0
LINE
8
BLACK
6
CONTINUOUS
10
7.8972987401574803
20
-5.4725736614173224
11
7.9027012598425195
21
-5.4725736614173224
0
LINE
8
BLACK
6
CONTINUOUS
10
7.9027012598425195
20
-5.4725736614173224
11
7.9079999606299207
21
-5.4736276377952757
0
LINE
8
BLACK
6
CONTINUOUS
10
8.3079999606299211
20
-5.4736276377952757
11
8.3129912598425193
21
-5.4756950787401575
0
LINE
8
BLACK
6
CONTINUOUS
10
8.3129912598425193
20
-5.4756950787401575
11
8.3174832677165345
21
-5.4786965748031493
0
LINE
8
BLACK
6
CONTINUOUS
10
8.3174832677165345
20
-5.4786965748031493
11
8.3213034251968505
21
-5.4825167322834645
0
LINE
8
BLACK
6
CONTINUOUS
10
8.3213034251968505
20
-5.4825167322834645
11
8.3243049212598414
21
-5.4870087401574805
0
LINE
8
BLACK
6
CONTINUOUS
10
8.3243049212598414
20
-5.4870087401574805
11
8.3263723622047241
21
-5.4920000393700787
0
LINE
8
BLACK
6
CONTINUOUS
10
8.3263723622047241
20
-5.4920000393700787
11
8.3274263385826774
21
-5.49729874015748
0
LINE
8
BLACK
6
CONTINUOUS
10
8.3274263385826774
20
-5.49729874015748
11
8.3274263385826774
21
-5.5027012598425191
0
LINE
8
BLACK
6
CONTINUOUS
10
8.3274263385826774
20
-5.5027012598425191
11
8.3263723622047241
21
-5.5079999606299213
0
LINE
8
BLACK
6
CONTINUOUS
10
8.3263723622047241
20
-5.5079999606299213
11
8.3243049212598414
21
-5.5129912598425195
0
LINE
8
BLACK
6
CONTINUOUS
10
8.3243049212598414
20
-5.5129912598425195
11
8.3213034251968505
21
-5.5174832677165355
0
LINE
8
BLACK
6
CONTINUOUS
10
8.3213034251968505
20
-5.5174832677165355
11
8.3174832677165345
21
-5.5213034251968507
0
LINE
8
BLACK
6
CONTINUOUS
10
8.3174832677165345
20
-5.5213034251968507
11
8.3129912598425193
21
-5.5243049212598425
0
LINE
8
BLACK
6
CONTINUOUS
10
8.3129912598425193
20
-5.5243049212598425
11
8.3079999606299211
21
-5.5263723622047243
0
LINE
8
BLACK
6
CONTINUOUS
10
8.3079999606299211
20
-5.5263723622047243
11
8.3027012598425198
21
-5.5274263385826767
0
LINE
8
BLACK
6
CONTINUOUS
10
8.3027012598425198
20
-5.5274263385826767
11
8.2972987401574798
21
-5.5274263385826767
0
LINE
8
BLACK
6
CONTINUOUS
10
8.2972987401574798
20
-5.5274263385826767
11
8.2920000393700786
21
-5.5263723622047243
0
LINE
8
BLACK
6
CONTINUOUS
10
8.2920000393700786
20
-5.5263723622047243
11
8.2870087401574803
21
-5.5243049212598425
0
LINE
8
BLACK
6
CONTINUOUS
10
8.2870087401574803
20
-5.5243049212598425
11
8.2825167322834652
21
-5.5213034251968507
0
LINE
8
BLACK
6
CONTINUOUS
10
8.2825167322834652
20
-5.5213034251968507
11
8.2786965748031491
21
-5.5174832677165355
0
LINE
8
BLACK
6
CONTINUOUS
10
8.2786965748031491
20
-5.5174832677165355
11
8.2756950787401564
21
-5.5129912598425195
0
LINE
8
BLACK
6
CONTINUOUS
10
8.2756950787401564
20
-5.5129912598425195
11
8.2736276377952755
21
-5.5079999606299213
0
LINE
8
BLACK
6
CONTINUOUS
10
8.2736276377952755
20
-5.5079999606299213
11
8.2725736614173222
21
-5.5027012598425191
0
LINE
8
BLACK
6
CONTINUOUS
10
8.2725736614173222
20
-5.5027012598425191
11
8.2725736614173222
21
-5.49729874015748
0
LINE
8
BLACK
6
CONTINUOUS
10
8.2725736614173222
20
-5.49729874015748
11
8.2736276377952755
21
-5.4920000393700787
0
LINE
8
BLACK
6
CONTINUOUS
10
8.2736276377952755
20
-5.4920000393700787
11
8.2756950787401564
21
-5.4870087401574805
0
LINE
8
BLACK
6
CONTINUOUS
10
8.2756950787401564
20
-5.4870087401574805
11
8.2786965748031491
21
-5.4825167322834645
0
LINE
8
BLACK
6
CONTINUOUS
10
8.2786965748031491
20
-5.4825167322834645
11
8.2825167322834652
21
-5.4786965748031493
0
LINE
8
BLACK
6
CONTINUOUS
10
8.2825167322834652
20
-5.4786965748031493
11
8.2870087401574803
21
-5.4756950787401575
0
LINE
8
BLACK
6
CONTINUOUS
10
8.2870087401574803
20
-5.4756950787401575
11
8.2920000393700786
21
-5.4736276377952757
0
LINE
8
BLACK
6
CONTINUOUS
10
8.2920000393700786
20
-5.4736276377952757
11
8.2972987401574798
21
-5.4725736614173224
0
LINE
8
BLACK
6
CONTINUOUS
10
8.2972987401574798
20
-5.4725736614173224
11
8.3027012598425198
21
-5.4725736614173224
0
LINE
8
BLACK
6
CONTINUOUS
10
8.3027012598425198
20
-5.4725736614173224
11
8.3079999606299211
21
-5.4736276377952757
0
LINE
8
BLACK
6
CONTINUOUS
10
0.9097142519685039
20
-5.3679764173228346
11
0.9157750787401575
21
-5.3704868897637796
0
LINE
8
BLACK
6
CONTINUOUS
10
0.9157750787401575
20
-5.3704868897637796
11
0.9212296850393701
21
-5.3741315354330705
0
LINE
8
BLACK
6
CONTINUOUS
10
0.9212296850393701
20
-5.3741315354330705
11
0.9258684645669291
21
-5.3787703149606294
0
LINE
8
BLACK
6
CONTINUOUS
10
0.9258684645669291
20
-5.3787703149606294
11
0.9295131102362204
21
-5.3842249212598423
0
LINE
8
BLACK
6
CONTINUOUS
10
0.9295131102362204
20
-5.3842249212598423
11
0.9320235826771653
21
-5.3902857480314958
0
LINE
8
BLACK
6
CONTINUOUS
10
0.9320235826771653
20
-5.3902857480314958
11
0.9333034251968504
21
-5.3967198818897639
0
LINE
8
BLACK
6
CONTINUOUS
10
0.9333034251968504
20
-5.3967198818897639
11
0.9333034251968504
21
-5.4032801181102359
0
LINE
8
BLACK
6
CONTINUOUS
10
0.9333034251968504
20
-5.4032801181102359
11
0.9320235826771653
21
-5.409714251968504
0
LINE
8
BLACK
6
CONTINUOUS
10
0.9320235826771653
20
-5.409714251968504
11
0.9295131102362204
21
-5.4157750787401575
0
LINE
8
BLACK
6
CONTINUOUS
10
0.9295131102362204
20
-5.4157750787401575
11
0.9258684645669291
21
-5.4212296850393695
0
LINE
8
BLACK
6
CONTINUOUS
10
0.9258684645669291
20
-5.4212296850393695
11
0.9212296850393701
21
-5.4258684645669293
0
LINE
8
BLACK
6
CONTINUOUS
10
0.9212296850393701
20
-5.4258684645669293
11
0.9157750787401575
21
-5.4295131102362202
0
LINE
8
BLACK
6
CONTINUOUS
10
0.9157750787401575
20
-5.4295131102362202
11
0.9097142519685039
21
-5.4320235826771652
0
LINE
8
BLACK
6
CONTINUOUS
10
0.9097142519685039
20
-5.4320235826771652
11
0.9032801181102362
21
-5.4333034251968506
0
LINE
8
BLACK
6
CONTINUOUS
10
0.9032801181102362
20
-5.4333034251968506
11
0.8967198818897638
21
-5.4333034251968506
0
LINE
8
BLACK
6
CONTINUOUS
10
0.8967198818897638
20
-5.4333034251968506
11
0.8902857480314961
21
-5.4320235826771652
0
LINE
8
BLACK
6
CONTINUOUS
10
0.8902857480314961
20
-5.4320235826771652
11
0.8842249212598425
21
-5.4295131102362202
0
LINE
8
BLACK
6
CONTINUOUS
10
0.8842249212598425
20
-5.4295131102362202
11
0.8787703149606299
21
-5.4258684645669293
0
LINE
8
BLACK
6
CONTINUOUS
10
0.8787703149606299
20
-5.4258684645669293
11
0.8741315354330709
21
-5.4212296850393695
0
LINE
8
BLACK
6
CONTINUOUS
10
0.8741315354330709
20
-5.4212296850393695
11
0.8704868897637795
21
-5.4157750787401575
0
LINE
8
BLACK
6
CONTINUOUS
10
0.8704868897637795
20
-5.4157750787401575
11
0.8679764173228346
21
-5.409714251968504
0
LINE
8
BLACK
6
CONTINUOUS
10
0.8679764173228346
20
-5.409714251968504
11
0.8666965748031495
21
-5.4032801181102359
0
LINE
8
BLACK
6
CONTINUOUS
10
0.8666965748031495
20
-5.4032801181102359
11
0.8666965748031495
21
-5.3967198818897639
0
LINE
8
BLACK
6
CONTINUOUS
10
0.8666965748031495
20
-5.3967198818897639
11
0.8679764173228346
21
-5.3902857480314958
0
LINE
8
BLACK
6
CONTINUOUS
10
0.8679764173228346
20
-5.3902857480314958
11
0.8704868897637795
21
-5.3842249212598423
0
LINE
8
BLACK
6
CONTINUOUS
10
0.8704868897637795
20
-5.3842249212598423
11
0.8741315354330709
21
-5.3787703149606294
0
LINE
8
BLACK
6
CONTINUOUS
10
0.8741315354330709
20
-5.3787703149606294
11
0.8787703149606299
21
-5.3741315354330705
0
LINE
8
BLACK
6
CONTINUOUS
10
0.8787703149606299
20
-5.3741315354330705
11
0.8842249212598425
21
-5.3704868897637796
0
LINE
8
BLACK
6
CONTINUOUS
10
0.8842249212598425
20
-5.3704868897637796
11
0.8902857480314961
21
-5.3679764173228346
0
LINE
8
BLACK
6
CONTINUOUS
10
0.8902857480314961
20
-5.3679764173228346
11
0.8967198818897638
21
-5.3666965748031492
0
LINE
8
BLACK
6
CONTINUOUS
10
0.8967198818897638
20
-5.3666965748031492
11
0.9032801181102362
21
-5.3666965748031492
0
LINE
8
BLACK
6
CONTINUOUS
10
0.9032801181102362
20
-5.3666965748031492
11
0.9097142519685039
21
-5.3679764173228346
0
LINE
8
BLACK
6
CONTINUOUS
10
8.8097142519685043
20
-5.3679764173228346
11
8.8157750787401579
21
-5.3704868897637796
0
LINE
8
BLACK
6
CONTINUOUS
10
8.8157750787401579
20
-5.3704868897637796
11
8.8212296850393699
21
-5.3741315354330705
0
LINE
8
BLACK
6
CONTINUOUS
10
8.8212296850393699
20
-5.3741315354330705
11
8.8258684645669288
21
-5.3787703149606294
0
LINE
8
BLACK
6
CONTINUOUS
10
8.8258684645669288
20
-5.3787703149606294
11
8.8295131102362205
21
-5.3842249212598423
0
LINE
8
BLACK
6
CONTINUOUS
10
8.8295131102362205
20
-5.3842249212598423
11
8.8320235826771647
21
-5.3902857480314958
0
LINE
8
BLACK
6
CONTINUOUS
10
8.8320235826771647
20
-5.3902857480314958
11
8.833303425196851
21
-5.3967198818897639
0
LINE
8
BLACK
6
CONTINUOUS
10
8.833303425196851
20
-5.3967198818897639
11
8.833303425196851
21
-5.4032801181102359
0
LINE
8
BLACK
6
CONTINUOUS
10
8.833303425196851
20
-5.4032801181102359
11
8.8320235826771647
21
-5.409714251968504
0
LINE
8
BLACK
6
CONTINUOUS
10
8.8320235826771647
20
-5.409714251968504
11
8.8295131102362205
21
-5.4157750787401575
0
LINE
8
BLACK
6
CONTINUOUS
10
8.8295131102362205
20
-5.4157750787401575
11
8.8258684645669288
21
-5.4212296850393695
0
LINE
8
BLACK
6
CONTINUOUS
10
8.8258684645669288
20
-5.4212296850393695
11
8.8212296850393699
21
-5.4258684645669293
0
LINE
8
BLACK
6
CONTINUOUS
10
8.8212296850393699
20
-5.4258684645669293
11
8.8157750787401579
21
-5.4295131102362202
0
LINE
8
BLACK
6
CONTINUOUS
10
8.8157750787401579
20
-5.4295131102362202
11
8.8097142519685043
21
-5.4320235826771652
0
LINE
8
BLACK
6
CONTINUOUS
10
8.8097142519685043
20
-5.4320235826771652
11
8.8032801181102354
21
-5.4333034251968506
0
LINE
8
BLACK
6
CONTINUOUS
10
8.8032801181102354
20
-5.4333034251968506
11
8.7967198818897643
21
-5.4333034251968506
0
LINE
8
BLACK
6
CONTINUOUS
10
8.7967198818897643
20
-5.4333034251968506
11
8.7902857480314953
21
-5.4320235826771652
0
LINE
8
BLACK
6
CONTINUOUS
10
8.7902857480314953
20
-5.4320235826771652
11
8.7842249212598418
21
-5.4295131102362202
0
LINE
8
BLACK
6
CONTINUOUS
10
8.7842249212598418
20
-5.4295131102362202
11
8.7787703149606298
21
-5.4258684645669293
0
LINE
8
BLACK
6
CONTINUOUS
10
8.7787703149606298
20
-5.4258684645669293
11
8.7741315354330709
21
-5.4212296850393695
0
LINE
8
BLACK
6
CONTINUOUS
10
8.7741315354330709
20
-5.4212296850393695
11
8.7704868897637791
21
-5.4157750787401575
0
LINE
8
BLACK
6
CONTINUOUS
10
8.7704868897637791
20
-5.4157750787401575
11
8.7679764173228349
21
-5.409714251968504
0
LINE
8
BLACK
6
CONTINUOUS
10
8.7679764173228349
20
-5.409714251968504
11
8.7666965748031487
21
-5.4032801181102359
0
LINE
8
BLACK
6
CONTINUOUS
10
8.7666965748031487
20
-5.4032801181102359
11
8.7666965748031487
21
-5.3967198818897639
0
LINE
8
BLACK
6
CONTINUOUS
10
8.7666965748031487
20
-5.3967198818897639
11
8.7679764173228349
21
-5.3902857480314958
0
LINE
8
BLACK
6
CONTINUOUS
10
8.7679764173228349
20
-5.3902857480314958
11
8.7704868897637791
21
-5.3842249212598423
0
LINE
8
BLACK
6
CONTINUOUS
10
8.7704868897637791
20
-5.3842249212598423
11
8.7741315354330709
21
-5.3787703149606294
0
LINE
8
BLACK
6
CONTINUOUS
10
8.7741315354330709
20
-5.3787703149606294
11
8.7787703149606298
21
-5.3741315354330705
0
LINE
8
BLACK
6
CONTINUOUS
10
8.7787703149606298
20
-5.3741315354330705
11
8.7842249212598418
21
-5.3704868897637796
0
LINE
8
BLACK
6
CONTINUOUS
10
8.7842249212598418
20
-5.3704868897637796
11
8.7902857480314953
21
-5.3679764173228346
0
LINE
8
BLACK
6
CONTINUOUS
10
8.7902857480314953
20
-5.3679764173228346
11
8.7967198818897643
21
-5.3666965748031492
0
LINE
8
BLACK
6
CONTINUOUS
10
8.7967198818897643
20
-5.3666965748031492
11
8.8032801181102354
21
-5.3666965748031492
0
LINE
8
BLACK
6
CONTINUOUS
10
8.8032801181102354
20
-5.3666965748031492
11
8.8097142519685043
21
-5.3679764173228346
0
LINE
8
BLACK
6
CONTINUOUS
10
8.909714251968504
20
-5.3679764173228346
11
8.9157750787401575
21
-5.3704868897637796
0
LINE
8
BLACK
6
CONTINUOUS
10
8.9157750787401575
20
-5.3704868897637796
11
8.9212296850393695
21
-5.3741315354330705
0
LINE
8
BLACK
6
CONTINUOUS
10
8.9212296850393695
20
-5.3741315354330705
11
8.9258684645669284
21
-5.3787703149606294
0
LINE
8
BLACK
6
CONTINUOUS
10
8.9258684645669284
20
-5.3787703149606294
11
8.9295131102362202
21
-5.3842249212598423
0
LINE
8
BLACK
6
CONTINUOUS
10
8.9295131102362202
20
-5.3842249212598423
11
8.9320235826771643
21
-5.3902857480314958
0
LINE
8
BLACK
6
CONTINUOUS
10
8.9320235826771643
20
-5.3902857480314958
11
8.9333034251968506
21
-5.3967198818897639
0
LINE
8
BLACK
6
CONTINUOUS
10
8.9333034251968506
20
-5.3967198818897639
11
8.9333034251968506
21
-5.4032801181102359
0
LINE
8
BLACK
6
CONTINUOUS
10
8.9333034251968506
20
-5.4032801181102359
11
8.9320235826771643
21
-5.409714251968504
0
LINE
8
BLACK
6
CONTINUOUS
10
8.9320235826771643
20
-5.409714251968504
11
8.9295131102362202
21
-5.4157750787401575
0
LINE
8
BLACK
6
CONTINUOUS
10
8.9295131102362202
20
-5.4157750787401575
11
8.9258684645669284
21
-5.4212296850393695
0
LINE
8
BLACK
6
CONTINUOUS
10
8.9258684645669284
20
-5.4212296850393695
11
8.9212296850393695
21
-5.4258684645669293
0
LINE
8
BLACK
6
CONTINUOUS
10
8.9212296850393695
20
-5.4258684645669293
11
8.9157750787401575
21
-5.4295131102362202
0
LINE
8
BLACK
6
CONTINUOUS
10
8.9157750787401575
20
-5.4295131102362202
11
8.909714251968504
21
-5.4320235826771652
0
LINE
8
BLACK
6
CONTINUOUS
10
8.909714251968504
20
-5.4320235826771652
11
8.9032801181102368
21
-5.4333034251968506
0
LINE
8
BLACK
6
CONTINUOUS
10
8.9032801181102368
20
-5.4333034251968506
11
8.8967198818897639
21
-5.4333034251968506
0
LINE
8
BLACK
6
CONTINUOUS
10
8.8967198818897639
20
-5.4333034251968506
11
8.8902857480314967
21
-5.4320235826771652
0
LINE
8
BLACK
6
CONTINUOUS
10
8.8902857480314967
20
-5.4320235826771652
11
8.8842249212598432
21
-5.4295131102362202
0
LINE
8
BLACK
6
CONTINUOUS
10
8.8842249212598432
20
-5.4295131102362202
11
8.8787703149606294
21
-5.4258684645669293
0
LINE
8
BLACK
6
CONTINUOUS
10
8.8787703149606294
20
-5.4258684645669293
11
8.8741315354330705
21
-5.4212296850393695
0
LINE
8
BLACK
6
CONTINUOUS
10
8.8741315354330705
20
-5.4212296850393695
11
8.8704868897637787
21
-5.4157750787401575
0
LINE
8
BLACK
6
CONTINUOUS
10
8.8704868897637787
20
-5.4157750787401575
11
8.8679764173228346
21
-5.409714251968504
0
LINE
8
BLACK
6
CONTINUOUS
10
8.8679764173228346
20
-5.409714251968504
11
8.8666965748031501
21
-5.4032801181102359
0
LINE
8
BLACK
6
CONTINUOUS
10
8.8666965748031501
20
-5.4032801181102359
11
8.8666965748031501
21
-5.3967198818897639
0
LINE
8
BLACK
6
CONTINUOUS
10
8.8666965748031501
20
-5.3967198818897639
11
8.8679764173228346
21
-5.3902857480314958
0
LINE
8
BLACK
6
CONTINUOUS
10
8.8679764173228346
20
-5.3902857480314958
11
8.8704868897637787
21
-5.3842249212598423
0
LINE
8
BLACK
6
CONTINUOUS
10
8.8704868897637787
20
-5.3842249212598423
11
8.8741315354330705
21
-5.3787703149606294
0
LINE
8
BLACK
6
CONTINUOUS
10
8.8741315354330705
20
-5.3787703149606294
11
8.8787703149606294
21
-5.3741315354330705
0
LINE
8
BLACK
6
CONTINUOUS
10
8.8787703149606294
20
-5.3741315354330705
11
8.8842249212598432
21
-5.3704868897637796
0
LINE
8
BLACK
6
CONTINUOUS
10
8.8842249212598432
20
-5.3704868897637796
11
8.8902857480314967
21
-5.3679764173228346
0
LINE
8
BLACK
6
CONTINUOUS
10
8.8902857480314967
20
-5.3679764173228346
11
8.8967198818897639
21
-5.3666965748031492
0
LINE
8
BLACK
6
CONTINUOUS
10
8.8967198818897639
20
-5.3666965748031492
11
8.9032801181102368
21
-5.3666965748031492
0
LINE
8
BLACK
6
CONTINUOUS
10
8.9032801181102368
20
-5.3666965748031492
11
8.909714251968504
21
-5.3679764173228346
0
LINE
8
BLACK
6
CONTINUOUS
10
10.409714251968504
20
-5.3679764173228346
11
10.4157750787401575
21
-5.3704868897637796
0
LINE
8
BLACK
6
CONTINUOUS
10
10.4157750787401575
20
-5.3704868897637796
11
10.4212296850393695
21
-5.3741315354330705
0
LINE
8
BLACK
6
CONTINUOUS
10
10.4212296850393695
20
-5.3741315354330705
11
10.4258684645669284
21
-5.3787703149606294
0
LINE
8
BLACK
6
CONTINUOUS
10
10.4258684645669284
20
-5.3787703149606294
11
10.4295131102362202
21
-5.3842249212598423
0
LINE
8
BLACK
6
CONTINUOUS
10
10.4295131102362202
20
-5.3842249212598423
11
10.4320235826771643
21
-5.3902857480314958
0
LINE
8
BLACK
6
CONTINUOUS
10
10.4320235826771643
20
-5.3902857480314958
11
10.4333034251968506
21
-5.3967198818897639
0
LINE
8
BLACK
6
CONTINUOUS
10
10.4333034251968506
20
-5.3967198818897639
11
10.4333034251968506
21
-5.4032801181102359
0
LINE
8
BLACK
6
CONTINUOUS
10
10.4333034251968506
20
-5.4032801181102359
11
10.4320235826771643
21
-5.409714251968504
0
LINE
8
BLACK
6
CONTINUOUS
10
10.4320235826771643
20
-5.409714251968504
11
10.4295131102362202
21
-5.4157750787401575
0
LINE
8
BLACK
6
CONTINUOUS
10
10.4295131102362202
20
-5.4157750787401575
11
10.4258684645669284
21
-5.4212296850393695
0
LINE
8
BLACK
6
CONTINUOUS
10
10.4258684645669284
20
-5.4212296850393695
11
10.4212296850393695
21
-5.4258684645669293
0
LINE
8
BLACK
6
CONTINUOUS
10
10.4212296850393695
20
-5.4258684645669293
11
10.4157750787401575
21
-5.4295131102362202
0
LINE
8
BLACK
6
CONTINUOUS
10
10.4157750787401575
20
-5.4295131102362202
11
10.409714251968504
21
-5.4320235826771652
0
LINE
8
BLACK
6
CONTINUOUS
10
10.409714251968504
20
-5.4320235826771652
11
10.4032801181102368
21
-5.4333034251968506
0
LINE
8
BLACK
6
CONTINUOUS
10
10.4032801181102368
20
-5.4333034251968506
11
10.3967198818897639
21
-5.4333034251968506
0
LINE
8
BLACK
6
CONTINUOUS
10
10.3967198818897639
20
-5.4333034251968506
11
10.390285748031495
21
-5.4320235826771652
0
LINE
8
BLACK
6
CONTINUOUS
10
10.390285748031495
20
-5.4320235826771652
11
10.3842249212598414
21
-5.4295131102362202
0
LINE
8
BLACK
6
CONTINUOUS
10
10.3842249212598414
20
-5.4295131102362202
11
10.3787703149606294
21
-5.4258684645669293
0
LINE
8
BLACK
6
CONTINUOUS
10
10.3787703149606294
20
-5.4258684645669293
11
10.3741315354330705
21
-5.4212296850393695
0
LINE
8
BLACK
6
CONTINUOUS
10
10.3741315354330705
20
-5.4212296850393695
11
10.3704868897637787
21
-5.4157750787401575
0
LINE
8
BLACK
6
CONTINUOUS
10
10.3704868897637787
20
-5.4157750787401575
11
10.3679764173228346
21
-5.409714251968504
0
LINE
8
BLACK
6
CONTINUOUS
10
10.3679764173228346
20
-5.409714251968504
11
10.3666965748031501
21
-5.4032801181102359
0
LINE
8
BLACK
6
CONTINUOUS
10
10.3666965748031501
20
-5.4032801181102359
11
10.3666965748031501
21
-5.3967198818897639
0
LINE
8
BLACK
6
CONTINUOUS
10
10.3666965748031501
20
-5.3967198818897639
11
10.3679764173228346
21
-5.3902857480314958
0
LINE
8
BLACK
6
CONTINUOUS
10
10.3679764173228346
20
-5.3902857480314958
11
10.3704868897637787
21
-5.3842249212598423
0
LINE
8
BLACK
6
CONTINUOUS
10
10.3704868897637787
20
-5.3842249212598423
11
10.3741315354330705
21
-5.3787703149606294
0
LINE
8
BLACK
6
CONTINUOUS
10
10.3741315354330705
20
-5.3787703149606294
11
10.3787703149606294
21
-5.3741315354330705
0
LINE
8
BLACK
6
CONTINUOUS
10
10.3787703149606294
20
-5.3741315354330705
11
10.3842249212598414
21
-5.3704868897637796
0
LINE
8
BLACK
6
CONTINUOUS
10
10.3842249212598414
20
-5.3704868897637796
11
10.390285748031495
21
-5.3679764173228346
0
LINE
8
BLACK
6
CONTINUOUS
10
10.390285748031495
20
-5.3679764173228346
11
10.3967198818897639
21
-5.3666965748031492
0
LINE
8
BLACK
6
CONTINUOUS
10
10.3967198818897639
20
-5.3666965748031492
11
10.4032801181102368
21
-5.3666965748031492
0
LINE
8
BLACK
6
CONTINUOUS
10
10.4032801181102368
20
-5.3666965748031492
11
10.409714251968504
21
-5.3679764173228346
0
LINE
8
BLACK
6
CONTINUOUS
10
2.85933968503937
20
-5.3698601574803151
11
2.8650439763779527
21
-5.3722229527559051
0
LINE
8
BLACK
6
CONTINUOUS
10
2.8650439763779527
20
-5.3722229527559051
11
2.8701777559055119
21
-5.3756532283464562
0
LINE
8
BLACK
6
CONTINUOUS
10
2.8701777559055119
20
-5.3756532283464562
11
2.874543622047244
21
-5.3800190944881887
0
LINE
8
BLACK
6
CONTINUOUS
10
2.874543622047244
20
-5.3800190944881887
11
2.8779738976377951
21
-5.3851528740157475
0
LINE
8
BLACK
6
CONTINUOUS
10
2.8779738976377951
20
-5.3851528740157475
11
2.8803366929133856
21
-5.3908571653543307
0
LINE
8
BLACK
6
CONTINUOUS
10
2.8803366929133856
20
-5.3908571653543307
11
2.8815412598425194
21
-5.3969128346456694
0
LINE
8
BLACK
6
CONTINUOUS
10
2.8815412598425194
20
-5.3969128346456694
11
2.8815412598425194
21
-5.4030871653543304
0
LINE
8
BLACK
6
CONTINUOUS
10
2.8815412598425194
20
-5.4030871653543304
11
2.8803366929133856
21
-5.4091428346456691
0
LINE
8
BLACK
6
CONTINUOUS
10
2.8803366929133856
20
-5.4091428346456691
11
2.8779738976377951
21
-5.4148471259842514
0
LINE
8
BLACK
6
CONTINUOUS
10
2.8779738976377951
20
-5.4148471259842514
11
2.874543622047244
21
-5.4199809055118111
0
LINE
8
BLACK
6
CONTINUOUS
10
2.874543622047244
20
-5.4199809055118111
11
2.8701777559055119
21
-5.4243467716535436
0
LINE
8
BLACK
6
CONTINUOUS
10
2.8701777559055119
20
-5.4243467716535436
11
2.8650439763779527
21
-5.4277770472440947
0
LINE
8
BLACK
6
CONTINUOUS
10
2.8650439763779527
20
-5.4277770472440947
11
2.85933968503937
21
-5.4301398425196847
0
LINE
8
BLACK
6
CONTINUOUS
10
2.85933968503937
20
-5.4301398425196847
11
2.8532840157480313
21
-5.431344409448819
0
LINE
8
BLACK
6
CONTINUOUS
10
2.8532840157480313
20
-5.431344409448819
11
2.8471096850393702
21
-5.431344409448819
0
LINE
8
BLACK
6
CONTINUOUS
10
2.8471096850393702
20
-5.431344409448819
11
2.8410540157480315
21
-5.4301398425196847
0
LINE
8
BLACK
6
CONTINUOUS
10
2.8410540157480315
20
-5.4301398425196847
11
2.8353497244094488
21
-5.4277770472440947
0
LINE
8
BLACK
6
CONTINUOUS
10
2.8353497244094488
20
-5.4277770472440947
11
2.8302159448818895
21
-5.4243467716535436
0
LINE
8
BLACK
6
CONTINUOUS
10
2.8302159448818895
20
-5.4243467716535436
11
2.8258500787401575
21
-5.4199809055118111
0
LINE
8
BLACK
6
CONTINUOUS
10
2.8258500787401575
20
-5.4199809055118111
11
2.8224198031496064
21
-5.4148471259842514
0
LINE
8
BLACK
6
CONTINUOUS
10
2.8224198031496064
20
-5.4148471259842514
11
2.8200570078740155
21
-5.4091428346456691
0
LINE
8
BLACK
6
CONTINUOUS
10
2.8200570078740155
20
-5.4091428346456691
11
2.8188524409448816
21
-5.4030871653543304
0
LINE
8
BLACK
6
CONTINUOUS
10
2.8188524409448816
20
-5.4030871653543304
11
2.8188524409448816
21
-5.3969128346456694
0
LINE
8
BLACK
6
CONTINUOUS
10
2.8188524409448816
20
-5.3969128346456694
11
2.8200570078740155
21
-5.3908571653543307
0
LINE
8
BLACK
6
CONTINUOUS
10
2.8200570078740155
20
-5.3908571653543307
11
2.8224198031496064
21
-5.3851528740157475
0
LINE
8
BLACK
6
CONTINUOUS
10
2.8224198031496064
20
-5.3851528740157475
11
2.8258500787401575
21
-5.3800190944881887
0
LINE
8
BLACK
6
CONTINUOUS
10
2.8258500787401575
20
-5.3800190944881887
11
2.8302159448818895
21
-5.3756532283464562
0
LINE
8
BLACK
6
CONTINUOUS
10
2.8302159448818895
20
-5.3756532283464562
11
2.8353497244094488
21
-5.3722229527559051
0
LINE
8
BLACK
6
CONTINUOUS
10
2.8353497244094488
20
-5.3722229527559051
11
2.8410540157480315
21
-5.3698601574803151
0
LINE
8
BLACK
6
CONTINUOUS
10
2.8410540157480315
20
-5.3698601574803151
11
2.8471096850393702
21
-5.3686555905511808
0
LINE
8
BLACK
6
CONTINUOUS
10
2.8471096850393702
20
-5.3686555905511808
11
2.8532840157480313
21
-5.3686555905511808
0
LINE
8
BLACK
6
CONTINUOUS
10
2.8532840157480313
20
-5.3686555905511808
11
2.85933968503937
21
-5.3698601574803151
0
LINE
8
BLACK
6
CONTINUOUS
10
3.2593396850393699
20
-5.3698601574803151
11
3.2650439763779526
21
-5.3722229527559051
0
LINE
8
BLACK
6
CONTINUOUS
10
3.2650439763779526
20
-5.3722229527559051
11
3.2701777559055119
21
-5.3756532283464562
0
LINE
8
BLACK
6
CONTINUOUS
10
3.2701777559055119
20
-5.3756532283464562
11
3.2745436220472439
21
-5.3800190944881887
0
LINE
8
BLACK
6
CONTINUOUS
10
3.2745436220472439
20
-5.3800190944881887
11
3.277973897637795
21
-5.3851528740157475
0
LINE
8
BLACK
6
CONTINUOUS
10
3.277973897637795
20
-5.3851528740157475
11
3.2803366929133859
21
-5.3908571653543307
0
LINE
8
BLACK
6
CONTINUOUS
10
3.2803366929133859
20
-5.3908571653543307
11
3.2815412598425198
21
-5.3969128346456694
0
LINE
8
BLACK
6
CONTINUOUS
10
3.2815412598425198
20
-5.3969128346456694
11
3.2815412598425198
21
-5.4030871653543304
0
LINE
8
BLACK
6
CONTINUOUS
10
3.2815412598425198
20
-5.4030871653543304
11
3.2803366929133859
21
-5.4091428346456691
0
LINE
8
BLACK
6
CONTINUOUS
10
3.2803366929133859
20
-5.4091428346456691
11
3.277973897637795
21
-5.4148471259842514
0
LINE
8
BLACK
6
CONTINUOUS
10
3.277973897637795
20
-5.4148471259842514
11
3.2745436220472439
21
-5.4199809055118111
0
LINE
8
BLACK
6
CONTINUOUS
10
3.2745436220472439
20
-5.4199809055118111
11
3.2701777559055119
21
-5.4243467716535436
0
LINE
8
BLACK
6
CONTINUOUS
10
3.2701777559055119
20
-5.4243467716535436
11
3.2650439763779526
21
-5.4277770472440947
0
LINE
8
BLACK
6
CONTINUOUS
10
3.2650439763779526
20
-5.4277770472440947
11
3.2593396850393699
21
-5.4301398425196847
0
LINE
8
BLACK
6
CONTINUOUS
10
3.2593396850393699
20
-5.4301398425196847
11
3.2532840157480316
21
-5.431344409448819
0
LINE
8
BLACK
6
CONTINUOUS
10
3.2532840157480316
20
-5.431344409448819
11
3.2471096850393701
21
-5.431344409448819
0
LINE
8
BLACK
6
CONTINUOUS
10
3.2471096850393701
20
-5.431344409448819
11
3.2410540157480314
21
-5.4301398425196847
0
LINE
8
BLACK
6
CONTINUOUS
10
3.2410540157480314
20
-5.4301398425196847
11
3.2353497244094487
21
-5.4277770472440947
0
LINE
8
BLACK
6
CONTINUOUS
10
3.2353497244094487
20
-5.4277770472440947
11
3.2302159448818899
21
-5.4243467716535436
0
LINE
8
BLACK
6
CONTINUOUS
10
3.2302159448818899
20
-5.4243467716535436
11
3.2258500787401574
21
-5.4199809055118111
0
LINE
8
BLACK
6
CONTINUOUS
10
3.2258500787401574
20
-5.4199809055118111
11
3.2224198031496063
21
-5.4148471259842514
0
LINE
8
BLACK
6
CONTINUOUS
10
3.2224198031496063
20
-5.4148471259842514
11
3.2200570078740158
21
-5.4091428346456691
0
LINE
8
BLACK
6
CONTINUOUS
10
3.2200570078740158
20
-5.4091428346456691
11
3.218852440944882
21
-5.4030871653543304
0
LINE
8
BLACK
6
CONTINUOUS
10
3.218852440944882
20
-5.4030871653543304
11
3.218852440944882
21
-5.3969128346456694
0
LINE
8
BLACK
6
CONTINUOUS
10
3.218852440944882
20
-5.3969128346456694
11
3.2200570078740158
21
-5.3908571653543307
0
LINE
8
BLACK
6
CONTINUOUS
10
3.2200570078740158
20
-5.3908571653543307
11
3.2224198031496063
21
-5.3851528740157475
0
LINE
8
BLACK
6
CONTINUOUS
10
3.2224198031496063
20
-5.3851528740157475
11
3.2258500787401574
21
-5.3800190944881887
0
LINE
8
BLACK
6
CONTINUOUS
10
3.2258500787401574
20
-5.3800190944881887
11
3.2302159448818899
21
-5.3756532283464562
0
LINE
8
BLACK
6
CONTINUOUS
10
3.2302159448818899
20
-5.3756532283464562
11
3.2353497244094487
21
-5.3722229527559051
0
LINE
8
BLACK
6
CONTINUOUS
10
3.2353497244094487
20
-5.3722229527559051
11
3.2410540157480314
21
-5.3698601574803151
0
LINE
8
BLACK
6
CONTINUOUS
10
3.2410540157480314
20
-5.3698601574803151
11
3.2471096850393701
21
-5.3686555905511808
0
LINE
8
BLACK
6
CONTINUOUS
10
3.2471096850393701
20
-5.3686555905511808
11
3.2532840157480316
21
-5.3686555905511808
0
LINE
8
BLACK
6
CONTINUOUS
10
3.2532840157480316
20
-5.3686555905511808
11
3.2593396850393699
21
-5.3698601574803151
0
LINE
8
BLACK
6
CONTINUOUS
10
3.5593396850393701
20
-5.3698601574803151
11
3.5650439763779529
21
-5.3722229527559051
0
LINE
8
BLACK
6
CONTINUOUS
10
3.5650439763779529
20
-5.3722229527559051
11
3.5701777559055117
21
-5.3756532283464562
0
LINE
8
BLACK
6
CONTINUOUS
10
3.5701777559055117
20
-5.3756532283464562
11
3.5745436220472442
21
-5.3800190944881887
0
LINE
8
BLACK
6
CONTINUOUS
10
3.5745436220472442
20
-5.3800190944881887
11
3.5779738976377953
21
-5.3851528740157475
0
LINE
8
BLACK
6
CONTINUOUS
10
3.5779738976377953
20
-5.3851528740157475
11
3.5803366929133857
21
-5.3908571653543307
0
LINE
8
BLACK
6
CONTINUOUS
10
3.5803366929133857
20
-5.3908571653543307
11
3.5815412598425196
21
-5.3969128346456694
0
LINE
8
BLACK
6
CONTINUOUS
10
3.5815412598425196
20
-5.3969128346456694
11
3.5815412598425196
21
-5.4030871653543304
0
LINE
8
BLACK
6
CONTINUOUS
10
3.5815412598425196
20
-5.4030871653543304
11
3.5803366929133857
21
-5.4091428346456691
0
LINE
8
BLACK
6
CONTINUOUS
10
3.5803366929133857
20
-5.4091428346456691
11
3.5779738976377953
21
-5.4148471259842514
0
LINE
8
BLACK
6
CONTINUOUS
10
3.5779738976377953
20
-5.4148471259842514
11
3.5745436220472442
21
-5.4199809055118111
0
LINE
8
BLACK
6
CONTINUOUS
10
3.5745436220472442
20
-5.4199809055118111
11
3.5701777559055117
21
-5.4243467716535436
0
LINE
8
BLACK
6
CONTINUOUS
10
3.5701777559055117
20
-5.4243467716535436
11
3.5650439763779529
21
-5.4277770472440947
0
LINE
8
BLACK
6
CONTINUOUS
10
3.5650439763779529
20
-5.4277770472440947
11
3.5593396850393701
21
-5.4301398425196847
0
LINE
8
BLACK
6
CONTINUOUS
10
3.5593396850393701
20
-5.4301398425196847
11
3.5532840157480314
21
-5.431344409448819
0
LINE
8
BLACK
6
CONTINUOUS
10
3.5532840157480314
20
-5.431344409448819
11
3.54710968503937
21
-5.431344409448819
0
LINE
8
BLACK
6
CONTINUOUS
10
3.54710968503937
20
-5.431344409448819
11
3.5410540157480312
21
-5.4301398425196847
0
LINE
8
BLACK
6
CONTINUOUS
10
3.5410540157480312
20
-5.4301398425196847
11
3.5353497244094489
21
-5.4277770472440947
0
LINE
8
BLACK
6
CONTINUOUS
10
3.5353497244094489
20
-5.4277770472440947
11
3.5302159448818897
21
-5.4243467716535436
0
LINE
8
BLACK
6
CONTINUOUS
10
3.5302159448818897
20
-5.4243467716535436
11
3.5258500787401572
21
-5.4199809055118111
0
LINE
8
BLACK
6
CONTINUOUS
10
3.5258500787401572
20
-5.4199809055118111
11
3.5224198031496061
21
-5.4148471259842514
0
LINE
8
BLACK
6
CONTINUOUS
10
3.5224198031496061
20
-5.4148471259842514
11
3.5200570078740157
21
-5.4091428346456691
0
LINE
8
BLACK
6
CONTINUOUS
10
3.5200570078740157
20
-5.4091428346456691
11
3.5188524409448818
21
-5.4030871653543304
0
LINE
8
BLACK
6
CONTINUOUS
10
3.5188524409448818
20
-5.4030871653543304
11
3.5188524409448818
21
-5.3969128346456694
0
LINE
8
BLACK
6
CONTINUOUS
10
3.5188524409448818
20
-5.3969128346456694
11
3.5200570078740157
21
-5.3908571653543307
0
LINE
8
BLACK
6
CONTINUOUS
10
3.5200570078740157
20
-5.3908571653543307
11
3.5224198031496061
21
-5.3851528740157475
0
LINE
8
BLACK
6
CONTINUOUS
10
3.5224198031496061
20
-5.3851528740157475
11
3.5258500787401572
21
-5.3800190944881887
0
LINE
8
BLACK
6
CONTINUOUS
10
3.5258500787401572
20
-5.3800190944881887
11
3.5302159448818897
21
-5.3756532283464562
0
LINE
8
BLACK
6
CONTINUOUS
10
3.5302159448818897
20
-5.3756532283464562
11
3.5353497244094489
21
-5.3722229527559051
0
LINE
8
BLACK
6
CONTINUOUS
10
3.5353497244094489
20
-5.3722229527559051
11
3.5410540157480312
21
-5.3698601574803151
0
LINE
8
BLACK
6
CONTINUOUS
10
3.5410540157480312
20
-5.3698601574803151
11
3.54710968503937
21
-5.3686555905511808
0
LINE
8
BLACK
6
CONTINUOUS
10
3.54710968503937
20
-5.3686555905511808
11
3.5532840157480314
21
-5.3686555905511808
0
LINE
8
BLACK
6
CONTINUOUS
10
3.5532840157480314
20
-5.3686555905511808
11
3.5593396850393701
21
-5.3698601574803151
0
LINE
8
BLACK
6
CONTINUOUS
10
7.0091428346456688
20
-5.3698601574803151
11
7.014847125984252
21
-5.3722229527559051
0
LINE
8
BLACK
6
CONTINUOUS
10
7.014847125984252
20
-5.3722229527559051
11
7.0199809055118108
21
-5.3756532283464562
0
LINE
8
BLACK
6
CONTINUOUS
10
7.0199809055118108
20
-5.3756532283464562
11
7.0243467716535433
21
-5.3800190944881887
0
LINE
8
BLACK
6
CONTINUOUS
10
7.0243467716535433
20
-5.3800190944881887
11
7.0277770472440944
21
-5.3851528740157475
0
LINE
8
BLACK
6
CONTINUOUS
10
7.0277770472440944
20
-5.3851528740157475
11
7.0301398425196853
21
-5.3908571653543307
0
LINE
8
BLACK
6
CONTINUOUS
10
7.0301398425196853
20
-5.3908571653543307
11
7.0313444094488187
21
-5.3969128346456694
0
LINE
8
BLACK
6
CONTINUOUS
10
7.0313444094488187
20
-5.3969128346456694
11
7.0313444094488187
21
-5.4030871653543304
0
LINE
8
BLACK
6
CONTINUOUS
10
7.0313444094488187
20
-5.4030871653543304
11
7.0301398425196853
21
-5.4091428346456691
0
LINE
8
BLACK
6
CONTINUOUS
10
7.0301398425196853
20
-5.4091428346456691
11
7.0277770472440944
21
-5.4148471259842514
0
LINE
8
BLACK
6
CONTINUOUS
10
7.0277770472440944
20
-5.4148471259842514
11
7.0243467716535433
21
-5.4199809055118111
0
LINE
8
BLACK
6
CONTINUOUS
10
7.0243467716535433
20
-5.4199809055118111
11
7.0199809055118108
21
-5.4243467716535436
0
LINE
8
BLACK
6
CONTINUOUS
10
7.0199809055118108
20
-5.4243467716535436
11
7.014847125984252
21
-5.4277770472440947
0
LINE
8
BLACK
6
CONTINUOUS
10
7.014847125984252
20
-5.4277770472440947
11
7.0091428346456688
21
-5.4301398425196847
0
LINE
8
BLACK
6
CONTINUOUS
10
7.0091428346456688
20
-5.4301398425196847
11
7.003087165354331
21
-5.431344409448819
0
LINE
8
BLACK
6
CONTINUOUS
10
7.003087165354331
20
-5.431344409448819
11
6.996912834645669
21
-5.431344409448819
0
LINE
8
BLACK
6
CONTINUOUS
10
6.996912834645669
20
-5.431344409448819
11
6.9908571653543303
21
-5.4301398425196847
0
LINE
8
BLACK
6
CONTINUOUS
10
6.9908571653543303
20
-5.4301398425196847
11
6.985152874015748
21
-5.4277770472440947
0
LINE
8
BLACK
6
CONTINUOUS
10
6.985152874015748
20
-5.4277770472440947
11
6.9800190944881892
21
-5.4243467716535436
0
LINE
8
BLACK
6
CONTINUOUS
10
6.9800190944881892
20
-5.4243467716535436
11
6.9756532283464567
21
-5.4199809055118111
0
LINE
8
BLACK
6
CONTINUOUS
10
6.9756532283464567
20
-5.4199809055118111
11
6.9722229527559056
21
-5.4148471259842514
0
LINE
8
BLACK
6
CONTINUOUS
10
6.9722229527559056
20
-5.4148471259842514
11
6.9698601574803147
21
-5.4091428346456691
0
LINE
8
BLACK
6
CONTINUOUS
10
6.9698601574803147
20
-5.4091428346456691
11
6.9686555905511813
21
-5.4030871653543304
0
LINE
8
BLACK
6
CONTINUOUS
10
6.9686555905511813
20
-5.4030871653543304
11
6.9686555905511813
21
-5.3969128346456694
0
LINE
8
BLACK
6
CONTINUOUS
10
6.9686555905511813
20
-5.3969128346456694
11
6.9698601574803147
21
-5.3908571653543307
0
LINE
8
BLACK
6
CONTINUOUS
10
6.9698601574803147
20
-5.3908571653543307
11
6.9722229527559056
21
-5.3851528740157475
0
LINE
8
BLACK
6
CONTINUOUS
10
6.9722229527559056
20
-5.3851528740157475
11
6.9756532283464567
21
-5.3800190944881887
0
LINE
8
BLACK
6
CONTINUOUS
10
6.9756532283464567
20
-5.3800190944881887
11
6.9800190944881892
21
-5.3756532283464562
0
LINE
8
BLACK
6
CONTINUOUS
10
6.9800190944881892
20
-5.3756532283464562
11
6.985152874015748
21
-5.3722229527559051
0
LINE
8
BLACK
6
CONTINUOUS
10
6.985152874015748
20
-5.3722229527559051
11
6.9908571653543303
21
-5.3698601574803151
0
LINE
8
BLACK
6
CONTINUOUS
10
6.9908571653543303
20
-5.3698601574803151
11
6.996912834645669
21
-5.3686555905511808
0
LINE
8
BLACK
6
CONTINUOUS
10
6.996912834645669
20
-5.3686555905511808
11
7.003087165354331
21
-5.3686555905511808
0
LINE
8
BLACK
6
CONTINUOUS
10
7.003087165354331
20
-5.3686555905511808
11
7.0091428346456688
21
-5.3698601574803151
0
LINE
8
BLACK
6
CONTINUOUS
10
7.6085714173228345
20
-5.3717438976377956
11
7.6139192125984252
21
-5.3739590157480315
0
LINE
8
BLACK
6
CONTINUOUS
10
7.6139192125984252
20
-5.3739590157480315
11
7.6187320866141732
21
-5.377174881889764
0
LINE
8
BLACK
6
CONTINUOUS
10
7.6187320866141732
20
-5.377174881889764
11
7.622825118110236
21
-5.3812679133858268
0
LINE
8
BLACK
6
CONTINUOUS
10
7.622825118110236
20
-5.3812679133858268
11
7.6260409842519685
21
-5.3860807874015748
0
LINE
8
BLACK
6
CONTINUOUS
10
7.6260409842519685
20
-5.3860807874015748
11
7.6282561023622044
21
-5.3914285826771655
0
LINE
8
BLACK
6
CONTINUOUS
10
7.6282561023622044
20
-5.3914285826771655
11
7.6293853937007876
21
-5.3971057874015749
0
LINE
8
BLACK
6
CONTINUOUS
10
7.6293853937007876
20
-5.3971057874015749
11
7.6293853937007876
21
-5.402894212598425
0
LINE
8
BLACK
6
CONTINUOUS
10
7.6293853937007876
20
-5.402894212598425
11
7.6282561023622044
21
-5.4085714173228343
0
LINE
8
BLACK
6
CONTINUOUS
10
7.6282561023622044
20
-5.4085714173228343
11
7.6260409842519685
21
-5.413919212598425
0
LINE
8
BLACK
6
CONTINUOUS
10
7.6260409842519685
20
-5.413919212598425
11
7.622825118110236
21
-5.418732086614173
0
LINE
8
BLACK
6
CONTINUOUS
10
7.622825118110236
20
-5.418732086614173
11
7.6187320866141732
21
-5.4228251181102358
0
LINE
8
BLACK
6
CONTINUOUS
10
7.6187320866141732
20
-5.4228251181102358
11
7.6139192125984252
21
-5.4260409842519683
0
LINE
8
BLACK
6
CONTINUOUS
10
7.6139192125984252
20
-5.4260409842519683
11
7.6085714173228345
21
-5.4282561023622042
0
LINE
8
BLACK
6
CONTINUOUS
10
7.6085714173228345
20
-5.4282561023622042
11
7.6028942125984251
21
-5.4293853937007874
0
LINE
8
BLACK
6
CONTINUOUS
10
7.6028942125984251
20
-5.4293853937007874
11
7.597105787401575
21
-5.4293853937007874
0
LINE
8
BLACK
6
CONTINUOUS
10
7.597105787401575
20
-5.4293853937007874
11
7.5914285826771648
21
-5.4282561023622042
0
LINE
8
BLACK
6
CONTINUOUS
10
7.5914285826771648
20
-5.4282561023622042
11
7.586080787401575
21
-5.4260409842519683
0
LINE
8
BLACK
6
CONTINUOUS
10
7.586080787401575
20
-5.4260409842519683
11
7.581267913385827
21
-5.4228251181102358
0
LINE
8
BLACK
6
CONTINUOUS
10
7.581267913385827
20
-5.4228251181102358
11
7.5771748818897633
21
-5.418732086614173
0
LINE
8
BLACK
6
CONTINUOUS
10
7.5771748818897633
20
-5.418732086614173
11
7.5739590157480317
21
-5.413919212598425
0
LINE
8
BLACK
6
CONTINUOUS
10
7.5739590157480317
20
-5.413919212598425
11
7.5717438976377949
21
-5.4085714173228343
0
LINE
8
BLACK
6
CONTINUOUS
10
7.5717438976377949
20
-5.4085714173228343
11
7.5706146062992126
21
-5.402894212598425
0
LINE
8
BLACK
6
CONTINUOUS
10
7.5706146062992126
20
-5.402894212598425
11
7.5706146062992126
21
-5.3971057874015749
0
LINE
8
BLACK
6
CONTINUOUS
10
7.5706146062992126
20
-5.3971057874015749
11
7.5717438976377949
21
-5.3914285826771655
0
LINE
8
BLACK
6
CONTINUOUS
10
7.5717438976377949
20
-5.3914285826771655
11
7.5739590157480317
21
-5.3860807874015748
0
LINE
8
BLACK
6
CONTINUOUS
10
7.5739590157480317
20
-5.3860807874015748
11
7.5771748818897633
21
-5.3812679133858268
0
LINE
8
BLACK
6
CONTINUOUS
10
7.5771748818897633
20
-5.3812679133858268
11
7.581267913385827
21
-5.377174881889764
0
LINE
8
BLACK
6
CONTINUOUS
10
7.581267913385827
20
-5.377174881889764
11
7.586080787401575
21
-5.3739590157480315
0
LINE
8
BLACK
6
CONTINUOUS
10
7.586080787401575
20
-5.3739590157480315
11
7.5914285826771648
21
-5.3717438976377956
0
LINE
8
BLACK
6
CONTINUOUS
10
7.5914285826771648
20
-5.3717438976377956
11
7.597105787401575
21
-5.3706146062992124
0
LINE
8
BLACK
6
CONTINUOUS
10
7.597105787401575
20
-5.3706146062992124
11
7.6028942125984251
21
-5.3706146062992124
0
LINE
8
BLACK
6
CONTINUOUS
10
7.6028942125984251
20
-5.3706146062992124
11
7.6085714173228345
21
-5.3717438976377956
0
LINE
8
BLACK
6
CONTINUOUS
10
1.9593396850393701
20
-5.366710551181102
11
1.9650439763779528
21
-5.3690733464566929
0
LINE
8
BLACK
6
CONTINUOUS
10
1.9650439763779528
20
-5.3690733464566929
11
1.9701777559055118
21
-5.372503622047244
0
LINE
8
BLACK
6
CONTINUOUS
10
1.9701777559055118
20
-5.372503622047244
11
1.9745436220472441
21
-5.3768694881889765
0
LINE
8
BLACK
6
CONTINUOUS
10
1.9745436220472441
20
-5.3768694881889765
11
1.9779738976377952
21
-5.3820032677165353
0
LINE
8
BLACK
6
CONTINUOUS
10
1.9779738976377952
20
-5.3820032677165353
11
1.9803366929133859
21
-5.3877075590551176
0
LINE
8
BLACK
6
CONTINUOUS
10
1.9803366929133859
20
-5.3877075590551176
11
1.9815412598425197
21
-5.3937632283464563
0
LINE
8
BLACK
6
CONTINUOUS
10
1.9815412598425197
20
-5.3937632283464563
11
1.9815412598425197
21
-5.3999375590551182
0
LINE
8
BLACK
6
CONTINUOUS
10
1.9815412598425197
20
-5.3999375590551182
11
1.9803366929133859
21
-5.4059932283464569
0
LINE
8
BLACK
6
CONTINUOUS
10
1.9803366929133859
20
-5.4059932283464569
11
1.9779738976377952
21
-5.4116975196850392
0
LINE
8
BLACK
6
CONTINUOUS
10
1.9779738976377952
20
-5.4116975196850392
11
1.9745436220472441
21
-5.416831299212598
0
LINE
8
BLACK
6
CONTINUOUS
10
1.9745436220472441
20
-5.416831299212598
11
1.9701777559055118
21
-5.4211971653543305
0
LINE
8
BLACK
6
CONTINUOUS
10
1.9701777559055118
20
-5.4211971653543305
11
1.9650439763779528
21
-5.4246274409448816
0
LINE
8
BLACK
6
CONTINUOUS
10
1.9650439763779528
20
-5.4246274409448816
11
1.9593396850393701
21
-5.4269902362204725
0
LINE
8
BLACK
6
CONTINUOUS
10
1.9593396850393701
20
-5.4269902362204725
11
1.9532840157480313
21
-5.4281948031496059
0
LINE
8
BLACK
6
CONTINUOUS
10
1.9532840157480313
20
-5.4281948031496059
11
1.9471096850393701
21
-5.4281948031496059
0
LINE
8
BLACK
6
CONTINUOUS
10
1.9471096850393701
20
-5.4281948031496059
11
1.9410540157480314
21
-5.4269902362204725
0
LINE
8
BLACK
6
CONTINUOUS
10
1.9410540157480314
20
-5.4269902362204725
11
1.9353497244094489
21
-5.4246274409448816
0
LINE
8
BLACK
6
CONTINUOUS
10
1.9353497244094489
20
-5.4246274409448816
11
1.9302159448818896
21
-5.4211971653543305
0
LINE
8
BLACK
6
CONTINUOUS
10
1.9302159448818896
20
-5.4211971653543305
11
1.9258500787401573
21
-5.416831299212598
0
LINE
8
BLACK
6
CONTINUOUS
10
1.9258500787401573
20
-5.416831299212598
11
1.9224198031496063
21
-5.4116975196850392
0
LINE
8
BLACK
6
CONTINUOUS
10
1.9224198031496063
20
-5.4116975196850392
11
1.9200570078740158
21
-5.4059932283464569
0
LINE
8
BLACK
6
CONTINUOUS
10
1.9200570078740158
20
-5.4059932283464569
11
1.9188524409448819
21
-5.3999375590551182
0
LINE
8
BLACK
6
CONTINUOUS
10
1.9188524409448819
20
-5.3999375590551182
11
1.9188524409448819
21
-5.3937632283464563
0
LINE
8
BLACK
6
CONTINUOUS
10
1.9188524409448819
20
-5.3937632283464563
11
1.9200570078740158
21
-5.3877075590551176
0
LINE
8
BLACK
6
CONTINUOUS
10
1.9200570078740158
20
-5.3877075590551176
11
1.9224198031496063
21
-5.3820032677165353
0
LINE
8
BLACK
6
CONTINUOUS
10
1.9224198031496063
20
-5.3820032677165353
11
1.9258500787401573
21
-5.3768694881889765
0
LINE
8
BLACK
6
CONTINUOUS
10
1.9258500787401573
20
-5.3768694881889765
11
1.9302159448818896
21
-5.372503622047244
0
LINE
8
BLACK
6
CONTINUOUS
10
1.9302159448818896
20
-5.372503622047244
11
1.9353497244094489
21
-5.3690733464566929
0
LINE
8
BLACK
6
CONTINUOUS
10
1.9353497244094489
20
-5.3690733464566929
11
1.9410540157480314
21
-5.366710551181102
0
LINE
8
BLACK
6
CONTINUOUS
10
1.9410540157480314
20
-5.366710551181102
11
1.9471096850393701
21
-5.3655059842519686
0
LINE
8
BLACK
6
CONTINUOUS
10
1.9471096850393701
20
-5.3655059842519686
11
1.9532840157480313
21
-5.3655059842519686
0
LINE
8
BLACK
6
CONTINUOUS
10
1.9532840157480313
20
-5.3655059842519686
11
1.9593396850393701
21
-5.366710551181102
0
LINE
8
BLACK
6
CONTINUOUS
10
2.207999960629921
20
-5.3736276377952752
11
2.2129912598425197
21
-5.375695078740157
0
LINE
8
BLACK
6
CONTINUOUS
10
2.2129912598425197
20
-5.375695078740157
11
2.2174832677165353
21
-5.3786965748031497
0
LINE
8
BLACK
6
CONTINUOUS
10
2.2174832677165353
20
-5.3786965748031497
11
2.2213034251968504
21
-5.3825167322834648
0
LINE
8
BLACK
6
CONTINUOUS
10
2.2213034251968504
20
-5.3825167322834648
11
2.2243049212598422
21
-5.38700874015748
0
LINE
8
BLACK
6
CONTINUOUS
10
2.2243049212598422
20
-5.38700874015748
11
2.2263723622047245
21
-5.3920000393700782
0
LINE
8
BLACK
6
CONTINUOUS
10
2.2263723622047245
20
-5.3920000393700782
11
2.2274263385826769
21
-5.3972987401574803
0
LINE
8
BLACK
6
CONTINUOUS
10
2.2274263385826769
20
-5.3972987401574803
11
2.2274263385826769
21
-5.4027012598425195
0
LINE
8
BLACK
6
CONTINUOUS
10
2.2274263385826769
20
-5.4027012598425195
11
2.2263723622047245
21
-5.4079999606299207
0
LINE
8
BLACK
6
CONTINUOUS
10
2.2263723622047245
20
-5.4079999606299207
11
2.2243049212598422
21
-5.4129912598425198
0
LINE
8
BLACK
6
CONTINUOUS
10
2.2243049212598422
20
-5.4129912598425198
11
2.2213034251968504
21
-5.417483267716535
0
LINE
8
BLACK
6
CONTINUOUS
10
2.2213034251968504
20
-5.417483267716535
11
2.2174832677165353
21
-5.4213034251968502
0
LINE
8
BLACK
6
CONTINUOUS
10
2.2174832677165353
20
-5.4213034251968502
11
2.2129912598425197
21
-5.424304921259842
0
LINE
8
BLACK
6
CONTINUOUS
10
2.2129912598425197
20
-5.424304921259842
11
2.207999960629921
21
-5.4263723622047246
0
LINE
8
BLACK
6
CONTINUOUS
10
2.207999960629921
20
-5.4263723622047246
11
2.2027012598425197
21
-5.4274263385826771
0
LINE
8
BLACK
6
CONTINUOUS
10
2.2027012598425197
20
-5.4274263385826771
11
2.1972987401574802
21
-5.4274263385826771
0
LINE
8
BLACK
6
CONTINUOUS
10
2.1972987401574802
20
-5.4274263385826771
11
2.1920000393700785
21
-5.4263723622047246
0
LINE
8
BLACK
6
CONTINUOUS
10
2.1920000393700785
20
-5.4263723622047246
11
2.1870087401574803
21
-5.424304921259842
0
LINE
8
BLACK
6
CONTINUOUS
10
2.1870087401574803
20
-5.424304921259842
11
2.1825167322834647
21
-5.4213034251968502
0
LINE
8
BLACK
6
CONTINUOUS
10
2.1825167322834647
20
-5.4213034251968502
11
2.1786965748031495
21
-5.417483267716535
0
LINE
8
BLACK
6
CONTINUOUS
10
2.1786965748031495
20
-5.417483267716535
11
2.1756950787401572
21
-5.4129912598425198
0
LINE
8
BLACK
6
CONTINUOUS
10
2.1756950787401572
20
-5.4129912598425198
11
2.1736276377952755
21
-5.4079999606299207
0
LINE
8
BLACK
6
CONTINUOUS
10
2.1736276377952755
20
-5.4079999606299207
11
2.172573661417323
21
-5.4027012598425195
0
LINE
8
BLACK
6
CONTINUOUS
10
2.172573661417323
20
-5.4027012598425195
11
2.172573661417323
21
-5.3972987401574803
0
LINE
8
BLACK
6
CONTINUOUS
10
2.172573661417323
20
-5.3972987401574803
11
2.1736276377952755
21
-5.3920000393700782
0
LINE
8
BLACK
6
CONTINUOUS
10
2.1736276377952755
20
-5.3920000393700782
11
2.1756950787401572
21
-5.38700874015748
0
LINE
8
BLACK
6
CONTINUOUS
10
2.1756950787401572
20
-5.38700874015748
11
2.1786965748031495
21
-5.3825167322834648
0
LINE
8
BLACK
6
CONTINUOUS
10
2.1786965748031495
20
-5.3825167322834648
11
2.1825167322834647
21
-5.3786965748031497
0
LINE
8
BLACK
6
CONTINUOUS
10
2.1825167322834647
20
-5.3786965748031497
11
2.1870087401574803
21
-5.375695078740157
0
LINE
8
BLACK
6
CONTINUOUS
10
2.1870087401574803
20
-5.375695078740157
11
2.1920000393700785
21
-5.3736276377952752
0
LINE
8
BLACK
6
CONTINUOUS
10
2.1920000393700785
20
-5.3736276377952752
11
2.1972987401574802
21
-5.3725736614173227
0
LINE
8
BLACK
6
CONTINUOUS
10
2.1972987401574802
20
-5.3725736614173227
11
2.2027012598425197
21
-5.3725736614173227
0
LINE
8
BLACK
6
CONTINUOUS
10
2.2027012598425197
20
-5.3725736614173227
11
2.207999960629921
21
-5.3736276377952752
0
LINE
8
BLACK
6
CONTINUOUS
10
3.0581968110236222
20
-5.3736276377952752
11
3.0631881102362204
21
-5.375695078740157
0
LINE
8
BLACK
6
CONTINUOUS
10
3.0631881102362204
20
-5.375695078740157
11
3.067680118110236
21
-5.3786965748031497
0
LINE
8
BLACK
6
CONTINUOUS
10
3.067680118110236
20
-5.3786965748031497
11
3.0715002755905512
21
-5.3825167322834648
0
LINE
8
BLACK
6
CONTINUOUS
10
3.0715002755905512
20
-5.3825167322834648
11
3.0745017716535434
21
-5.38700874015748
0
LINE
8
BLACK
6
CONTINUOUS
10
3.0745017716535434
20
-5.38700874015748
11
3.0765692125984252
21
-5.3920000393700782
0
LINE
8
BLACK
6
CONTINUOUS
10
3.0765692125984252
20
-5.3920000393700782
11
3.0776231889763781
21
-5.3972987401574803
0
LINE
8
BLACK
6
CONTINUOUS
10
3.0776231889763781
20
-5.3972987401574803
11
3.0776231889763781
21
-5.4027012598425195
0
LINE
8
BLACK
6
CONTINUOUS
10
3.0776231889763781
20
-5.4027012598425195
11
3.0765692125984252
21
-5.4079999606299207
0
LINE
8
BLACK
6
CONTINUOUS
10
3.0765692125984252
20
-5.4079999606299207
11
3.0745017716535434
21
-5.4129912598425198
0
LINE
8
BLACK
6
CONTINUOUS
10
3.0745017716535434
20
-5.4129912598425198
11
3.0715002755905512
21
-5.417483267716535
0
LINE
8
BLACK
6
CONTINUOUS
10
3.0715002755905512
20
-5.417483267716535
11
3.067680118110236
21
-5.4213034251968502
0
LINE
8
BLACK
6
CONTINUOUS
10
3.067680118110236
20
-5.4213034251968502
11
3.0631881102362204
21
-5.424304921259842
0
LINE
8
BLACK
6
CONTINUOUS
10
3.0631881102362204
20
-5.424304921259842
11
3.0581968110236222
21
-5.4263723622047246
0
LINE
8
BLACK
6
CONTINUOUS
10
3.0581968110236222
20
-5.4263723622047246
11
3.0528981102362205
21
-5.4274263385826771
0
LINE
8
BLACK
6
CONTINUOUS
10
3.0528981102362205
20
-5.4274263385826771
11
3.0474955905511809
21
-5.4274263385826771
0
LINE
8
BLACK
6
CONTINUOUS
10
3.0474955905511809
20
-5.4274263385826771
11
3.0421968897637797
21
-5.4263723622047246
0
LINE
8
BLACK
6
CONTINUOUS
10
3.0421968897637797
20
-5.4263723622047246
11
3.037205590551181
21
-5.424304921259842
0
LINE
8
BLACK
6
CONTINUOUS
10
3.037205590551181
20
-5.424304921259842
11
3.0327135826771654
21
-5.4213034251968502
0
LINE
8
BLACK
6
CONTINUOUS
10
3.0327135826771654
20
-5.4213034251968502
11
3.0288934251968502
21
-5.417483267716535
0
LINE
8
BLACK
6
CONTINUOUS
10
3.0288934251968502
20
-5.417483267716535
11
3.0258919291338584
21
-5.4129912598425198
0
LINE
8
BLACK
6
CONTINUOUS
10
3.0258919291338584
20
-5.4129912598425198
11
3.0238244881889762
21
-5.4079999606299207
0
LINE
8
BLACK
6
CONTINUOUS
10
3.0238244881889762
20
-5.4079999606299207
11
3.0227705118110237
21
-5.4027012598425195
0
LINE
8
BLACK
6
CONTINUOUS
10
3.0227705118110237
20
-5.4027012598425195
11
3.0227705118110237
21
-5.3972987401574803
0
LINE
8
BLACK
6
CONTINUOUS
10
3.0227705118110237
20
-5.3972987401574803
11
3.0238244881889762
21
-5.3920000393700782
0
LINE
8
BLACK
6
CONTINUOUS
10
3.0238244881889762
20
-5.3920000393700782
11
3.0258919291338584
21
-5.38700874015748
0
LINE
8
BLACK
6
CONTINUOUS
10
3.0258919291338584
20
-5.38700874015748
11
3.0288934251968502
21
-5.3825167322834648
0
LINE
8
BLACK
6
CONTINUOUS
10
3.0288934251968502
20
-5.3825167322834648
11
3.0327135826771654
21
-5.3786965748031497
0
LINE
8
BLACK
6
CONTINUOUS
10
3.0327135826771654
20
-5.3786965748031497
11
3.037205590551181
21
-5.375695078740157
0
LINE
8
BLACK
6
CONTINUOUS
10
3.037205590551181
20
-5.375695078740157
11
3.0421968897637797
21
-5.3736276377952752
0
LINE
8
BLACK
6
CONTINUOUS
10
3.0421968897637797
20
-5.3736276377952752
11
3.0474955905511809
21
-5.3725736614173227
0
LINE
8
BLACK
6
CONTINUOUS
10
3.0474955905511809
20
-5.3725736614173227
11
3.0528981102362205
21
-5.3725736614173227
0
LINE
8
BLACK
6
CONTINUOUS
10
3.0528981102362205
20
-5.3725736614173227
11
3.0581968110236222
21
-5.3736276377952752
0
LINE
8
BLACK
6
CONTINUOUS
10
3.6581968110236218
20
-5.3736276377952752
11
3.6631881102362205
21
-5.375695078740157
0
LINE
8
BLACK
6
CONTINUOUS
10
3.6631881102362205
20
-5.375695078740157
11
3.6676801181102361
21
-5.3786965748031497
0
LINE
8
BLACK
6
CONTINUOUS
10
3.6676801181102361
20
-5.3786965748031497
11
3.6715002755905513
21
-5.3825167322834648
0
LINE
8
BLACK
6
CONTINUOUS
10
3.6715002755905513
20
-5.3825167322834648
11
3.6745017716535431
21
-5.38700874015748
0
LINE
8
BLACK
6
CONTINUOUS
10
3.6745017716535431
20
-5.38700874015748
11
3.6765692125984253
21
-5.3920000393700782
0
LINE
8
BLACK
6
CONTINUOUS
10
3.6765692125984253
20
-5.3920000393700782
11
3.6776231889763777
21
-5.3972987401574803
0
LINE
8
BLACK
6
CONTINUOUS
10
3.6776231889763777
20
-5.3972987401574803
11
3.6776231889763777
21
-5.4027012598425195
0
LINE
8
BLACK
6
CONTINUOUS
10
3.6776231889763777
20
-5.4027012598425195
11
3.6765692125984253
21
-5.4079999606299207
0
LINE
8
BLACK
6
CONTINUOUS
10
3.6765692125984253
20
-5.4079999606299207
11
3.6745017716535431
21
-5.4129912598425198
0
LINE
8
BLACK
6
CONTINUOUS
10
3.6745017716535431
20
-5.4129912598425198
11
3.6715002755905513
21
-5.417483267716535
0
LINE
8
BLACK
6
CONTINUOUS
10
3.6715002755905513
20
-5.417483267716535
11
3.6676801181102361
21
-5.4213034251968502
0
LINE
8
BLACK
6
CONTINUOUS
10
3.6676801181102361
20
-5.4213034251968502
11
3.6631881102362205
21
-5.424304921259842
0
LINE
8
BLACK
6
CONTINUOUS
10
3.6631881102362205
20
-5.424304921259842
11
3.6581968110236218
21
-5.4263723622047246
0
LINE
8
BLACK
6
CONTINUOUS
10
3.6581968110236218
20
-5.4263723622047246
11
3.6528981102362206
21
-5.4274263385826771
0
LINE
8
BLACK
6
CONTINUOUS
10
3.6528981102362206
20
-5.4274263385826771
11
3.647495590551181
21
-5.4274263385826771
0
LINE
8
BLACK
6
CONTINUOUS
10
3.647495590551181
20
-5.4274263385826771
11
3.6421968897637793
21
-5.4263723622047246
0
LINE
8
BLACK
6
CONTINUOUS
10
3.6421968897637793
20
-5.4263723622047246
11
3.6372055905511811
21
-5.424304921259842
0
LINE
8
BLACK
6
CONTINUOUS
10
3.6372055905511811
20
-5.424304921259842
11
3.6327135826771655
21
-5.4213034251968502
0
LINE
8
BLACK
6
CONTINUOUS
10
3.6327135826771655
20
-5.4213034251968502
11
3.6288934251968503
21
-5.417483267716535
0
LINE
8
BLACK
6
CONTINUOUS
10
3.6288934251968503
20
-5.417483267716535
11
3.625891929133858
21
-5.4129912598425198
0
LINE
8
BLACK
6
CONTINUOUS
10
3.625891929133858
20
-5.4129912598425198
11
3.6238244881889763
21
-5.4079999606299207
0
LINE
8
BLACK
6
CONTINUOUS
10
3.6238244881889763
20
-5.4079999606299207
11
3.6227705118110234
21
-5.4027012598425195
0
LINE
8
BLACK
6
CONTINUOUS
10
3.6227705118110234
20
-5.4027012598425195
11
3.6227705118110234
21
-5.3972987401574803
0
LINE
8
BLACK
6
CONTINUOUS
10
3.6227705118110234
20
-5.3972987401574803
11
3.6238244881889763
21
-5.3920000393700782
0
LINE
8
BLACK
6
CONTINUOUS
10
3.6238244881889763
20
-5.3920000393700782
11
3.625891929133858
21
-5.38700874015748
0
LINE
8
BLACK
6
CONTINUOUS
10
3.625891929133858
20
-5.38700874015748
11
3.6288934251968503
21
-5.3825167322834648
0
LINE
8
BLACK
6
CONTINUOUS
10
3.6288934251968503
20
-5.3825167322834648
11
3.6327135826771655
21
-5.3786965748031497
0
LINE
8
BLACK
6
CONTINUOUS
10
3.6327135826771655
20
-5.3786965748031497
11
3.6372055905511811
21
-5.375695078740157
0
LINE
8
BLACK
6
CONTINUOUS
10
3.6372055905511811
20
-5.375695078740157
11
3.6421968897637793
21
-5.3736276377952752
0
LINE
8
BLACK
6
CONTINUOUS
10
3.6421968897637793
20
-5.3736276377952752
11
3.647495590551181
21
-5.3725736614173227
0
LINE
8
BLACK
6
CONTINUOUS
10
3.647495590551181
20
-5.3725736614173227
11
3.6528981102362206
21
-5.3725736614173227
0
LINE
8
BLACK
6
CONTINUOUS
10
3.6528981102362206
20
-5.3725736614173227
11
3.6581968110236218
21
-5.3736276377952752
0
LINE
8
BLACK
6
CONTINUOUS
10
4.0581968110236222
20
-5.3736276377952752
11
4.0631881102362204
21
-5.375695078740157
0
LINE
8
BLACK
6
CONTINUOUS
10
4.0631881102362204
20
-5.375695078740157
11
4.0676801181102364
21
-5.3786965748031497
0
LINE
8
BLACK
6
CONTINUOUS
10
4.0676801181102364
20
-5.3786965748031497
11
4.0715002755905507
21
-5.3825167322834648
0
LINE
8
BLACK
6
CONTINUOUS
10
4.0715002755905507
20
-5.3825167322834648
11
4.0745017716535434
21
-5.38700874015748
0
LINE
8
BLACK
6
CONTINUOUS
10
4.0745017716535434
20
-5.38700874015748
11
4.0765692125984252
21
-5.3920000393700782
0
LINE
8
BLACK
6
CONTINUOUS
10
4.0765692125984252
20
-5.3920000393700782
11
4.0776231889763777
21
-5.3972987401574803
0
LINE
8
BLACK
6
CONTINUOUS
10
4.0776231889763777
20
-5.3972987401574803
11
4.0776231889763777
21
-5.4027012598425195
0
LINE
8
BLACK
6
CONTINUOUS
10
4.0776231889763777
20
-5.4027012598425195
11
4.0765692125984252
21
-5.4079999606299207
0
LINE
8
BLACK
6
CONTINUOUS
10
4.0765692125984252
20
-5.4079999606299207
11
4.0745017716535434
21
-5.4129912598425198
0
LINE
8
BLACK
6
CONTINUOUS
10
4.0745017716535434
20
-5.4129912598425198
11
4.0715002755905507
21
-5.417483267716535
0
LINE
8
BLACK
6
CONTINUOUS
10
4.0715002755905507
20
-5.417483267716535
11
4.0676801181102364
21
-5.4213034251968502
0
LINE
8
BLACK
6
CONTINUOUS
10
4.0676801181102364
20
-5.4213034251968502
11
4.0631881102362204
21
-5.424304921259842
0
LINE
8
BLACK
6
CONTINUOUS
10
4.0631881102362204
20
-5.424304921259842
11
4.0581968110236222
21
-5.4263723622047246
0
LINE
8
BLACK
6
CONTINUOUS
10
4.0581968110236222
20
-5.4263723622047246
11
4.05289811023622
21
-5.4274263385826771
0
LINE
8
BLACK
6
CONTINUOUS
10
4.05289811023622
20
-5.4274263385826771
11
4.0474955905511809
21
-5.4274263385826771
0
LINE
8
BLACK
6
CONTINUOUS
10
4.0474955905511809
20
-5.4274263385826771
11
4.0421968897637797
21
-5.4263723622047246
0
LINE
8
BLACK
6
CONTINUOUS
10
4.0421968897637797
20
-5.4263723622047246
11
4.0372055905511814
21
-5.424304921259842
0
LINE
8
BLACK
6
CONTINUOUS
10
4.0372055905511814
20
-5.424304921259842
11
4.0327135826771654
21
-5.4213034251968502
0
LINE
8
BLACK
6
CONTINUOUS
10
4.0327135826771654
20
-5.4213034251968502
11
4.0288934251968502
21
-5.417483267716535
0
LINE
8
BLACK
6
CONTINUOUS
10
4.0288934251968502
20
-5.417483267716535
11
4.0258919291338584
21
-5.4129912598425198
0
LINE
8
BLACK
6
CONTINUOUS
10
4.0258919291338584
20
-5.4129912598425198
11
4.0238244881889766
21
-5.4079999606299207
0
LINE
8
BLACK
6
CONTINUOUS
10
4.0238244881889766
20
-5.4079999606299207
11
4.0227705118110233
21
-5.4027012598425195
0
LINE
8
BLACK
6
CONTINUOUS
10
4.0227705118110233
20
-5.4027012598425195
11
4.0227705118110233
21
-5.3972987401574803
0
LINE
8
BLACK
6
CONTINUOUS
10
4.0227705118110233
20
-5.3972987401574803
11
4.0238244881889766
21
-5.3920000393700782
0
LINE
8
BLACK
6
CONTINUOUS
10
4.0238244881889766
20
-5.3920000393700782
11
4.0258919291338584
21
-5.38700874015748
0
LINE
8
BLACK
6
CONTINUOUS
10
4.0258919291338584
20
-5.38700874015748
11
4.0288934251968502
21
-5.3825167322834648
0
LINE
8
BLACK
6
CONTINUOUS
10
4.0288934251968502
20
-5.3825167322834648
11
4.0327135826771654
21
-5.3786965748031497
0
LINE
8
BLACK
6
CONTINUOUS
10
4.0327135826771654
20
-5.3786965748031497
11
4.0372055905511814
21
-5.375695078740157
0
LINE
8
BLACK
6
CONTINUOUS
10
4.0372055905511814
20
-5.375695078740157
11
4.0421968897637797
21
-5.3736276377952752
0
LINE
8
BLACK
6
CONTINUOUS
10
4.0421968897637797
20
-5.3736276377952752
11
4.0474955905511809
21
-5.3725736614173227
0
LINE
8
BLACK
6
CONTINUOUS
10
4.0474955905511809
20
-5.3725736614173227
11
4.05289811023622
21
-5.3725736614173227
0
LINE
8
BLACK
6
CONTINUOUS
10
4.05289811023622
20
-5.3725736614173227
11
4.0581968110236222
21
-5.3736276377952752
0
LINE
8
BLACK
6
CONTINUOUS
10
7.3079999606299211
20
-5.3736276377952752
11
7.3129912598425193
21
-5.375695078740157
0
LINE
8
BLACK
6
CONTINUOUS
10
7.3129912598425193
20
-5.375695078740157
11
7.3174832677165353
21
-5.3786965748031497
0
LINE
8
BLACK
6
CONTINUOUS
10
7.3174832677165353
20
-5.3786965748031497
11
7.3213034251968505
21
-5.3825167322834648
0
LINE
8
BLACK
6
CONTINUOUS
10
7.3213034251968505
20
-5.3825167322834648
11
7.3243049212598423
21
-5.38700874015748
0
LINE
8
BLACK
6
CONTINUOUS
10
7.3243049212598423
20
-5.38700874015748
11
7.3263723622047241
21
-5.3920000393700782
0
LINE
8
BLACK
6
CONTINUOUS
10
7.3263723622047241
20
-5.3920000393700782
11
7.3274263385826766
21
-5.3972987401574803
0
LINE
8
BLACK
6
CONTINUOUS
10
7.3274263385826766
20
-5.3972987401574803
11
7.3274263385826766
21
-5.4027012598425195
0
LINE
8
BLACK
6
CONTINUOUS
10
7.3274263385826766
20
-5.4027012598425195
11
7.3263723622047241
21
-5.4079999606299207
0
LINE
8
BLACK
6
CONTINUOUS
10
7.3263723622047241
20
-5.4079999606299207
11
7.3243049212598423
21
-5.4129912598425198
0
LINE
8
BLACK
6
CONTINUOUS
10
7.3243049212598423
20
-5.4129912598425198
11
7.3213034251968505
21
-5.417483267716535
0
LINE
8
BLACK
6
CONTINUOUS
10
7.3213034251968505
20
-5.417483267716535
11
7.3174832677165353
21
-5.4213034251968502
0
LINE
8
BLACK
6
CONTINUOUS
10
7.3174832677165353
20
-5.4213034251968502
11
7.3129912598425193
21
-5.424304921259842
0
LINE
8
BLACK
6
CONTINUOUS
10
7.3129912598425193
20
-5.424304921259842
11
7.3079999606299211
21
-5.4263723622047246
0
LINE
8
BLACK
6
CONTINUOUS
10
7.3079999606299211
20
-5.4263723622047246
11
7.3027012598425198
21
-5.4274263385826771
0
LINE
8
BLACK
6
CONTINUOUS
10
7.3027012598425198
20
-5.4274263385826771
11
7.2972987401574798
21
-5.4274263385826771
0
LINE
8
BLACK
6
CONTINUOUS
10
7.2972987401574798
20
-5.4274263385826771
11
7.2920000393700786
21
-5.4263723622047246
0
LINE
8
BLACK
6
CONTINUOUS
10
7.2920000393700786
20
-5.4263723622047246
11
7.2870087401574803
21
-5.424304921259842
0
LINE
8
BLACK
6
CONTINUOUS
10
7.2870087401574803
20
-5.424304921259842
11
7.2825167322834643
21
-5.4213034251968502
0
LINE
8
BLACK
6
CONTINUOUS
10
7.2825167322834643
20
-5.4213034251968502
11
7.2786965748031491
21
-5.417483267716535
0
LINE
8
BLACK
6
CONTINUOUS
10
7.2786965748031491
20
-5.417483267716535
11
7.2756950787401573
21
-5.4129912598425198
0
LINE
8
BLACK
6
CONTINUOUS
10
7.2756950787401573
20
-5.4129912598425198
11
7.2736276377952755
21
-5.4079999606299207
0
LINE
8
BLACK
6
CONTINUOUS
10
7.2736276377952755
20
-5.4079999606299207
11
7.2725736614173231
21
-5.4027012598425195
0
LINE
8
BLACK
6
CONTINUOUS
10
7.2725736614173231
20
-5.4027012598425195
11
7.2725736614173231
21
-5.3972987401574803
0
LINE
8
BLACK
6
CONTINUOUS
10
7.2725736614173231
20
-5.3972987401574803
11
7.2736276377952755
21
-5.3920000393700782
0
LINE
8
BLACK
6
CONTINUOUS
10
7.2736276377952755
20
-5.3920000393700782
11
7.2756950787401573
21
-5.38700874015748
0
LINE
8
BLACK
6
CONTINUOUS
10
7.2756950787401573
20
-5.38700874015748
11
7.2786965748031491
21
-5.3825167322834648
0
LINE
8
BLACK
6
CONTINUOUS
10
7.2786965748031491
20
-5.3825167322834648
11
7.2825167322834643
21
-5.3786965748031497
0
LINE
8
BLACK
6
CONTINUOUS
10
7.2825167322834643
20
-5.3786965748031497
11
7.2870087401574803
21
-5.375695078740157
0
LINE
8
BLACK
6
CONTINUOUS
10
7.2870087401574803
20
-5.375695078740157
11
7.2920000393700786
21
-5.3736276377952752
0
LINE
8
BLACK
6
CONTINUOUS
10
7.2920000393700786
20
-5.3736276377952752
11
7.2972987401574798
21
-5.3725736614173227
0
LINE
8
BLACK
6
CONTINUOUS
10
7.2972987401574798
20
-5.3725736614173227
11
7.3027012598425198
21
-5.3725736614173227
0
LINE
8
BLACK
6
CONTINUOUS
10
7.3027012598425198
20
-5.3725736614173227
11
7.3079999606299211
21
-5.3736276377952752
0
LINE
8
BLACK
6
CONTINUOUS
10
8.1091428346456684
20
-5.2730097637795277
11
8.1148471259842516
21
-5.2753725590551177
0
LINE
8
BLACK
6
CONTINUOUS
10
8.1148471259842516
20
-5.2753725590551177
11
8.1199809055118113
21
-5.2788028346456688
0
LINE
8
BLACK
6
CONTINUOUS
10
8.1199809055118113
20
-5.2788028346456688
11
8.1243467716535438
21
-5.2831687007874013
0
LINE
8
BLACK
6
CONTINUOUS
10
8.1243467716535438
20
-5.2831687007874013
11
8.1277770472440949
21
-5.2883024803149601
0
LINE
8
BLACK
6
CONTINUOUS
10
8.1277770472440949
20
-5.2883024803149601
11
8.130139842519684
21
-5.2940067716535433
0
LINE
8
BLACK
6
CONTINUOUS
10
8.130139842519684
20
-5.2940067716535433
11
8.1313444094488183
21
-5.300062440944882
0
LINE
8
BLACK
6
CONTINUOUS
10
8.1313444094488183
20
-5.300062440944882
11
8.1313444094488183
21
-5.306236771653543
0
LINE
8
BLACK
6
CONTINUOUS
10
8.1313444094488183
20
-5.306236771653543
11
8.130139842519684
21
-5.3122924409448817
0
LINE
8
BLACK
6
CONTINUOUS
10
8.130139842519684
20
-5.3122924409448817
11
8.1277770472440949
21
-5.317996732283464
0
LINE
8
BLACK
6
CONTINUOUS
10
8.1277770472440949
20
-5.317996732283464
11
8.1243467716535438
21
-5.3231305118110237
0
LINE
8
BLACK
6
CONTINUOUS
10
8.1243467716535438
20
-5.3231305118110237
11
8.1199809055118113
21
-5.3274963779527562
0
LINE
8
BLACK
6
CONTINUOUS
10
8.1199809055118113
20
-5.3274963779527562
11
8.1148471259842516
21
-5.3309266535433073
0
LINE
8
BLACK
6
CONTINUOUS
10
8.1148471259842516
20
-5.3309266535433073
11
8.1091428346456684
21
-5.3332894488188973
0
LINE
8
BLACK
6
CONTINUOUS
10
8.1091428346456684
20
-5.3332894488188973
11
8.1030871653543297
21
-5.3344940157480316
0
LINE
8
BLACK
6
CONTINUOUS
10
8.1030871653543297
20
-5.3344940157480316
11
8.0969128346456696
21
-5.3344940157480316
0
LINE
8
BLACK
6
CONTINUOUS
10
8.0969128346456696
20
-5.3344940157480316
11
8.0908571653543309
21
-5.3332894488188973
0
LINE
8
BLACK
6
CONTINUOUS
10
8.0908571653543309
20
-5.3332894488188973
11
8.0851528740157477
21
-5.3309266535433073
0
LINE
8
BLACK
6
CONTINUOUS
10
8.0851528740157477
20
-5.3309266535433073
11
8.080019094488188
21
-5.3274963779527562
0
LINE
8
BLACK
6
CONTINUOUS
10
8.080019094488188
20
-5.3274963779527562
11
8.0756532283464573
21
-5.3231305118110237
0
LINE
8
BLACK
6
CONTINUOUS
10
8.0756532283464573
20
-5.3231305118110237
11
8.0722229527559062
21
-5.317996732283464
0
LINE
8
BLACK
6
CONTINUOUS
10
8.0722229527559062
20
-5.317996732283464
11
8.0698601574803153
21
-5.3122924409448817
0
LINE
8
BLACK
6
CONTINUOUS
10
8.0698601574803153
20
-5.3122924409448817
11
8.068655590551181
21
-5.306236771653543
0
LINE
8
BLACK
6
CONTINUOUS
10
8.068655590551181
20
-5.306236771653543
11
8.068655590551181
21
-5.300062440944882
0
LINE
8
BLACK
6
CONTINUOUS
10
8.068655590551181
20
-5.300062440944882
11
8.0698601574803153
21
-5.2940067716535433
0
LINE
8
BLACK
6
CONTINUOUS
10
8.0698601574803153
20
-5.2940067716535433
11
8.0722229527559062
21
-5.2883024803149601
0
LINE
8
BLACK
6
CONTINUOUS
10
8.0722229527559062
20
-5.2883024803149601
11
8.0756532283464573
21
-5.2831687007874013
0
LINE
8
BLACK
6
CONTINUOUS
10
8.0756532283464573
20
-5.2831687007874013
11
8.080019094488188
21
-5.2788028346456688
0
LINE
8
BLACK
6
CONTINUOUS
10
8.080019094488188
20
-5.2788028346456688
11
8.0851528740157477
21
-5.2753725590551177
0
LINE
8
BLACK
6
CONTINUOUS
10
8.0851528740157477
20
-5.2753725590551177
11
8.0908571653543309
21
-5.2730097637795277
0
LINE
8
BLACK
6
CONTINUOUS
10
8.0908571653543309
20
-5.2730097637795277
11
8.0969128346456696
21
-5.2718051968503934
0
LINE
8
BLACK
6
CONTINUOUS
10
8.0969128346456696
20
-5.2718051968503934
11
8.1030871653543297
21
-5.2718051968503934
0
LINE
8
BLACK
6
CONTINUOUS
10
8.1030871653543297
20
-5.2718051968503934
11
8.1091428346456684
21
-5.2730097637795277
0
LINE
8
BLACK
6
CONTINUOUS
10
0.9097142519685039
20
-5.2679764173228349
11
0.9157750787401575
21
-5.2704868897637791
0
LINE
8
BLACK
6
CONTINUOUS
10
0.9157750787401575
20
-5.2704868897637791
11
0.9212296850393701
21
-5.2741315354330709
0
LINE
8
BLACK
6
CONTINUOUS
10
0.9212296850393701
20
-5.2741315354330709
11
0.9258684645669291
21
-5.2787703149606298
0
LINE
8
BLACK
6
CONTINUOUS
10
0.9258684645669291
20
-5.2787703149606298
11
0.9295131102362204
21
-5.2842249212598427
0
LINE
8
BLACK
6
CONTINUOUS
10
0.9295131102362204
20
-5.2842249212598427
11
0.9320235826771653
21
-5.2902857480314962
0
LINE
8
BLACK
6
CONTINUOUS
10
0.9320235826771653
20
-5.2902857480314962
11
0.9333034251968504
21
-5.2967198818897634
0
LINE
8
BLACK
6
CONTINUOUS
10
0.9333034251968504
20
-5.2967198818897634
11
0.9333034251968504
21
-5.3032801181102363
0
LINE
8
BLACK
6
CONTINUOUS
10
0.9333034251968504
20
-5.3032801181102363
11
0.9320235826771653
21
-5.3097142519685034
0
LINE
8
BLACK
6
CONTINUOUS
10
0.9320235826771653
20
-5.3097142519685034
11
0.9295131102362204
21
-5.315775078740157
0
LINE
8
BLACK
6
CONTINUOUS
10
0.9295131102362204
20
-5.315775078740157
11
0.9258684645669291
21
-5.3212296850393699
0
LINE
8
BLACK
6
CONTINUOUS
10
0.9258684645669291
20
-5.3212296850393699
11
0.9212296850393701
21
-5.3258684645669288
0
LINE
8
BLACK
6
CONTINUOUS
10
0.9212296850393701
20
-5.3258684645669288
11
0.9157750787401575
21
-5.3295131102362205
0
LINE
8
BLACK
6
CONTINUOUS
10
0.9157750787401575
20
-5.3295131102362205
11
0.9097142519685039
21
-5.3320235826771656
0
LINE
8
BLACK
6
CONTINUOUS
10
0.9097142519685039
20
-5.3320235826771656
11
0.9032801181102362
21
-5.3333034251968501
0
LINE
8
BLACK
6
CONTINUOUS
10
0.9032801181102362
20
-5.3333034251968501
11
0.8967198818897638
21
-5.3333034251968501
0
LINE
8
BLACK
6
CONTINUOUS
10
0.8967198818897638
20
-5.3333034251968501
11
0.8902857480314961
21
-5.3320235826771656
0
LINE
8
BLACK
6
CONTINUOUS
10
0.8902857480314961
20
-5.3320235826771656
11
0.8842249212598425
21
-5.3295131102362205
0
LINE
8
BLACK
6
CONTINUOUS
10
0.8842249212598425
20
-5.3295131102362205
11
0.8787703149606299
21
-5.3258684645669288
0
LINE
8
BLACK
6
CONTINUOUS
10
0.8787703149606299
20
-5.3258684645669288
11
0.8741315354330709
21
-5.3212296850393699
0
LINE
8
BLACK
6
CONTINUOUS
10
0.8741315354330709
20
-5.3212296850393699
11
0.8704868897637795
21
-5.315775078740157
0
LINE
8
BLACK
6
CONTINUOUS
10
0.8704868897637795
20
-5.315775078740157
11
0.8679764173228346
21
-5.3097142519685034
0
LINE
8
BLACK
6
CONTINUOUS
10
0.8679764173228346
20
-5.3097142519685034
11
0.8666965748031495
21
-5.3032801181102363
0
LINE
8
BLACK
6
CONTINUOUS
10
0.8666965748031495
20
-5.3032801181102363
11
0.8666965748031495
21
-5.2967198818897634
0
LINE
8
BLACK
6
CONTINUOUS
10
0.8666965748031495
20
-5.2967198818897634
11
0.8679764173228346
21
-5.2902857480314962
0
LINE
8
BLACK
6
CONTINUOUS
10
0.8679764173228346
20
-5.2902857480314962
11
0.8704868897637795
21
-5.2842249212598427
0
LINE
8
BLACK
6
CONTINUOUS
10
0.8704868897637795
20
-5.2842249212598427
11
0.8741315354330709
21
-5.2787703149606298
0
LINE
8
BLACK
6
CONTINUOUS
10
0.8741315354330709
20
-5.2787703149606298
11
0.8787703149606299
21
-5.2741315354330709
0
LINE
8
BLACK
6
CONTINUOUS
10
0.8787703149606299
20
-5.2741315354330709
11
0.8842249212598425
21
-5.2704868897637791
0
LINE
8
BLACK
6
CONTINUOUS
10
0.8842249212598425
20
-5.2704868897637791
11
0.8902857480314961
21
-5.2679764173228349
0
LINE
8
BLACK
6
CONTINUOUS
10
0.8902857480314961
20
-5.2679764173228349
11
0.8967198818897638
21
-5.2666965748031496
0
LINE
8
BLACK
6
CONTINUOUS
10
0.8967198818897638
20
-5.2666965748031496
11
0.9032801181102362
21
-5.2666965748031496
0
LINE
8
BLACK
6
CONTINUOUS
10
0.9032801181102362
20
-5.2666965748031496
11
0.9097142519685039
21
-5.2679764173228349
0
LINE
8
BLACK
6
CONTINUOUS
10
8.8097142519685043
20
-5.2679764173228349
11
8.8157750787401579
21
-5.2704868897637791
0
LINE
8
BLACK
6
CONTINUOUS
10
8.8157750787401579
20
-5.2704868897637791
11
8.8212296850393699
21
-5.2741315354330709
0
LINE
8
BLACK
6
CONTINUOUS
10
8.8212296850393699
20
-5.2741315354330709
11
8.8258684645669288
21
-5.2787703149606298
0
LINE
8
BLACK
6
CONTINUOUS
10
8.8258684645669288
20
-5.2787703149606298
11
8.8295131102362205
21
-5.2842249212598427
0
LINE
8
BLACK
6
CONTINUOUS
10
8.8295131102362205
20
-5.2842249212598427
11
8.8320235826771647
21
-5.2902857480314962
0
LINE
8
BLACK
6
CONTINUOUS
10
8.8320235826771647
20
-5.2902857480314962
11
8.833303425196851
21
-5.2967198818897634
0
LINE
8
BLACK
6
CONTINUOUS
10
8.833303425196851
20
-5.2967198818897634
11
8.833303425196851
21
-5.3032801181102363
0
LINE
8
BLACK
6
CONTINUOUS
10
8.833303425196851
20
-5.3032801181102363
11
8.8320235826771647
21
-5.3097142519685034
0
LINE
8
BLACK
6
CONTINUOUS
10
8.8320235826771647
20
-5.3097142519685034
11
8.8295131102362205
21
-5.315775078740157
0
LINE
8
BLACK
6
CONTINUOUS
10
8.8295131102362205
20
-5.315775078740157
11
8.8258684645669288
21
-5.3212296850393699
0
LINE
8
BLACK
6
CONTINUOUS
10
8.8258684645669288
20
-5.3212296850393699
11
8.8212296850393699
21
-5.3258684645669288
0
LINE
8
BLACK
6
CONTINUOUS
10
8.8212296850393699
20
-5.3258684645669288
11
8.8157750787401579
21
-5.3295131102362205
0
LINE
8
BLACK
6
CONTINUOUS
10
8.8157750787401579
20
-5.3295131102362205
11
8.8097142519685043
21
-5.3320235826771656
0
LINE
8
BLACK
6
CONTINUOUS
10
8.8097142519685043
20
-5.3320235826771656
11
8.8032801181102354
21
-5.3333034251968501
0
LINE
8
BLACK
6
CONTINUOUS
10
8.8032801181102354
20
-5.3333034251968501
11
8.7967198818897643
21
-5.3333034251968501
0
LINE
8
BLACK
6
CONTINUOUS
10
8.7967198818897643
20
-5.3333034251968501
11
8.7902857480314953
21
-5.3320235826771656
0
LINE
8
BLACK
6
CONTINUOUS
10
8.7902857480314953
20
-5.3320235826771656
11
8.7842249212598418
21
-5.3295131102362205
0
LINE
8
BLACK
6
CONTINUOUS
10
8.7842249212598418
20
-5.3295131102362205
11
8.7787703149606298
21
-5.3258684645669288
0
LINE
8
BLACK
6
CONTINUOUS
10
8.7787703149606298
20
-5.3258684645669288
11
8.7741315354330709
21
-5.3212296850393699
0
LINE
8
BLACK
6
CONTINUOUS
10
8.7741315354330709
20
-5.3212296850393699
11
8.7704868897637791
21
-5.315775078740157
0
LINE
8
BLACK
6
CONTINUOUS
10
8.7704868897637791
20
-5.315775078740157
11
8.7679764173228349
21
-5.3097142519685034
0
LINE
8
BLACK
6
CONTINUOUS
10
8.7679764173228349
20
-5.3097142519685034
11
8.7666965748031487
21
-5.3032801181102363
0
LINE
8
BLACK
6
CONTINUOUS
10
8.7666965748031487
20
-5.3032801181102363
11
8.7666965748031487
21
-5.2967198818897634
0
LINE
8
BLACK
6
CONTINUOUS
10
8.7666965748031487
20
-5.2967198818897634
11
8.7679764173228349
21
-5.2902857480314962
0
LINE
8
BLACK
6
CONTINUOUS
10
8.7679764173228349
20
-5.2902857480314962
11
8.7704868897637791
21
-5.2842249212598427
0
LINE
8
BLACK
6
CONTINUOUS
10
8.7704868897637791
20
-5.2842249212598427
11
8.7741315354330709
21
-5.2787703149606298
0
LINE
8
BLACK
6
CONTINUOUS
10
8.7741315354330709
20
-5.2787703149606298
11
8.7787703149606298
21
-5.2741315354330709
0
LINE
8
BLACK
6
CONTINUOUS
10
8.7787703149606298
20
-5.2741315354330709
11
8.7842249212598418
21
-5.2704868897637791
0
LINE
8
BLACK
6
CONTINUOUS
10
8.7842249212598418
20
-5.2704868897637791
11
8.7902857480314953
21
-5.2679764173228349
0
LINE
8
BLACK
6
CONTINUOUS
10
8.7902857480314953
20
-5.2679764173228349
11
8.7967198818897643
21
-5.2666965748031496
0
LINE
8
BLACK
6
CONTINUOUS
10
8.7967198818897643
20
-5.2666965748031496
11
8.8032801181102354
21
-5.2666965748031496
0
LINE
8
BLACK
6
CONTINUOUS
10
8.8032801181102354
20
-5.2666965748031496
11
8.8097142519685043
21
-5.2679764173228349
0
LINE
8
BLACK
6
CONTINUOUS
10
8.909714251968504
20
-5.2679764173228349
11
8.9157750787401575
21
-5.2704868897637791
0
LINE
8
BLACK
6
CONTINUOUS
10
8.9157750787401575
20
-5.2704868897637791
11
8.9212296850393695
21
-5.2741315354330709
0
LINE
8
BLACK
6
CONTINUOUS
10
8.9212296850393695
20
-5.2741315354330709
11
8.9258684645669284
21
-5.2787703149606298
0
LINE
8
BLACK
6
CONTINUOUS
10
8.9258684645669284
20
-5.2787703149606298
11
8.9295131102362202
21
-5.2842249212598427
0
LINE
8
BLACK
6
CONTINUOUS
10
8.9295131102362202
20
-5.2842249212598427
11
8.9320235826771643
21
-5.2902857480314962
0
LINE
8
BLACK
6
CONTINUOUS
10
8.9320235826771643
20
-5.2902857480314962
11
8.9333034251968506
21
-5.2967198818897634
0
LINE
8
BLACK
6
CONTINUOUS
10
8.9333034251968506
20
-5.2967198818897634
11
8.9333034251968506
21
-5.3032801181102363
0
LINE
8
BLACK
6
CONTINUOUS
10
8.9333034251968506
20
-5.3032801181102363
11
8.9320235826771643
21
-5.3097142519685034
0
LINE
8
BLACK
6
CONTINUOUS
10
8.9320235826771643
20
-5.3097142519685034
11
8.9295131102362202
21
-5.315775078740157
0
LINE
8
BLACK
6
CONTINUOUS
10
8.9295131102362202
20
-5.315775078740157
11
8.9258684645669284
21
-5.3212296850393699
0
LINE
8
BLACK
6
CONTINUOUS
10
8.9258684645669284
20
-5.3212296850393699
11
8.9212296850393695
21
-5.3258684645669288
0
LINE
8
BLACK
6
CONTINUOUS
10
8.9212296850393695
20
-5.3258684645669288
11
8.9157750787401575
21
-5.3295131102362205
0
LINE
8
BLACK
6
CONTINUOUS
10
8.9157750787401575
20
-5.3295131102362205
11
8.909714251968504
21
-5.3320235826771656
0
LINE
8
BLACK
6
CONTINUOUS
10
8.909714251968504
20
-5.3320235826771656
11
8.9032801181102368
21
-5.3333034251968501
0
LINE
8
BLACK
6
CONTINUOUS
10
8.9032801181102368
20
-5.3333034251968501
11
8.8967198818897639
21
-5.3333034251968501
0
LINE
8
BLACK
6
CONTINUOUS
10
8.8967198818897639
20
-5.3333034251968501
11
8.8902857480314967
21
-5.3320235826771656
0
LINE
8
BLACK
6
CONTINUOUS
10
8.8902857480314967
20
-5.3320235826771656
11
8.8842249212598432
21
-5.3295131102362205
0
LINE
8
BLACK
6
CONTINUOUS
10
8.8842249212598432
20
-5.3295131102362205
11
8.8787703149606294
21
-5.3258684645669288
0
LINE
8
BLACK
6
CONTINUOUS
10
8.8787703149606294
20
-5.3258684645669288
11
8.8741315354330705
21
-5.3212296850393699
0
LINE
8
BLACK
6
CONTINUOUS
10
8.8741315354330705
20
-5.3212296850393699
11
8.8704868897637787
21
-5.315775078740157
0
LINE
8
BLACK
6
CONTINUOUS
10
8.8704868897637787
20
-5.315775078740157
11
8.8679764173228346
21
-5.3097142519685034
0
LINE
8
BLACK
6
CONTINUOUS
10
8.8679764173228346
20
-5.3097142519685034
11
8.8666965748031501
21
-5.3032801181102363
0
LINE
8
BLACK
6
CONTINUOUS
10
8.8666965748031501
20
-5.3032801181102363
11
8.8666965748031501
21
-5.2967198818897634
0
LINE
8
BLACK
6
CONTINUOUS
10
8.8666965748031501
20
-5.2967198818897634
11
8.8679764173228346
21
-5.2902857480314962
0
LINE
8
BLACK
6
CONTINUOUS
10
8.8679764173228346
20
-5.2902857480314962
11
8.8704868897637787
21
-5.2842249212598427
0
LINE
8
BLACK
6
CONTINUOUS
10
8.8704868897637787
20
-5.2842249212598427
11
8.8741315354330705
21
-5.2787703149606298
0
LINE
8
BLACK
6
CONTINUOUS
10
8.8741315354330705
20
-5.2787703149606298
11
8.8787703149606294
21
-5.2741315354330709
0
LINE
8
BLACK
6
CONTINUOUS
10
8.8787703149606294
20
-5.2741315354330709
11
8.8842249212598432
21
-5.2704868897637791
0
LINE
8
BLACK
6
CONTINUOUS
10
8.8842249212598432
20
-5.2704868897637791
11
8.8902857480314967
21
-5.2679764173228349
0
LINE
8
BLACK
6
CONTINUOUS
10
8.8902857480314967
20
-5.2679764173228349
11
8.8967198818897639
21
-5.2666965748031496
0
LINE
8
BLACK
6
CONTINUOUS
10
8.8967198818897639
20
-5.2666965748031496
11
8.9032801181102368
21
-5.2666965748031496
0
LINE
8
BLACK
6
CONTINUOUS
10
8.9032801181102368
20
-5.2666965748031496
11
8.909714251968504
21
-5.2679764173228349
0
LINE
8
BLACK
6
CONTINUOUS
10
10.409714251968504
20
-5.2679764173228349
11
10.4157750787401575
21
-5.2704868897637791
0
LINE
8
BLACK
6
CONTINUOUS
10
10.4157750787401575
20
-5.2704868897637791
11
10.4212296850393695
21
-5.2741315354330709
0
LINE
8
BLACK
6
CONTINUOUS
10
10.4212296850393695
20
-5.2741315354330709
11
10.4258684645669284
21
-5.2787703149606298
0
LINE
8
BLACK
6
CONTINUOUS
10
10.4258684645669284
20
-5.2787703149606298
11
10.4295131102362202
21
-5.2842249212598427
0
LINE
8
BLACK
6
CONTINUOUS
10
10.4295131102362202
20
-5.2842249212598427
11
10.4320235826771643
21
-5.2902857480314962
0
LINE
8
BLACK
6
CONTINUOUS
10
10.4320235826771643
20
-5.2902857480314962
11
10.4333034251968506
21
-5.2967198818897634
0
LINE
8
BLACK
6
CONTINUOUS
10
10.4333034251968506
20
-5.2967198818897634
11
10.4333034251968506
21
-5.3032801181102363
0
LINE
8
BLACK
6
CONTINUOUS
10
10.4333034251968506
20
-5.3032801181102363
11
10.4320235826771643
21
-5.3097142519685034
0
LINE
8
BLACK
6
CONTINUOUS
10
10.4320235826771643
20
-5.3097142519685034
11
10.4295131102362202
21
-5.315775078740157
0
LINE
8
BLACK
6
CONTINUOUS
10
10.4295131102362202
20
-5.315775078740157
11
10.4258684645669284
21
-5.3212296850393699
0
LINE
8
BLACK
6
CONTINUOUS
10
10.4258684645669284
20
-5.3212296850393699
11
10.4212296850393695
21
-5.3258684645669288
0
LINE
8
BLACK
6
CONTINUOUS
10
10.4212296850393695
20
-5.3258684645669288
11
10.4157750787401575
21
-5.3295131102362205
0
LINE
8
BLACK
6
CONTINUOUS
10
10.4157750787401575
20
-5.3295131102362205
11
10.409714251968504
21
-5.3320235826771656
0
LINE
8
BLACK
6
CONTINUOUS
10
10.409714251968504
20
-5.3320235826771656
11
10.4032801181102368
21
-5.3333034251968501
0
LINE
8
BLACK
6
CONTINUOUS
10
10.4032801181102368
20
-5.3333034251968501
11
10.3967198818897639
21
-5.3333034251968501
0
LINE
8
BLACK
6
CONTINUOUS
10
10.3967198818897639
20
-5.3333034251968501
11
10.390285748031495
21
-5.3320235826771656
0
LINE
8
BLACK
6
CONTINUOUS
10
10.390285748031495
20
-5.3320235826771656
11
10.3842249212598414
21
-5.3295131102362205
0
LINE
8
BLACK
6
CONTINUOUS
10
10.3842249212598414
20
-5.3295131102362205
11
10.3787703149606294
21
-5.3258684645669288
0
LINE
8
BLACK
6
CONTINUOUS
10
10.3787703149606294
20
-5.3258684645669288
11
10.3741315354330705
21
-5.3212296850393699
0
LINE
8
BLACK
6
CONTINUOUS
10
10.3741315354330705
20
-5.3212296850393699
11
10.3704868897637787
21
-5.315775078740157
0
LINE
8
BLACK
6
CONTINUOUS
10
10.3704868897637787
20
-5.315775078740157
11
10.3679764173228346
21
-5.3097142519685034
0
LINE
8
BLACK
6
CONTINUOUS
10
10.3679764173228346
20
-5.3097142519685034
11
10.3666965748031501
21
-5.3032801181102363
0
LINE
8
BLACK
6
CONTINUOUS
10
10.3666965748031501
20
-5.3032801181102363
11
10.3666965748031501
21
-5.2967198818897634
0
LINE
8
BLACK
6
CONTINUOUS
10
10.3666965748031501
20
-5.2967198818897634
11
10.3679764173228346
21
-5.2902857480314962
0
LINE
8
BLACK
6
CONTINUOUS
10
10.3679764173228346
20
-5.2902857480314962
11
10.3704868897637787
21
-5.2842249212598427
0
LINE
8
BLACK
6
CONTINUOUS
10
10.3704868897637787
20
-5.2842249212598427
11
10.3741315354330705
21
-5.2787703149606298
0
LINE
8
BLACK
6
CONTINUOUS
10
10.3741315354330705
20
-5.2787703149606298
11
10.3787703149606294
21
-5.2741315354330709
0
LINE
8
BLACK
6
CONTINUOUS
10
10.3787703149606294
20
-5.2741315354330709
11
10.3842249212598414
21
-5.2704868897637791
0
LINE
8
BLACK
6
CONTINUOUS
10
10.3842249212598414
20
-5.2704868897637791
11
10.390285748031495
21
-5.2679764173228349
0
LINE
8
BLACK
6
CONTINUOUS
10
10.390285748031495
20
-5.2679764173228349
11
10.3967198818897639
21
-5.2666965748031496
0
LINE
8
BLACK
6
CONTINUOUS
10
10.3967198818897639
20
-5.2666965748031496
11
10.4032801181102368
21
-5.2666965748031496
0
LINE
8
BLACK
6
CONTINUOUS
10
10.4032801181102368
20
-5.2666965748031496
11
10.409714251968504
21
-5.2679764173228349
0
LINE
8
BLACK
6
CONTINUOUS
10
2.5091428346456692
20
-5.2698601574803146
11
2.514847125984252
21
-5.2722229527559055
0
LINE
8
BLACK
6
CONTINUOUS
10
2.514847125984252
20
-5.2722229527559055
11
2.5199809055118108
21
-5.2756532283464566
0
LINE
8
BLACK
6
CONTINUOUS
10
2.5199809055118108
20
-5.2756532283464566
11
2.5243467716535433
21
-5.2800190944881891
0
LINE
8
BLACK
6
CONTINUOUS
10
2.5243467716535433
20
-5.2800190944881891
11
2.5277770472440944
21
-5.2851528740157478
0
LINE
8
BLACK
6
CONTINUOUS
10
2.5277770472440944
20
-5.2851528740157478
11
2.5301398425196848
21
-5.2908571653543301
0
LINE
8
BLACK
6
CONTINUOUS
10
2.5301398425196848
20
-5.2908571653543301
11
2.5313444094488187
21
-5.2969128346456689
0
LINE
8
BLACK
6
CONTINUOUS
10
2.5313444094488187
20
-5.2969128346456689
11
2.5313444094488187
21
-5.3030871653543308
0
LINE
8
BLACK
6
CONTINUOUS
10
2.5313444094488187
20
-5.3030871653543308
11
2.5301398425196848
21
-5.3091428346456695
0
LINE
8
BLACK
6
CONTINUOUS
10
2.5301398425196848
20
-5.3091428346456695
11
2.5277770472440944
21
-5.3148471259842518
0
LINE
8
BLACK
6
CONTINUOUS
10
2.5277770472440944
20
-5.3148471259842518
11
2.5243467716535433
21
-5.3199809055118106
0
LINE
8
BLACK
6
CONTINUOUS
10
2.5243467716535433
20
-5.3199809055118106
11
2.5199809055118108
21
-5.3243467716535431
0
LINE
8
BLACK
6
CONTINUOUS
10
2.5199809055118108
20
-5.3243467716535431
11
2.514847125984252
21
-5.3277770472440942
0
LINE
8
BLACK
6
CONTINUOUS
10
2.514847125984252
20
-5.3277770472440942
11
2.5091428346456692
21
-5.3301398425196851
0
LINE
8
BLACK
6
CONTINUOUS
10
2.5091428346456692
20
-5.3301398425196851
11
2.5030871653543305
21
-5.3313444094488185
0
LINE
8
BLACK
6
CONTINUOUS
10
2.5030871653543305
20
-5.3313444094488185
11
2.496912834645669
21
-5.3313444094488185
0
LINE
8
BLACK
6
CONTINUOUS
10
2.496912834645669
20
-5.3313444094488185
11
2.4908571653543308
21
-5.3301398425196851
0
LINE
8
BLACK
6
CONTINUOUS
10
2.4908571653543308
20
-5.3301398425196851
11
2.485152874015748
21
-5.3277770472440942
0
LINE
8
BLACK
6
CONTINUOUS
10
2.485152874015748
20
-5.3277770472440942
11
2.4800190944881888
21
-5.3243467716535431
0
LINE
8
BLACK
6
CONTINUOUS
10
2.4800190944881888
20
-5.3243467716535431
11
2.4756532283464567
21
-5.3199809055118106
0
LINE
8
BLACK
6
CONTINUOUS
10
2.4756532283464567
20
-5.3199809055118106
11
2.4722229527559056
21
-5.3148471259842518
0
LINE
8
BLACK
6
CONTINUOUS
10
2.4722229527559056
20
-5.3148471259842518
11
2.4698601574803147
21
-5.3091428346456695
0
LINE
8
BLACK
6
CONTINUOUS
10
2.4698601574803147
20
-5.3091428346456695
11
2.4686555905511809
21
-5.3030871653543308
0
LINE
8
BLACK
6
CONTINUOUS
10
2.4686555905511809
20
-5.3030871653543308
11
2.4686555905511809
21
-5.2969128346456689
0
LINE
8
BLACK
6
CONTINUOUS
10
2.4686555905511809
20
-5.2969128346456689
11
2.4698601574803147
21
-5.2908571653543301
0
LINE
8
BLACK
6
CONTINUOUS
10
2.4698601574803147
20
-5.2908571653543301
11
2.4722229527559056
21
-5.2851528740157478
0
LINE
8
BLACK
6
CONTINUOUS
10
2.4722229527559056
20
-5.2851528740157478
11
2.4756532283464567
21
-5.2800190944881891
0
LINE
8
BLACK
6
CONTINUOUS
10
2.4756532283464567
20
-5.2800190944881891
11
2.4800190944881888
21
-5.2756532283464566
0
LINE
8
BLACK
6
CONTINUOUS
10
2.4800190944881888
20
-5.2756532283464566
11
2.485152874015748
21
-5.2722229527559055
0
LINE
8
BLACK
6
CONTINUOUS
10
2.485152874015748
20
-5.2722229527559055
11
2.4908571653543308
21
-5.2698601574803146
0
LINE
8
BLACK
6
CONTINUOUS
10
2.4908571653543308
20
-5.2698601574803146
11
2.496912834645669
21
-5.2686555905511812
0
LINE
8
BLACK
6
CONTINUOUS
10
2.496912834645669
20
-5.2686555905511812
11
2.5030871653543305
21
-5.2686555905511812
0
LINE
8
BLACK
6
CONTINUOUS
10
2.5030871653543305
20
-5.2686555905511812
11
2.5091428346456692
21
-5.2698601574803146
0
LINE
8
BLACK
6
CONTINUOUS
10
3.2593396850393699
20
-5.2698601574803146
11
3.2650439763779526
21
-5.2722229527559055
0
LINE
8
BLACK
6
CONTINUOUS
10
3.2650439763779526
20
-5.2722229527559055
11
3.2701777559055119
21
-5.2756532283464566
0
LINE
8
BLACK
6
CONTINUOUS
10
3.2701777559055119
20
-5.2756532283464566
11
3.2745436220472439
21
-5.2800190944881891
0
LINE
8
BLACK
6
CONTINUOUS
10
3.2745436220472439
20
-5.2800190944881891
11
3.277973897637795
21
-5.2851528740157478
0
LINE
8
BLACK
6
CONTINUOUS
10
3.277973897637795
20
-5.2851528740157478
11
3.2803366929133859
21
-5.2908571653543301
0
LINE
8
BLACK
6
CONTINUOUS
10
3.2803366929133859
20
-5.2908571653543301
11
3.2815412598425198
21
-5.2969128346456689
0
LINE
8
BLACK
6
CONTINUOUS
10
3.2815412598425198
20
-5.2969128346456689
11
3.2815412598425198
21
-5.3030871653543308
0
LINE
8
BLACK
6
CONTINUOUS
10
3.2815412598425198
20
-5.3030871653543308
11
3.2803366929133859
21
-5.3091428346456695
0
LINE
8
BLACK
6
CONTINUOUS
10
3.2803366929133859
20
-5.3091428346456695
11
3.277973897637795
21
-5.3148471259842518
0
LINE
8
BLACK
6
CONTINUOUS
10
3.277973897637795
20
-5.3148471259842518
11
3.2745436220472439
21
-5.3199809055118106
0
LINE
8
BLACK
6
CONTINUOUS
10
3.2745436220472439
20
-5.3199809055118106
11
3.2701777559055119
21
-5.3243467716535431
0
LINE
8
BLACK
6
CONTINUOUS
10
3.2701777559055119
20
-5.3243467716535431
11
3.2650439763779526
21
-5.3277770472440942
0
LINE
8
BLACK
6
CONTINUOUS
10
3.2650439763779526
20
-5.3277770472440942
11
3.2593396850393699
21
-5.3301398425196851
0
LINE
8
BLACK
6
CONTINUOUS
10
3.2593396850393699
20
-5.3301398425196851
11
3.2532840157480316
21
-5.3313444094488185
0
LINE
8
BLACK
6
CONTINUOUS
10
3.2532840157480316
20
-5.3313444094488185
11
3.2471096850393701
21
-5.3313444094488185
0
LINE
8
BLACK
6
CONTINUOUS
10
3.2471096850393701
20
-5.3313444094488185
11
3.2410540157480314
21
-5.3301398425196851
0
LINE
8
BLACK
6
CONTINUOUS
10
3.2410540157480314
20
-5.3301398425196851
11
3.2353497244094487
21
-5.3277770472440942
0
LINE
8
BLACK
6
CONTINUOUS
10
3.2353497244094487
20
-5.3277770472440942
11
3.2302159448818899
21
-5.3243467716535431
0
LINE
8
BLACK
6
CONTINUOUS
10
3.2302159448818899
20
-5.3243467716535431
11
3.2258500787401574
21
-5.3199809055118106
0
LINE
8
BLACK
6
CONTINUOUS
10
3.2258500787401574
20
-5.3199809055118106
11
3.2224198031496063
21
-5.3148471259842518
0
LINE
8
BLACK
6
CONTINUOUS
10
3.2224198031496063
20
-5.3148471259842518
11
3.2200570078740158
21
-5.3091428346456695
0
LINE
8
BLACK
6
CONTINUOUS
10
3.2200570078740158
20
-5.3091428346456695
11
3.218852440944882
21
-5.3030871653543308
0
LINE
8
BLACK
6
CONTINUOUS
10
3.218852440944882
20
-5.3030871653543308
11
3.218852440944882
21
-5.2969128346456689
0
LINE
8
BLACK
6
CONTINUOUS
10
3.218852440944882
20
-5.2969128346456689
11
3.2200570078740158
21
-5.2908571653543301
0
LINE
8
BLACK
6
CONTINUOUS
10
3.2200570078740158
20
-5.2908571653543301
11
3.2224198031496063
21
-5.2851528740157478
0
LINE
8
BLACK
6
CONTINUOUS
10
3.2224198031496063
20
-5.2851528740157478
11
3.2258500787401574
21
-5.2800190944881891
0
LINE
8
BLACK
6
CONTINUOUS
10
3.2258500787401574
20
-5.2800190944881891
11
3.2302159448818899
21
-5.2756532283464566
0
LINE
8
BLACK
6
CONTINUOUS
10
3.2302159448818899
20
-5.2756532283464566
11
3.2353497244094487
21
-5.2722229527559055
0
LINE
8
BLACK
6
CONTINUOUS
10
3.2353497244094487
20
-5.2722229527559055
11
3.2410540157480314
21
-5.2698601574803146
0
LINE
8
BLACK
6
CONTINUOUS
10
3.2410540157480314
20
-5.2698601574803146
11
3.2471096850393701
21
-5.2686555905511812
0
LINE
8
BLACK
6
CONTINUOUS
10
3.2471096850393701
20
-5.2686555905511812
11
3.2532840157480316
21
-5.2686555905511812
0
LINE
8
BLACK
6
CONTINUOUS
10
3.2532840157480316
20
-5.2686555905511812
11
3.2593396850393699
21
-5.2698601574803146
0
LINE
8
BLACK
6
CONTINUOUS
10
3.5593396850393701
20
-5.2698601574803146
11
3.5650439763779529
21
-5.2722229527559055
0
LINE
8
BLACK
6
CONTINUOUS
10
3.5650439763779529
20
-5.2722229527559055
11
3.5701777559055117
21
-5.2756532283464566
0
LINE
8
BLACK
6
CONTINUOUS
10
3.5701777559055117
20
-5.2756532283464566
11
3.5745436220472442
21
-5.2800190944881891
0
LINE
8
BLACK
6
CONTINUOUS
10
3.5745436220472442
20
-5.2800190944881891
11
3.5779738976377953
21
-5.2851528740157478
0
LINE
8
BLACK
6
CONTINUOUS
10
3.5779738976377953
20
-5.2851528740157478
11
3.5803366929133857
21
-5.2908571653543301
0
LINE
8
BLACK
6
CONTINUOUS
10
3.5803366929133857
20
-5.2908571653543301
11
3.5815412598425196
21
-5.2969128346456689
0
LINE
8
BLACK
6
CONTINUOUS
10
3.5815412598425196
20
-5.2969128346456689
11
3.5815412598425196
21
-5.3030871653543308
0
LINE
8
BLACK
6
CONTINUOUS
10
3.5815412598425196
20
-5.3030871653543308
11
3.5803366929133857
21
-5.3091428346456695
0
LINE
8
BLACK
6
CONTINUOUS
10
3.5803366929133857
20
-5.3091428346456695
11
3.5779738976377953
21
-5.3148471259842518
0
LINE
8
BLACK
6
CONTINUOUS
10
3.5779738976377953
20
-5.3148471259842518
11
3.5745436220472442
21
-5.3199809055118106
0
LINE
8
BLACK
6
CONTINUOUS
10
3.5745436220472442
20
-5.3199809055118106
11
3.5701777559055117
21
-5.3243467716535431
0
LINE
8
BLACK
6
CONTINUOUS
10
3.5701777559055117
20
-5.3243467716535431
11
3.5650439763779529
21
-5.3277770472440942
0
LINE
8
BLACK
6
CONTINUOUS
10
3.5650439763779529
20
-5.3277770472440942
11
3.5593396850393701
21
-5.3301398425196851
0
LINE
8
BLACK
6
CONTINUOUS
10
3.5593396850393701
20
-5.3301398425196851
11
3.5532840157480314
21
-5.3313444094488185
0
LINE
8
BLACK
6
CONTINUOUS
10
3.5532840157480314
20
-5.3313444094488185
11
3.54710968503937
21
-5.3313444094488185
0
LINE
8
BLACK
6
CONTINUOUS
10
3.54710968503937
20
-5.3313444094488185
11
3.5410540157480312
21
-5.3301398425196851
0
LINE
8
BLACK
6
CONTINUOUS
10
3.5410540157480312
20
-5.3301398425196851
11
3.5353497244094489
21
-5.3277770472440942
0
LINE
8
BLACK
6
CONTINUOUS
10
3.5353497244094489
20
-5.3277770472440942
11
3.5302159448818897
21
-5.3243467716535431
0
LINE
8
BLACK
6
CONTINUOUS
10
3.5302159448818897
20
-5.3243467716535431
11
3.5258500787401572
21
-5.3199809055118106
0
LINE
8
BLACK
6
CONTINUOUS
10
3.5258500787401572
20
-5.3199809055118106
11
3.5224198031496061
21
-5.3148471259842518
0
LINE
8
BLACK
6
CONTINUOUS
10
3.5224198031496061
20
-5.3148471259842518
11
3.5200570078740157
21
-5.3091428346456695
0
LINE
8
BLACK
6
CONTINUOUS
10
3.5200570078740157
20
-5.3091428346456695
11
3.5188524409448818
21
-5.3030871653543308
0
LINE
8
BLACK
6
CONTINUOUS
10
3.5188524409448818
20
-5.3030871653543308
11
3.5188524409448818
21
-5.2969128346456689
0
LINE
8
BLACK
6
CONTINUOUS
10
3.5188524409448818
20
-5.2969128346456689
11
3.5200570078740157
21
-5.2908571653543301
0
LINE
8
BLACK
6
CONTINUOUS
10
3.5200570078740157
20
-5.2908571653543301
11
3.5224198031496061
21
-5.2851528740157478
0
LINE
8
BLACK
6
CONTINUOUS
10
3.5224198031496061
20
-5.2851528740157478
11
3.5258500787401572
21
-5.2800190944881891
0
LINE
8
BLACK
6
CONTINUOUS
10
3.5258500787401572
20
-5.2800190944881891
11
3.5302159448818897
21
-5.2756532283464566
0
LINE
8
BLACK
6
CONTINUOUS
10
3.5302159448818897
20
-5.2756532283464566
11
3.5353497244094489
21
-5.2722229527559055
0
LINE
8
BLACK
6
CONTINUOUS
10
3.5353497244094489
20
-5.2722229527559055
11
3.5410540157480312
21
-5.2698601574803146
0
LINE
8
BLACK
6
CONTINUOUS
10
3.5410540157480312
20
-5.2698601574803146
11
3.54710968503937
21
-5.2686555905511812
0
LINE
8
BLACK
6
CONTINUOUS
10
3.54710968503937
20
-5.2686555905511812
11
3.5532840157480314
21
-5.2686555905511812
0
LINE
8
BLACK
6
CONTINUOUS
10
3.5532840157480314
20
-5.2686555905511812
11
3.5593396850393701
21
-5.2698601574803146
0
LINE
8
BLACK
6
CONTINUOUS
10
3.8091428346456691
20
-5.2698601574803146
11
3.8148471259842518
21
-5.2722229527559055
0
LINE
8
BLACK
6
CONTINUOUS
10
3.8148471259842518
20
-5.2722229527559055
11
3.819980905511811
21
-5.2756532283464566
0
LINE
8
BLACK
6
CONTINUOUS
10
3.819980905511811
20
-5.2756532283464566
11
3.8243467716535431
21
-5.2800190944881891
0
LINE
8
BLACK
6
CONTINUOUS
10
3.8243467716535431
20
-5.2800190944881891
11
3.8277770472440946
21
-5.2851528740157478
0
LINE
8
BLACK
6
CONTINUOUS
10
3.8277770472440946
20
-5.2851528740157478
11
3.8301398425196851
21
-5.2908571653543301
0
LINE
8
BLACK
6
CONTINUOUS
10
3.8301398425196851
20
-5.2908571653543301
11
3.8313444094488189
21
-5.2969128346456689
0
LINE
8
BLACK
6
CONTINUOUS
10
3.8313444094488189
20
-5.2969128346456689
11
3.8313444094488189
21
-5.3030871653543308
0
LINE
8
BLACK
6
CONTINUOUS
10
3.8313444094488189
20
-5.3030871653543308
11
3.8301398425196851
21
-5.3091428346456695
0
LINE
8
BLACK
6
CONTINUOUS
10
3.8301398425196851
20
-5.3091428346456695
11
3.8277770472440946
21
-5.3148471259842518
0
LINE
8
BLACK
6
CONTINUOUS
10
3.8277770472440946
20
-5.3148471259842518
11
3.8243467716535431
21
-5.3199809055118106
0
LINE
8
BLACK
6
CONTINUOUS
10
3.8243467716535431
20
-5.3199809055118106
11
3.819980905511811
21
-5.3243467716535431
0
LINE
8
BLACK
6
CONTINUOUS
10
3.819980905511811
20
-5.3243467716535431
11
3.8148471259842518
21
-5.3277770472440942
0
LINE
8
BLACK
6
CONTINUOUS
10
3.8148471259842518
20
-5.3277770472440942
11
3.8091428346456691
21
-5.3301398425196851
0
LINE
8
BLACK
6
CONTINUOUS
10
3.8091428346456691
20
-5.3301398425196851
11
3.8030871653543308
21
-5.3313444094488185
0
LINE
8
BLACK
6
CONTINUOUS
10
3.8030871653543308
20
-5.3313444094488185
11
3.7969128346456693
21
-5.3313444094488185
0
LINE
8
BLACK
6
CONTINUOUS
10
3.7969128346456693
20
-5.3313444094488185
11
3.7908571653543306
21
-5.3301398425196851
0
LINE
8
BLACK
6
CONTINUOUS
10
3.7908571653543306
20
-5.3301398425196851
11
3.7851528740157478
21
-5.3277770472440942
0
LINE
8
BLACK
6
CONTINUOUS
10
3.7851528740157478
20
-5.3277770472440942
11
3.7800190944881891
21
-5.3243467716535431
0
LINE
8
BLACK
6
CONTINUOUS
10
3.7800190944881891
20
-5.3243467716535431
11
3.7756532283464566
21
-5.3199809055118106
0
LINE
8
BLACK
6
CONTINUOUS
10
3.7756532283464566
20
-5.3199809055118106
11
3.7722229527559055
21
-5.3148471259842518
0
LINE
8
BLACK
6
CONTINUOUS
10
3.7722229527559055
20
-5.3148471259842518
11
3.769860157480315
21
-5.3091428346456695
0
LINE
8
BLACK
6
CONTINUOUS
10
3.769860157480315
20
-5.3091428346456695
11
3.7686555905511812
21
-5.3030871653543308
0
LINE
8
BLACK
6
CONTINUOUS
10
3.7686555905511812
20
-5.3030871653543308
11
3.7686555905511812
21
-5.2969128346456689
0
LINE
8
BLACK
6
CONTINUOUS
10
3.7686555905511812
20
-5.2969128346456689
11
3.769860157480315
21
-5.2908571653543301
0
LINE
8
BLACK
6
CONTINUOUS
10
3.769860157480315
20
-5.2908571653543301
11
3.7722229527559055
21
-5.2851528740157478
0
LINE
8
BLACK
6
CONTINUOUS
10
3.7722229527559055
20
-5.2851528740157478
11
3.7756532283464566
21
-5.2800190944881891
0
LINE
8
BLACK
6
CONTINUOUS
10
3.7756532283464566
20
-5.2800190944881891
11
3.7800190944881891
21
-5.2756532283464566
0
LINE
8
BLACK
6
CONTINUOUS
10
3.7800190944881891
20
-5.2756532283464566
11
3.7851528740157478
21
-5.2722229527559055
0
LINE
8
BLACK
6
CONTINUOUS
10
3.7851528740157478
20
-5.2722229527559055
11
3.7908571653543306
21
-5.2698601574803146
0
LINE
8
BLACK
6
CONTINUOUS
10
3.7908571653543306
20
-5.2698601574803146
11
3.7969128346456693
21
-5.2686555905511812
0
LINE
8
BLACK
6
CONTINUOUS
10
3.7969128346456693
20
-5.2686555905511812
11
3.8030871653543308
21
-5.2686555905511812
0
LINE
8
BLACK
6
CONTINUOUS
10
3.8030871653543308
20
-5.2686555905511812
11
3.8091428346456691
21
-5.2698601574803146
0
LINE
8
BLACK
6
CONTINUOUS
10
7.6085714173228345
20
-5.2717438976377951
11
7.6139192125984252
21
-5.2739590157480309
0
LINE
8
BLACK
6
CONTINUOUS
10
7.6139192125984252
20
-5.2739590157480309
11
7.6187320866141732
21
-5.2771748818897635
0
LINE
8
BLACK
6
CONTINUOUS
10
7.6187320866141732
20
-5.2771748818897635
11
7.622825118110236
21
-5.2812679133858262
0
LINE
8
BLACK
6
CONTINUOUS
10
7.622825118110236
20
-5.2812679133858262
11
7.6260409842519685
21
-5.2860807874015743
0
LINE
8
BLACK
6
CONTINUOUS
10
7.6260409842519685
20
-5.2860807874015743
11
7.6282561023622044
21
-5.291428582677165
0
LINE
8
BLACK
6
CONTINUOUS
10
7.6282561023622044
20
-5.291428582677165
11
7.6293853937007876
21
-5.2971057874015743
0
LINE
8
BLACK
6
CONTINUOUS
10
7.6293853937007876
20
-5.2971057874015743
11
7.6293853937007876
21
-5.3028942125984253
0
LINE
8
BLACK
6
CONTINUOUS
10
7.6293853937007876
20
-5.3028942125984253
11
7.6282561023622044
21
-5.3085714173228347
0
LINE
8
BLACK
6
CONTINUOUS
10
7.6282561023622044
20
-5.3085714173228347
11
7.6260409842519685
21
-5.3139192125984254
0
LINE
8
BLACK
6
CONTINUOUS
10
7.6260409842519685
20
-5.3139192125984254
11
7.622825118110236
21
-5.3187320866141734
0
LINE
8
BLACK
6
CONTINUOUS
10
7.622825118110236
20
-5.3187320866141734
11
7.6187320866141732
21
-5.3228251181102362
0
LINE
8
BLACK
6
CONTINUOUS
10
7.6187320866141732
20
-5.3228251181102362
11
7.6139192125984252
21
-5.3260409842519687
0
LINE
8
BLACK
6
CONTINUOUS
10
7.6139192125984252
20
-5.3260409842519687
11
7.6085714173228345
21
-5.3282561023622046
0
LINE
8
BLACK
6
CONTINUOUS
10
7.6085714173228345
20
-5.3282561023622046
11
7.6028942125984251
21
-5.3293853937007869
0
LINE
8
BLACK
6
CONTINUOUS
10
7.6028942125984251
20
-5.3293853937007869
11
7.597105787401575
21
-5.3293853937007869
0
LINE
8
BLACK
6
CONTINUOUS
10
7.597105787401575
20
-5.3293853937007869
11
7.5914285826771648
21
-5.3282561023622046
0
LINE
8
BLACK
6
CONTINUOUS
10
7.5914285826771648
20
-5.3282561023622046
11
7.586080787401575
21
-5.3260409842519687
0
LINE
8
BLACK
6
CONTINUOUS
10
7.586080787401575
20
-5.3260409842519687
11
7.581267913385827
21
-5.3228251181102362
0
LINE
8
BLACK
6
CONTINUOUS
10
7.581267913385827
20
-5.3228251181102362
11
7.5771748818897633
21
-5.3187320866141734
0
LINE
8
BLACK
6
CONTINUOUS
10
7.5771748818897633
20
-5.3187320866141734
11
7.5739590157480317
21
-5.3139192125984254
0
LINE
8
BLACK
6
CONTINUOUS
10
7.5739590157480317
20
-5.3139192125984254
11
7.5717438976377949
21
-5.3085714173228347
0
LINE
8
BLACK
6
CONTINUOUS
10
7.5717438976377949
20
-5.3085714173228347
11
7.5706146062992126
21
-5.3028942125984253
0
LINE
8
BLACK
6
CONTINUOUS
10
7.5706146062992126
20
-5.3028942125984253
11
7.5706146062992126
21
-5.2971057874015743
0
LINE
8
BLACK
6
CONTINUOUS
10
7.5706146062992126
20
-5.2971057874015743
11
7.5717438976377949
21
-5.291428582677165
0
LINE
8
BLACK
6
CONTINUOUS
10
7.5717438976377949
20
-5.291428582677165
11
7.5739590157480317
21
-5.2860807874015743
0
LINE
8
BLACK
6
CONTINUOUS
10
7.5739590157480317
20
-5.2860807874015743
11
7.5771748818897633
21
-5.2812679133858262
0
LINE
8
BLACK
6
CONTINUOUS
10
7.5771748818897633
20
-5.2812679133858262
11
7.581267913385827
21
-5.2771748818897635
0
LINE
8
BLACK
6
CONTINUOUS
10
7.581267913385827
20
-5.2771748818897635
11
7.586080787401575
21
-5.2739590157480309
0
LINE
8
BLACK
6
CONTINUOUS
10
7.586080787401575
20
-5.2739590157480309
11
7.5914285826771648
21
-5.2717438976377951
0
LINE
8
BLACK
6
CONTINUOUS
10
7.5914285826771648
20
-5.2717438976377951
11
7.597105787401575
21
-5.2706146062992127
0
LINE
8
BLACK
6
CONTINUOUS
10
7.597105787401575
20
-5.2706146062992127
11
7.6028942125984251
21
-5.2706146062992127
0
LINE
8
BLACK
6
CONTINUOUS
10
7.6028942125984251
20
-5.2706146062992127
11
7.6085714173228345
21
-5.2717438976377951
0
LINE
8
BLACK
6
CONTINUOUS
10
3.6581968110236218
20
-5.2736276377952755
11
3.6631881102362205
21
-5.2756950787401573
0
LINE
8
BLACK
6
CONTINUOUS
10
3.6631881102362205
20
-5.2756950787401573
11
3.6676801181102361
21
-5.2786965748031491
0
LINE
8
BLACK
6
CONTINUOUS
10
3.6676801181102361
20
-5.2786965748031491
11
3.6715002755905513
21
-5.2825167322834643
0
LINE
8
BLACK
6
CONTINUOUS
10
3.6715002755905513
20
-5.2825167322834643
11
3.6745017716535431
21
-5.2870087401574803
0
LINE
8
BLACK
6
CONTINUOUS
10
3.6745017716535431
20
-5.2870087401574803
11
3.6765692125984253
21
-5.2920000393700786
0
LINE
8
BLACK
6
CONTINUOUS
10
3.6765692125984253
20
-5.2920000393700786
11
3.6776231889763777
21
-5.2972987401574798
0
LINE
8
BLACK
6
CONTINUOUS
10
3.6776231889763777
20
-5.2972987401574798
11
3.6776231889763777
21
-5.3027012598425198
0
LINE
8
BLACK
6
CONTINUOUS
10
3.6776231889763777
20
-5.3027012598425198
11
3.6765692125984253
21
-5.3079999606299211
0
LINE
8
BLACK
6
CONTINUOUS
10
3.6765692125984253
20
-5.3079999606299211
11
3.6745017716535431
21
-5.3129912598425193
0
LINE
8
BLACK
6
CONTINUOUS
10
3.6745017716535431
20
-5.3129912598425193
11
3.6715002755905513
21
-5.3174832677165353
0
LINE
8
BLACK
6
CONTINUOUS
10
3.6715002755905513
20
-5.3174832677165353
11
3.6676801181102361
21
-5.3213034251968505
0
LINE
8
BLACK
6
CONTINUOUS
10
3.6676801181102361
20
-5.3213034251968505
11
3.6631881102362205
21
-5.3243049212598423
0
LINE
8
BLACK
6
CONTINUOUS
10
3.6631881102362205
20
-5.3243049212598423
11
3.6581968110236218
21
-5.3263723622047241
0
LINE
8
BLACK
6
CONTINUOUS
10
3.6581968110236218
20
-5.3263723622047241
11
3.6528981102362206
21
-5.3274263385826774
0
LINE
8
BLACK
6
CONTINUOUS
10
3.6528981102362206
20
-5.3274263385826774
11
3.647495590551181
21
-5.3274263385826774
0
LINE
8
BLACK
6
CONTINUOUS
10
3.647495590551181
20
-5.3274263385826774
11
3.6421968897637793
21
-5.3263723622047241
0
LINE
8
BLACK
6
CONTINUOUS
10
3.6421968897637793
20
-5.3263723622047241
11
3.6372055905511811
21
-5.3243049212598423
0
LINE
8
BLACK
6
CONTINUOUS
10
3.6372055905511811
20
-5.3243049212598423
11
3.6327135826771655
21
-5.3213034251968505
0
LINE
8
BLACK
6
CONTINUOUS
10
3.6327135826771655
20
-5.3213034251968505
11
3.6288934251968503
21
-5.3174832677165353
0
LINE
8
BLACK
6
CONTINUOUS
10
3.6288934251968503
20
-5.3174832677165353
11
3.625891929133858
21
-5.3129912598425193
0
LINE
8
BLACK
6
CONTINUOUS
10
3.625891929133858
20
-5.3129912598425193
11
3.6238244881889763
21
-5.3079999606299211
0
LINE
8
BLACK
6
CONTINUOUS
10
3.6238244881889763
20
-5.3079999606299211
11
3.6227705118110234
21
-5.3027012598425198
0
LINE
8
BLACK
6
CONTINUOUS
10
3.6227705118110234
20
-5.3027012598425198
11
3.6227705118110234
21
-5.2972987401574798
0
LINE
8
BLACK
6
CONTINUOUS
10
3.6227705118110234
20
-5.2972987401574798
11
3.6238244881889763
21
-5.2920000393700786
0
LINE
8
BLACK
6
CONTINUOUS
10
3.6238244881889763
20
-5.2920000393700786
11
3.625891929133858
21
-5.2870087401574803
0
LINE
8
BLACK
6
CONTINUOUS
10
3.625891929133858
20
-5.2870087401574803
11
3.6288934251968503
21
-5.2825167322834643
0
LINE
8
BLACK
6
CONTINUOUS
10
3.6288934251968503
20
-5.2825167322834643
11
3.6327135826771655
21
-5.2786965748031491
0
LINE
8
BLACK
6
CONTINUOUS
10
3.6327135826771655
20
-5.2786965748031491
11
3.6372055905511811
21
-5.2756950787401573
0
LINE
8
BLACK
6
CONTINUOUS
10
3.6372055905511811
20
-5.2756950787401573
11
3.6421968897637793
21
-5.2736276377952755
0
LINE
8
BLACK
6
CONTINUOUS
10
3.6421968897637793
20
-5.2736276377952755
11
3.647495590551181
21
-5.2725736614173231
0
LINE
8
BLACK
6
CONTINUOUS
10
3.647495590551181
20
-5.2725736614173231
11
3.6528981102362206
21
-5.2725736614173231
0
LINE
8
BLACK
6
CONTINUOUS
10
3.6528981102362206
20
-5.2725736614173231
11
3.6581968110236218
21
-5.2736276377952755
0
LINE
8
BLACK
6
CONTINUOUS
10
0.9097142519685039
20
-5.1679764173228344
11
0.9157750787401575
21
-5.1704868897637795
0
LINE
8
BLACK
6
CONTINUOUS
10
0.9157750787401575
20
-5.1704868897637795
11
0.9212296850393701
21
-5.1741315354330704
0
LINE
8
BLACK
6
CONTINUOUS
10
0.9212296850393701
20
-5.1741315354330704
11
0.9258684645669291
21
-5.1787703149606301
0
LINE
8
BLACK
6
CONTINUOUS
10
0.9258684645669291
20
-5.1787703149606301
11
0.9295131102362204
21
-5.1842249212598421
0
LINE
8
BLACK
6
CONTINUOUS
10
0.9295131102362204
20
-5.1842249212598421
11
0.9320235826771653
21
-5.1902857480314957
0
LINE
8
BLACK
6
CONTINUOUS
10
0.9320235826771653
20
-5.1902857480314957
11
0.9333034251968504
21
-5.1967198818897637
0
LINE
8
BLACK
6
CONTINUOUS
10
0.9333034251968504
20
-5.1967198818897637
11
0.9333034251968504
21
-5.2032801181102357
0
LINE
8
BLACK
6
CONTINUOUS
10
0.9333034251968504
20
-5.2032801181102357
11
0.9320235826771653
21
-5.2097142519685038
0
LINE
8
BLACK
6
CONTINUOUS
10
0.9320235826771653
20
-5.2097142519685038
11
0.9295131102362204
21
-5.2157750787401573
0
LINE
8
BLACK
6
CONTINUOUS
10
0.9295131102362204
20
-5.2157750787401573
11
0.9258684645669291
21
-5.2212296850393702
0
LINE
8
BLACK
6
CONTINUOUS
10
0.9258684645669291
20
-5.2212296850393702
11
0.9212296850393701
21
-5.2258684645669291
0
LINE
8
BLACK
6
CONTINUOUS
10
0.9212296850393701
20
-5.2258684645669291
11
0.9157750787401575
21
-5.22951311023622
0
LINE
8
BLACK
6
CONTINUOUS
10
0.9157750787401575
20
-5.22951311023622
11
0.9097142519685039
21
-5.2320235826771651
0
LINE
8
BLACK
6
CONTINUOUS
10
0.9097142519685039
20
-5.2320235826771651
11
0.9032801181102362
21
-5.2333034251968504
0
LINE
8
BLACK
6
CONTINUOUS
10
0.9032801181102362
20
-5.2333034251968504
11
0.8967198818897638
21
-5.2333034251968504
0
LINE
8
BLACK
6
CONTINUOUS
10
0.8967198818897638
20
-5.2333034251968504
11
0.8902857480314961
21
-5.2320235826771651
0
LINE
8
BLACK
6
CONTINUOUS
10
0.8902857480314961
20
-5.2320235826771651
11
0.8842249212598425
21
-5.22951311023622
0
LINE
8
BLACK
6
CONTINUOUS
10
0.8842249212598425
20
-5.22951311023622
11
0.8787703149606299
21
-5.2258684645669291
0
LINE
8
BLACK
6
CONTINUOUS
10
0.8787703149606299
20
-5.2258684645669291
11
0.8741315354330709
21
-5.2212296850393702
0
LINE
8
BLACK
6
CONTINUOUS
10
0.8741315354330709
20
-5.2212296850393702
11
0.8704868897637795
21
-5.2157750787401573
0
LINE
8
BLACK
6
CONTINUOUS
10
0.8704868897637795
20
-5.2157750787401573
11
0.8679764173228346
21
-5.2097142519685038
0
LINE
8
BLACK
6
CONTINUOUS
10
0.8679764173228346
20
-5.2097142519685038
11
0.8666965748031495
21
-5.2032801181102357
0
LINE
8
BLACK
6
CONTINUOUS
10
0.8666965748031495
20
-5.2032801181102357
11
0.8666965748031495
21
-5.1967198818897637
0
LINE
8
BLACK
6
CONTINUOUS
10
0.8666965748031495
20
-5.1967198818897637
11
0.8679764173228346
21
-5.1902857480314957
0
LINE
8
BLACK
6
CONTINUOUS
10
0.8679764173228346
20
-5.1902857480314957
11
0.8704868897637795
21
-5.1842249212598421
0
LINE
8
BLACK
6
CONTINUOUS
10
0.8704868897637795
20
-5.1842249212598421
11
0.8741315354330709
21
-5.1787703149606301
0
LINE
8
BLACK
6
CONTINUOUS
10
0.8741315354330709
20
-5.1787703149606301
11
0.8787703149606299
21
-5.1741315354330704
0
LINE
8
BLACK
6
CONTINUOUS
10
0.8787703149606299
20
-5.1741315354330704
11
0.8842249212598425
21
-5.1704868897637795
0
LINE
8
BLACK
6
CONTINUOUS
10
0.8842249212598425
20
-5.1704868897637795
11
0.8902857480314961
21
-5.1679764173228344
0
LINE
8
BLACK
6
CONTINUOUS
10
0.8902857480314961
20
-5.1679764173228344
11
0.8967198818897638
21
-5.1666965748031499
0
LINE
8
BLACK
6
CONTINUOUS
10
0.8967198818897638
20
-5.1666965748031499
11
0.9032801181102362
21
-5.1666965748031499
0
LINE
8
BLACK
6
CONTINUOUS
10
0.9032801181102362
20
-5.1666965748031499
11
0.9097142519685039
21
-5.1679764173228344
0
LINE
8
BLACK
6
CONTINUOUS
10
8.8097142519685043
20
-5.1679764173228344
11
8.8157750787401579
21
-5.1704868897637795
0
LINE
8
BLACK
6
CONTINUOUS
10
8.8157750787401579
20
-5.1704868897637795
11
8.8212296850393699
21
-5.1741315354330704
0
LINE
8
BLACK
6
CONTINUOUS
10
8.8212296850393699
20
-5.1741315354330704
11
8.8258684645669288
21
-5.1787703149606301
0
LINE
8
BLACK
6
CONTINUOUS
10
8.8258684645669288
20
-5.1787703149606301
11
8.8295131102362205
21
-5.1842249212598421
0
LINE
8
BLACK
6
CONTINUOUS
10
8.8295131102362205
20
-5.1842249212598421
11
8.8320235826771647
21
-5.1902857480314957
0
LINE
8
BLACK
6
CONTINUOUS
10
8.8320235826771647
20
-5.1902857480314957
11
8.833303425196851
21
-5.1967198818897637
0
LINE
8
BLACK
6
CONTINUOUS
10
8.833303425196851
20
-5.1967198818897637
11
8.833303425196851
21
-5.2032801181102357
0
LINE
8
BLACK
6
CONTINUOUS
10
8.833303425196851
20
-5.2032801181102357
11
8.8320235826771647
21
-5.2097142519685038
0
LINE
8
BLACK
6
CONTINUOUS
10
8.8320235826771647
20
-5.2097142519685038
11
8.8295131102362205
21
-5.2157750787401573
0
LINE
8
BLACK
6
CONTINUOUS
10
8.8295131102362205
20
-5.2157750787401573
11
8.8258684645669288
21
-5.2212296850393702
0
LINE
8
BLACK
6
CONTINUOUS
10
8.8258684645669288
20
-5.2212296850393702
11
8.8212296850393699
21
-5.2258684645669291
0
LINE
8
BLACK
6
CONTINUOUS
10
8.8212296850393699
20
-5.2258684645669291
11
8.8157750787401579
21
-5.22951311023622
0
LINE
8
BLACK
6
CONTINUOUS
10
8.8157750787401579
20
-5.22951311023622
11
8.8097142519685043
21
-5.2320235826771651
0
LINE
8
BLACK
6
CONTINUOUS
10
8.8097142519685043
20
-5.2320235826771651
11
8.8032801181102354
21
-5.2333034251968504
0
LINE
8
BLACK
6
CONTINUOUS
10
8.8032801181102354
20
-5.2333034251968504
11
8.7967198818897643
21
-5.2333034251968504
0
LINE
8
BLACK
6
CONTINUOUS
10
8.7967198818897643
20
-5.2333034251968504
11
8.7902857480314953
21
-5.2320235826771651
0
LINE
8
BLACK
6
CONTINUOUS
10
8.7902857480314953
20
-5.2320235826771651
11
8.7842249212598418
21
-5.22951311023622
0
LINE
8
BLACK
6
CONTINUOUS
10
8.7842249212598418
20
-5.22951311023622
11
8.7787703149606298
21
-5.2258684645669291
0
LINE
8
BLACK
6
CONTINUOUS
10
8.7787703149606298
20
-5.2258684645669291
11
8.7741315354330709
21
-5.2212296850393702
0
LINE
8
BLACK
6
CONTINUOUS
10
8.7741315354330709
20
-5.2212296850393702
11
8.7704868897637791
21
-5.2157750787401573
0
LINE
8
BLACK
6
CONTINUOUS
10
8.7704868897637791
20
-5.2157750787401573
11
8.7679764173228349
21
-5.2097142519685038
0
LINE
8
BLACK
6
CONTINUOUS
10
8.7679764173228349
20
-5.2097142519685038
11
8.7666965748031487
21
-5.2032801181102357
0
LINE
8
BLACK
6
CONTINUOUS
10
8.7666965748031487
20
-5.2032801181102357
11
8.7666965748031487
21
-5.1967198818897637
0
LINE
8
BLACK
6
CONTINUOUS
10
8.7666965748031487
20
-5.1967198818897637
11
8.7679764173228349
21
-5.1902857480314957
0
LINE
8
BLACK
6
CONTINUOUS
10
8.7679764173228349
20
-5.1902857480314957
11
8.7704868897637791
21
-5.1842249212598421
0
LINE
8
BLACK
6
CONTINUOUS
10
8.7704868897637791
20
-5.1842249212598421
11
8.7741315354330709
21
-5.1787703149606301
0
LINE
8
BLACK
6
CONTINUOUS
10
8.7741315354330709
20
-5.1787703149606301
11
8.7787703149606298
21
-5.1741315354330704
0
LINE
8
BLACK
6
CONTINUOUS
10
8.7787703149606298
20
-5.1741315354330704
11
8.7842249212598418
21
-5.1704868897637795
0
LINE
8
BLACK
6
CONTINUOUS
10
8.7842249212598418
20
-5.1704868897637795
11
8.7902857480314953
21
-5.1679764173228344
0
LINE
8
BLACK
6
CONTINUOUS
10
8.7902857480314953
20
-5.1679764173228344
11
8.7967198818897643
21
-5.1666965748031499
0
LINE
8
BLACK
6
CONTINUOUS
10
8.7967198818897643
20
-5.1666965748031499
11
8.8032801181102354
21
-5.1666965748031499
0
LINE
8
BLACK
6
CONTINUOUS
10
8.8032801181102354
20
-5.1666965748031499
11
8.8097142519685043
21
-5.1679764173228344
0
LINE
8
BLACK
6
CONTINUOUS
10
8.909714251968504
20
-5.1679764173228344
11
8.9157750787401575
21
-5.1704868897637795
0
LINE
8
BLACK
6
CONTINUOUS
10
8.9157750787401575
20
-5.1704868897637795
11
8.9212296850393695
21
-5.1741315354330704
0
LINE
8
BLACK
6
CONTINUOUS
10
8.9212296850393695
20
-5.1741315354330704
11
8.9258684645669284
21
-5.1787703149606301
0
LINE
8
BLACK
6
CONTINUOUS
10
8.9258684645669284
20
-5.1787703149606301
11
8.9295131102362202
21
-5.1842249212598421
0
LINE
8
BLACK
6
CONTINUOUS
10
8.9295131102362202
20
-5.1842249212598421
11
8.9320235826771643
21
-5.1902857480314957
0
LINE
8
BLACK
6
CONTINUOUS
10
8.9320235826771643
20
-5.1902857480314957
11
8.9333034251968506
21
-5.1967198818897637
0
LINE
8
BLACK
6
CONTINUOUS
10
8.9333034251968506
20
-5.1967198818897637
11
8.9333034251968506
21
-5.2032801181102357
0
LINE
8
BLACK
6
CONTINUOUS
10
8.9333034251968506
20
-5.2032801181102357
11
8.9320235826771643
21
-5.2097142519685038
0
LINE
8
BLACK
6
CONTINUOUS
10
8.9320235826771643
20
-5.2097142519685038
11
8.9295131102362202
21
-5.2157750787401573
0
LINE
8
BLACK
6
CONTINUOUS
10
8.9295131102362202
20
-5.2157750787401573
11
8.9258684645669284
21
-5.2212296850393702
0
LINE
8
BLACK
6
CONTINUOUS
10
8.9258684645669284
20
-5.2212296850393702
11
8.9212296850393695
21
-5.2258684645669291
0
LINE
8
BLACK
6
CONTINUOUS
10
8.9212296850393695
20
-5.2258684645669291
11
8.9157750787401575
21
-5.22951311023622
0
LINE
8
BLACK
6
CONTINUOUS
10
8.9157750787401575
20
-5.22951311023622
11
8.909714251968504
21
-5.2320235826771651
0
LINE
8
BLACK
6
CONTINUOUS
10
8.909714251968504
20
-5.2320235826771651
11
8.9032801181102368
21
-5.2333034251968504
0
LINE
8
BLACK
6
CONTINUOUS
10
8.9032801181102368
20
-5.2333034251968504
11
8.8967198818897639
21
-5.2333034251968504
0
LINE
8
BLACK
6
CONTINUOUS
10
8.8967198818897639
20
-5.2333034251968504
11
8.8902857480314967
21
-5.2320235826771651
0
LINE
8
BLACK
6
CONTINUOUS
10
8.8902857480314967
20
-5.2320235826771651
11
8.8842249212598432
21
-5.22951311023622
0
LINE
8
BLACK
6
CONTINUOUS
10
8.8842249212598432
20
-5.22951311023622
11
8.8787703149606294
21
-5.2258684645669291
0
LINE
8
BLACK
6
CONTINUOUS
10
8.8787703149606294
20
-5.2258684645669291
11
8.8741315354330705
21
-5.2212296850393702
0
LINE
8
BLACK
6
CONTINUOUS
10
8.8741315354330705
20
-5.2212296850393702
11
8.8704868897637787
21
-5.2157750787401573
0
LINE
8
BLACK
6
CONTINUOUS
10
8.8704868897637787
20
-5.2157750787401573
11
8.8679764173228346
21
-5.2097142519685038
0
LINE
8
BLACK
6
CONTINUOUS
10
8.8679764173228346
20
-5.2097142519685038
11
8.8666965748031501
21
-5.2032801181102357
0
LINE
8
BLACK
6
CONTINUOUS
10
8.8666965748031501
20
-5.2032801181102357
11
8.8666965748031501
21
-5.1967198818897637
0
LINE
8
BLACK
6
CONTINUOUS
10
8.8666965748031501
20
-5.1967198818897637
11
8.8679764173228346
21
-5.1902857480314957
0
LINE
8
BLACK
6
CONTINUOUS
10
8.8679764173228346
20
-5.1902857480314957
11
8.8704868897637787
21
-5.1842249212598421
0
LINE
8
BLACK
6
CONTINUOUS
10
8.8704868897637787
20
-5.1842249212598421
11
8.8741315354330705
21
-5.1787703149606301
0
LINE
8
BLACK
6
CONTINUOUS
10
8.8741315354330705
20
-5.1787703149606301
11
8.8787703149606294
21
-5.1741315354330704
0
LINE
8
BLACK
6
CONTINUOUS
10
8.8787703149606294
20
-5.1741315354330704
11
8.8842249212598432
21
-5.1704868897637795
0
LINE
8
BLACK
6
CONTINUOUS
10
8.8842249212598432
20
-5.1704868897637795
11
8.8902857480314967
21
-5.1679764173228344
0
LINE
8
BLACK
6
CONTINUOUS
10
8.8902857480314967
20
-5.1679764173228344
11
8.8967198818897639
21
-5.1666965748031499
0
LINE
8
BLACK
6
CONTINUOUS
10
8.8967198818897639
20
-5.1666965748031499
11
8.9032801181102368
21
-5.1666965748031499
0
LINE
8
BLACK
6
CONTINUOUS
10
8.9032801181102368
20
-5.1666965748031499
11
8.909714251968504
21
-5.1679764173228344
0
LINE
8
BLACK
6
CONTINUOUS
10
10.409714251968504
20
-5.1679764173228344
11
10.4157750787401575
21
-5.1704868897637795
0
LINE
8
BLACK
6
CONTINUOUS
10
10.4157750787401575
20
-5.1704868897637795
11
10.4212296850393695
21
-5.1741315354330704
0
LINE
8
BLACK
6
CONTINUOUS
10
10.4212296850393695
20
-5.1741315354330704
11
10.4258684645669284
21
-5.1787703149606301
0
LINE
8
BLACK
6
CONTINUOUS
10
10.4258684645669284
20
-5.1787703149606301
11
10.4295131102362202
21
-5.1842249212598421
0
LINE
8
BLACK
6
CONTINUOUS
10
10.4295131102362202
20
-5.1842249212598421
11
10.4320235826771643
21
-5.1902857480314957
0
LINE
8
BLACK
6
CONTINUOUS
10
10.4320235826771643
20
-5.1902857480314957
11
10.4333034251968506
21
-5.1967198818897637
0
LINE
8
BLACK
6
CONTINUOUS
10
10.4333034251968506
20
-5.1967198818897637
11
10.4333034251968506
21
-5.2032801181102357
0
LINE
8
BLACK
6
CONTINUOUS
10
10.4333034251968506
20
-5.2032801181102357
11
10.4320235826771643
21
-5.2097142519685038
0
LINE
8
BLACK
6
CONTINUOUS
10
10.4320235826771643
20
-5.2097142519685038
11
10.4295131102362202
21
-5.2157750787401573
0
LINE
8
BLACK
6
CONTINUOUS
10
10.4295131102362202
20
-5.2157750787401573
11
10.4258684645669284
21
-5.2212296850393702
0
LINE
8
BLACK
6
CONTINUOUS
10
10.4258684645669284
20
-5.2212296850393702
11
10.4212296850393695
21
-5.2258684645669291
0
LINE
8
BLACK
6
CONTINUOUS
10
10.4212296850393695
20
-5.2258684645669291
11
10.4157750787401575
21
-5.22951311023622
0
LINE
8
BLACK
6
CONTINUOUS
10
10.4157750787401575
20
-5.22951311023622
11
10.409714251968504
21
-5.2320235826771651
0
LINE
8
BLACK
6
CONTINUOUS
10
10.409714251968504
20
-5.2320235826771651
11
10.4032801181102368
21
-5.2333034251968504
0
LINE
8
BLACK
6
CONTINUOUS
10
10.4032801181102368
20
-5.2333034251968504
11
10.3967198818897639
21
-5.2333034251968504
0
LINE
8
BLACK
6
CONTINUOUS
10
10.3967198818897639
20
-5.2333034251968504
11
10.390285748031495
21
-5.2320235826771651
0
LINE
8
BLACK
6
CONTINUOUS
10
10.390285748031495
20
-5.2320235826771651
11
10.3842249212598414
21
-5.22951311023622
0
LINE
8
BLACK
6
CONTINUOUS
10
10.3842249212598414
20
-5.22951311023622
11
10.3787703149606294
21
-5.2258684645669291
0
LINE
8
BLACK
6
CONTINUOUS
10
10.3787703149606294
20
-5.2258684645669291
11
10.3741315354330705
21
-5.2212296850393702
0
LINE
8
BLACK
6
CONTINUOUS
10
10.3741315354330705
20
-5.2212296850393702
11
10.3704868897637787
21
-5.2157750787401573
0
LINE
8
BLACK
6
CONTINUOUS
10
10.3704868897637787
20
-5.2157750787401573
11
10.3679764173228346
21
-5.2097142519685038
0
LINE
8
BLACK
6
CONTINUOUS
10
10.3679764173228346
20
-5.2097142519685038
11
10.3666965748031501
21
-5.2032801181102357
0
LINE
8
BLACK
6
CONTINUOUS
10
10.3666965748031501
20
-5.2032801181102357
11
10.3666965748031501
21
-5.1967198818897637
0
LINE
8
BLACK
6
CONTINUOUS
10
10.3666965748031501
20
-5.1967198818897637
11
10.3679764173228346
21
-5.1902857480314957
0
LINE
8
BLACK
6
CONTINUOUS
10
10.3679764173228346
20
-5.1902857480314957
11
10.3704868897637787
21
-5.1842249212598421
0
LINE
8
BLACK
6
CONTINUOUS
10
10.3704868897637787
20
-5.1842249212598421
11
10.3741315354330705
21
-5.1787703149606301
0
LINE
8
BLACK
6
CONTINUOUS
10
10.3741315354330705
20
-5.1787703149606301
11
10.3787703149606294
21
-5.1741315354330704
0
LINE
8
BLACK
6
CONTINUOUS
10
10.3787703149606294
20
-5.1741315354330704
11
10.3842249212598414
21
-5.1704868897637795
0
LINE
8
BLACK
6
CONTINUOUS
10
10.3842249212598414
20
-5.1704868897637795
11
10.390285748031495
21
-5.1679764173228344
0
LINE
8
BLACK
6
CONTINUOUS
10
10.390285748031495
20
-5.1679764173228344
11
10.3967198818897639
21
-5.1666965748031499
0
LINE
8
BLACK
6
CONTINUOUS
10
10.3967198818897639
20
-5.1666965748031499
11
10.4032801181102368
21
-5.1666965748031499
0
LINE
8
BLACK
6
CONTINUOUS
10
10.4032801181102368
20
-5.1666965748031499
11
10.409714251968504
21
-5.1679764173228344
0
LINE
8
BLACK
6
CONTINUOUS
10
2.5091428346456692
20
-5.171434960629921
11
2.514847125984252
21
-5.1737977559055119
0
LINE
8
BLACK
6
CONTINUOUS
10
2.514847125984252
20
-5.1737977559055119
11
2.5199809055118108
21
-5.177228031496063
0
LINE
8
BLACK
6
CONTINUOUS
10
2.5199809055118108
20
-5.177228031496063
11
2.5243467716535433
21
-5.1815938976377955
0
LINE
8
BLACK
6
CONTINUOUS
10
2.5243467716535433
20
-5.1815938976377955
11
2.5277770472440944
21
-5.1867276771653543
0
LINE
8
BLACK
6
CONTINUOUS
10
2.5277770472440944
20
-5.1867276771653543
11
2.5301398425196848
21
-5.1924319685039366
0
LINE
8
BLACK
6
CONTINUOUS
10
2.5301398425196848
20
-5.1924319685039366
11
2.5313444094488187
21
-5.1984876377952753
0
LINE
8
BLACK
6
CONTINUOUS
10
2.5313444094488187
20
-5.1984876377952753
11
2.5313444094488187
21
-5.2046619685039373
0
LINE
8
BLACK
6
CONTINUOUS
10
2.5313444094488187
20
-5.2046619685039373
11
2.5301398425196848
21
-5.2107176377952751
0
LINE
8
BLACK
6
CONTINUOUS
10
2.5301398425196848
20
-5.2107176377952751
11
2.5277770472440944
21
-5.2164219291338583
0
LINE
8
BLACK
6
CONTINUOUS
10
2.5277770472440944
20
-5.2164219291338583
11
2.5243467716535433
21
-5.2215557086614171
0
LINE
8
BLACK
6
CONTINUOUS
10
2.5243467716535433
20
-5.2215557086614171
11
2.5199809055118108
21
-5.2259215748031496
0
LINE
8
BLACK
6
CONTINUOUS
10
2.5199809055118108
20
-5.2259215748031496
11
2.514847125984252
21
-5.2293518503937007
0
LINE
8
BLACK
6
CONTINUOUS
10
2.514847125984252
20
-5.2293518503937007
11
2.5091428346456692
21
-5.2317146456692916
0
LINE
8
BLACK
6
CONTINUOUS
10
2.5091428346456692
20
-5.2317146456692916
11
2.5030871653543305
21
-5.232919212598425
0
LINE
8
BLACK
6
CONTINUOUS
10
2.5030871653543305
20
-5.232919212598425
11
2.496912834645669
21
-5.232919212598425
0
LINE
8
BLACK
6
CONTINUOUS
10
2.496912834645669
20
-5.232919212598425
11
2.4908571653543308
21
-5.2317146456692916
0
LINE
8
BLACK
6
CONTINUOUS
10
2.4908571653543308
20
-5.2317146456692916
11
2.485152874015748
21
-5.2293518503937007
0
LINE
8
BLACK
6
CONTINUOUS
10
2.485152874015748
20
-5.2293518503937007
11
2.4800190944881888
21
-5.2259215748031496
0
LINE
8
BLACK
6
CONTINUOUS
10
2.4800190944881888
20
-5.2259215748031496
11
2.4756532283464567
21
-5.2215557086614171
0
LINE
8
BLACK
6
CONTINUOUS
10
2.4756532283464567
20
-5.2215557086614171
11
2.4722229527559056
21
-5.2164219291338583
0
LINE
8
BLACK
6
CONTINUOUS
10
2.4722229527559056
20
-5.2164219291338583
11
2.4698601574803147
21
-5.2107176377952751
0
LINE
8
BLACK
6
CONTINUOUS
10
2.4698601574803147
20
-5.2107176377952751
11
2.4686555905511809
21
-5.2046619685039373
0
LINE
8
BLACK
6
CONTINUOUS
10
2.4686555905511809
20
-5.2046619685039373
11
2.4686555905511809
21
-5.1984876377952753
0
LINE
8
BLACK
6
CONTINUOUS
10
2.4686555905511809
20
-5.1984876377952753
11
2.4698601574803147
21
-5.1924319685039366
0
LINE
8
BLACK
6
CONTINUOUS
10
2.4698601574803147
20
-5.1924319685039366
11
2.4722229527559056
21
-5.1867276771653543
0
LINE
8
BLACK
6
CONTINUOUS
10
2.4722229527559056
20
-5.1867276771653543
11
2.4756532283464567
21
-5.1815938976377955
0
LINE
8
BLACK
6
CONTINUOUS
10
2.4756532283464567
20
-5.1815938976377955
11
2.4800190944881888
21
-5.177228031496063
0
LINE
8
BLACK
6
CONTINUOUS
10
2.4800190944881888
20
-5.177228031496063
11
2.485152874015748
21
-5.1737977559055119
0
LINE
8
BLACK
6
CONTINUOUS
10
2.485152874015748
20
-5.1737977559055119
11
2.4908571653543308
21
-5.171434960629921
0
LINE
8
BLACK
6
CONTINUOUS
10
2.4908571653543308
20
-5.171434960629921
11
2.496912834645669
21
-5.1702303937007876
0
LINE
8
BLACK
6
CONTINUOUS
10
2.496912834645669
20
-5.1702303937007876
11
2.5030871653543305
21
-5.1702303937007876
0
LINE
8
BLACK
6
CONTINUOUS
10
2.5030871653543305
20
-5.1702303937007876
11
2.5091428346456692
21
-5.171434960629921
0
LINE
8
BLACK
6
CONTINUOUS
10
3.2756169685039369
20
-5.1692531496062992
11
3.2788101181102363
21
-5.1713867322834641
0
LINE
8
BLACK
6
CONTINUOUS
10
3.2788101181102363
20
-5.1713867322834641
11
3.2809437007874016
21
-5.1745798818897635
0
LINE
8
BLACK
6
CONTINUOUS
10
3.2809437007874016
20
-5.1745798818897635
11
3.2816929133858266
21
-5.1783464566929132
0
LINE
8
BLACK
6
CONTINUOUS
10
3.2816929133858266
20
-5.1783464566929132
11
3.2816929133858266
21
-5.2216535433070863
0
LINE
8
BLACK
6
CONTINUOUS
10
3.2816929133858266
20
-5.2216535433070863
11
3.2809437007874016
21
-5.225420118110236
0
LINE
8
BLACK
6
CONTINUOUS
10
3.2809437007874016
20
-5.225420118110236
11
3.2788101181102363
21
-5.2286132677165353
0
LINE
8
BLACK
6
CONTINUOUS
10
3.2788101181102363
20
-5.2286132677165353
11
3.2756169685039369
21
-5.2307468503937002
0
LINE
8
BLACK
6
CONTINUOUS
10
3.2756169685039369
20
-5.2307468503937002
11
3.2718503937007872
21
-5.2314960629921261
0
LINE
8
BLACK
6
CONTINUOUS
10
3.2718503937007872
20
-5.2314960629921261
11
3.2285433070866141
21
-5.2314960629921261
0
LINE
8
BLACK
6
CONTINUOUS
10
3.2285433070866141
20
-5.2314960629921261
11
3.2247767322834644
21
-5.2307468503937002
0
LINE
8
BLACK
6
CONTINUOUS
10
3.2247767322834644
20
-5.2307468503937002
11
3.2215835826771655
21
-5.2286132677165353
0
LINE
8
BLACK
6
CONTINUOUS
10
3.2215835826771655
20
-5.2286132677165353
11
3.2194500000000001
21
-5.225420118110236
0
LINE
8
BLACK
6
CONTINUOUS
10
3.2194500000000001
20
-5.225420118110236
11
3.2187007874015747
21
-5.2216535433070863
0
LINE
8
BLACK
6
CONTINUOUS
10
3.2187007874015747
20
-5.2216535433070863
11
3.2187007874015747
21
-5.1783464566929132
0
LINE
8
BLACK
6
CONTINUOUS
10
3.2187007874015747
20
-5.1783464566929132
11
3.2194500000000001
21
-5.1745798818897635
0
LINE
8
BLACK
6
CONTINUOUS
10
3.2194500000000001
20
-5.1745798818897635
11
3.2215835826771655
21
-5.1713867322834641
0
LINE
8
BLACK
6
CONTINUOUS
10
3.2215835826771655
20
-5.1713867322834641
11
3.2247767322834644
21
-5.1692531496062992
0
LINE
8
BLACK
6
CONTINUOUS
10
3.2247767322834644
20
-5.1692531496062992
11
3.2285433070866141
21
-5.1685039370078742
0
LINE
8
BLACK
6
CONTINUOUS
10
3.2285433070866141
20
-5.1685039370078742
11
3.2718503937007872
21
-5.1685039370078742
0
LINE
8
BLACK
6
CONTINUOUS
10
3.2718503937007872
20
-5.1685039370078742
11
3.2756169685039369
21
-5.1692531496062992
0
LINE
8
BLACK
6
CONTINUOUS
10
1.9593396850393701
20
-5.1698601574803149
11
1.9650439763779528
21
-5.1722229527559058
0
LINE
8
BLACK
6
CONTINUOUS
10
1.9650439763779528
20
-5.1722229527559058
11
1.9701777559055118
21
-5.1756532283464569
0
LINE
8
BLACK
6
CONTINUOUS
10
1.9701777559055118
20
-5.1756532283464569
11
1.9745436220472441
21
-5.1800190944881885
0
LINE
8
BLACK
6
CONTINUOUS
10
1.9745436220472441
20
-5.1800190944881885
11
1.9779738976377952
21
-5.1851528740157482
0
LINE
8
BLACK
6
CONTINUOUS
10
1.9779738976377952
20
-5.1851528740157482
11
1.9803366929133859
21
-5.1908571653543305
0
LINE
8
BLACK
6
CONTINUOUS
10
1.9803366929133859
20
-5.1908571653543305
11
1.9815412598425197
21
-5.1969128346456692
0
LINE
8
BLACK
6
CONTINUOUS
10
1.9815412598425197
20
-5.1969128346456692
11
1.9815412598425197
21
-5.2030871653543302
0
LINE
8
BLACK
6
CONTINUOUS
10
1.9815412598425197
20
-5.2030871653543302
11
1.9803366929133859
21
-5.209142834645669
0
LINE
8
BLACK
6
CONTINUOUS
10
1.9803366929133859
20
-5.209142834645669
11
1.9779738976377952
21
-5.2148471259842522
0
LINE
8
BLACK
6
CONTINUOUS
10
1.9779738976377952
20
-5.2148471259842522
11
1.9745436220472441
21
-5.2199809055118109
0
LINE
8
BLACK
6
CONTINUOUS
10
1.9745436220472441
20
-5.2199809055118109
11
1.9701777559055118
21
-5.2243467716535434
0
LINE
8
BLACK
6
CONTINUOUS
10
1.9701777559055118
20
-5.2243467716535434
11
1.9650439763779528
21
-5.2277770472440945
0
LINE
8
BLACK
6
CONTINUOUS
10
1.9650439763779528
20
-5.2277770472440945
11
1.9593396850393701
21
-5.2301398425196846
0
LINE
8
BLACK
6
CONTINUOUS
10
1.9593396850393701
20
-5.2301398425196846
11
1.9532840157480313
21
-5.2313444094488188
0
LINE
8
BLACK
6
CONTINUOUS
10
1.9532840157480313
20
-5.2313444094488188
11
1.9471096850393701
21
-5.2313444094488188
0
LINE
8
BLACK
6
CONTINUOUS
10
1.9471096850393701
20
-5.2313444094488188
11
1.9410540157480314
21
-5.2301398425196846
0
LINE
8
BLACK
6
CONTINUOUS
10
1.9410540157480314
20
-5.2301398425196846
11
1.9353497244094489
21
-5.2277770472440945
0
LINE
8
BLACK
6
CONTINUOUS
10
1.9353497244094489
20
-5.2277770472440945
11
1.9302159448818896
21
-5.2243467716535434
0
LINE
8
BLACK
6
CONTINUOUS
10
1.9302159448818896
20
-5.2243467716535434
11
1.9258500787401573
21
-5.2199809055118109
0
LINE
8
BLACK
6
CONTINUOUS
10
1.9258500787401573
20
-5.2199809055118109
11
1.9224198031496063
21
-5.2148471259842522
0
LINE
8
BLACK
6
CONTINUOUS
10
1.9224198031496063
20
-5.2148471259842522
11
1.9200570078740158
21
-5.209142834645669
0
LINE
8
BLACK
6
CONTINUOUS
10
1.9200570078740158
20
-5.209142834645669
11
1.9188524409448819
21
-5.2030871653543302
0
LINE
8
BLACK
6
CONTINUOUS
10
1.9188524409448819
20
-5.2030871653543302
11
1.9188524409448819
21
-5.1969128346456692
0
LINE
8
BLACK
6
CONTINUOUS
10
1.9188524409448819
20
-5.1969128346456692
11
1.9200570078740158
21
-5.1908571653543305
0
LINE
8
BLACK
6
CONTINUOUS
10
1.9200570078740158
20
-5.1908571653543305
11
1.9224198031496063
21
-5.1851528740157482
0
LINE
8
BLACK
6
CONTINUOUS
10
1.9224198031496063
20
-5.1851528740157482
11
1.9258500787401573
21
-5.1800190944881885
0
LINE
8
BLACK
6
CONTINUOUS
10
1.9258500787401573
20
-5.1800190944881885
11
1.9302159448818896
21
-5.1756532283464569
0
LINE
8
BLACK
6
CONTINUOUS
10
1.9302159448818896
20
-5.1756532283464569
11
1.9353497244094489
21
-5.1722229527559058
0
LINE
8
BLACK
6
CONTINUOUS
10
1.9353497244094489
20
-5.1722229527559058
11
1.9410540157480314
21
-5.1698601574803149
0
LINE
8
BLACK
6
CONTINUOUS
10
1.9410540157480314
20
-5.1698601574803149
11
1.9471096850393701
21
-5.1686555905511806
0
LINE
8
BLACK
6
CONTINUOUS
10
1.9471096850393701
20
-5.1686555905511806
11
1.9532840157480313
21
-5.1686555905511806
0
LINE
8
BLACK
6
CONTINUOUS
10
1.9532840157480313
20
-5.1686555905511806
11
1.9593396850393701
21
-5.1698601574803149
0
LINE
8
BLACK
6
CONTINUOUS
10
3.5593396850393701
20
-5.1698601574803149
11
3.5650439763779529
21
-5.1722229527559058
0
LINE
8
BLACK
6
CONTINUOUS
10
3.5650439763779529
20
-5.1722229527559058
11
3.5701777559055117
21
-5.1756532283464569
0
LINE
8
BLACK
6
CONTINUOUS
10
3.5701777559055117
20
-5.1756532283464569
11
3.5745436220472442
21
-5.1800190944881885
0
LINE
8
BLACK
6
CONTINUOUS
10
3.5745436220472442
20
-5.1800190944881885
11
3.5779738976377953
21
-5.1851528740157482
0
LINE
8
BLACK
6
CONTINUOUS
10
3.5779738976377953
20
-5.1851528740157482
11
3.5803366929133857
21
-5.1908571653543305
0
LINE
8
BLACK
6
CONTINUOUS
10
3.5803366929133857
20
-5.1908571653543305
11
3.5815412598425196
21
-5.1969128346456692
0
LINE
8
BLACK
6
CONTINUOUS
10
3.5815412598425196
20
-5.1969128346456692
11
3.5815412598425196
21
-5.2030871653543302
0
LINE
8
BLACK
6
CONTINUOUS
10
3.5815412598425196
20
-5.2030871653543302
11
3.5803366929133857
21
-5.209142834645669
0
LINE
8
BLACK
6
CONTINUOUS
10
3.5803366929133857
20
-5.209142834645669
11
3.5779738976377953
21
-5.2148471259842522
0
LINE
8
BLACK
6
CONTINUOUS
10
3.5779738976377953
20
-5.2148471259842522
11
3.5745436220472442
21
-5.2199809055118109
0
LINE
8
BLACK
6
CONTINUOUS
10
3.5745436220472442
20
-5.2199809055118109
11
3.5701777559055117
21
-5.2243467716535434
0
LINE
8
BLACK
6
CONTINUOUS
10
3.5701777559055117
20
-5.2243467716535434
11
3.5650439763779529
21
-5.2277770472440945
0
LINE
8
BLACK
6
CONTINUOUS
10
3.5650439763779529
20
-5.2277770472440945
11
3.5593396850393701
21
-5.2301398425196846
0
LINE
8
BLACK
6
CONTINUOUS
10
3.5593396850393701
20
-5.2301398425196846
11
3.5532840157480314
21
-5.2313444094488188
0
LINE
8
BLACK
6
CONTINUOUS
10
3.5532840157480314
20
-5.2313444094488188
11
3.54710968503937
21
-5.2313444094488188
0
LINE
8
BLACK
6
CONTINUOUS
10
3.54710968503937
20
-5.2313444094488188
11
3.5410540157480312
21
-5.2301398425196846
0
LINE
8
BLACK
6
CONTINUOUS
10
3.5410540157480312
20
-5.2301398425196846
11
3.5353497244094489
21
-5.2277770472440945
0
LINE
8
BLACK
6
CONTINUOUS
10
3.5353497244094489
20
-5.2277770472440945
11
3.5302159448818897
21
-5.2243467716535434
0
LINE
8
BLACK
6
CONTINUOUS
10
3.5302159448818897
20
-5.2243467716535434
11
3.5258500787401572
21
-5.2199809055118109
0
LINE
8
BLACK
6
CONTINUOUS
10
3.5258500787401572
20
-5.2199809055118109
11
3.5224198031496061
21
-5.2148471259842522
0
LINE
8
BLACK
6
CONTINUOUS
10
3.5224198031496061
20
-5.2148471259842522
11
3.5200570078740157
21
-5.209142834645669
0
LINE
8
BLACK
6
CONTINUOUS
10
3.5200570078740157
20
-5.209142834645669
11
3.5188524409448818
21
-5.2030871653543302
0
LINE
8
BLACK
6
CONTINUOUS
10
3.5188524409448818
20
-5.2030871653543302
11
3.5188524409448818
21
-5.1969128346456692
0
LINE
8
BLACK
6
CONTINUOUS
10
3.5188524409448818
20
-5.1969128346456692
11
3.5200570078740157
21
-5.1908571653543305
0
LINE
8
BLACK
6
CONTINUOUS
10
3.5200570078740157
20
-5.1908571653543305
11
3.5224198031496061
21
-5.1851528740157482
0
LINE
8
BLACK
6
CONTINUOUS
10
3.5224198031496061
20
-5.1851528740157482
11
3.5258500787401572
21
-5.1800190944881885
0
LINE
8
BLACK
6
CONTINUOUS
10
3.5258500787401572
20
-5.1800190944881885
11
3.5302159448818897
21
-5.1756532283464569
0
LINE
8
BLACK
6
CONTINUOUS
10
3.5302159448818897
20
-5.1756532283464569
11
3.5353497244094489
21
-5.1722229527559058
0
LINE
8
BLACK
6
CONTINUOUS
10
3.5353497244094489
20
-5.1722229527559058
11
3.5410540157480312
21
-5.1698601574803149
0
LINE
8
BLACK
6
CONTINUOUS
10
3.5410540157480312
20
-5.1698601574803149
11
3.54710968503937
21
-5.1686555905511806
0
LINE
8
BLACK
6
CONTINUOUS
10
3.54710968503937
20
-5.1686555905511806
11
3.5532840157480314
21
-5.1686555905511806
0
LINE
8
BLACK
6
CONTINUOUS
10
3.5532840157480314
20
-5.1686555905511806
11
3.5593396850393701
21
-5.1698601574803149
0
LINE
8
BLACK
6
CONTINUOUS
10
1.7581968110236219
20
-5.1736276377952759
11
1.7631881102362204
21
-5.1756950787401577
0
LINE
8
BLACK
6
CONTINUOUS
10
1.7631881102362204
20
-5.1756950787401577
11
1.7676801181102362
21
-5.1786965748031495
0
LINE
8
BLACK
6
CONTINUOUS
10
1.7676801181102362
20
-5.1786965748031495
11
1.7715002755905511
21
-5.1825167322834647
0
LINE
8
BLACK
6
CONTINUOUS
10
1.7715002755905511
20
-5.1825167322834647
11
1.7745017716535432
21
-5.1870087401574798
0
LINE
8
BLACK
6
CONTINUOUS
10
1.7745017716535432
20
-5.1870087401574798
11
1.7765692125984252
21
-5.1920000393700789
0
LINE
8
BLACK
6
CONTINUOUS
10
1.7765692125984252
20
-5.1920000393700789
11
1.7776231889763778
21
-5.1972987401574802
0
LINE
8
BLACK
6
CONTINUOUS
10
1.7776231889763778
20
-5.1972987401574802
11
1.7776231889763778
21
-5.2027012598425193
0
LINE
8
BLACK
6
CONTINUOUS
10
1.7776231889763778
20
-5.2027012598425193
11
1.7765692125984252
21
-5.2079999606299214
0
LINE
8
BLACK
6
CONTINUOUS
10
1.7765692125984252
20
-5.2079999606299214
11
1.7745017716535432
21
-5.2129912598425197
0
LINE
8
BLACK
6
CONTINUOUS
10
1.7745017716535432
20
-5.2129912598425197
11
1.7715002755905511
21
-5.2174832677165357
0
LINE
8
BLACK
6
CONTINUOUS
10
1.7715002755905511
20
-5.2174832677165357
11
1.7676801181102362
21
-5.22130342519685
0
LINE
8
BLACK
6
CONTINUOUS
10
1.7676801181102362
20
-5.22130342519685
11
1.7631881102362204
21
-5.2243049212598427
0
LINE
8
BLACK
6
CONTINUOUS
10
1.7631881102362204
20
-5.2243049212598427
11
1.7581968110236219
21
-5.2263723622047245
0
LINE
8
BLACK
6
CONTINUOUS
10
1.7581968110236219
20
-5.2263723622047245
11
1.7528981102362204
21
-5.2274263385826769
0
LINE
8
BLACK
6
CONTINUOUS
10
1.7528981102362204
20
-5.2274263385826769
11
1.7474955905511811
21
-5.2274263385826769
0
LINE
8
BLACK
6
CONTINUOUS
10
1.7474955905511811
20
-5.2274263385826769
11
1.7421968897637794
21
-5.2263723622047245
0
LINE
8
BLACK
6
CONTINUOUS
10
1.7421968897637794
20
-5.2263723622047245
11
1.737205590551181
21
-5.2243049212598427
0
LINE
8
BLACK
6
CONTINUOUS
10
1.737205590551181
20
-5.2243049212598427
11
1.7327135826771654
21
-5.22130342519685
0
LINE
8
BLACK
6
CONTINUOUS
10
1.7327135826771654
20
-5.22130342519685
11
1.7288934251968504
21
-5.2174832677165357
0
LINE
8
BLACK
6
CONTINUOUS
10
1.7288934251968504
20
-5.2174832677165357
11
1.7258919291338581
21
-5.2129912598425197
0
LINE
8
BLACK
6
CONTINUOUS
10
1.7258919291338581
20
-5.2129912598425197
11
1.7238244881889764
21
-5.2079999606299214
0
LINE
8
BLACK
6
CONTINUOUS
10
1.7238244881889764
20
-5.2079999606299214
11
1.7227705118110235
21
-5.2027012598425193
0
LINE
8
BLACK
6
CONTINUOUS
10
1.7227705118110235
20
-5.2027012598425193
11
1.7227705118110235
21
-5.1972987401574802
0
LINE
8
BLACK
6
CONTINUOUS
10
1.7227705118110235
20
-5.1972987401574802
11
1.7238244881889764
21
-5.1920000393700789
0
LINE
8
BLACK
6
CONTINUOUS
10
1.7238244881889764
20
-5.1920000393700789
11
1.7258919291338581
21
-5.1870087401574798
0
LINE
8
BLACK
6
CONTINUOUS
10
1.7258919291338581
20
-5.1870087401574798
11
1.7288934251968504
21
-5.1825167322834647
0
LINE
8
BLACK
6
CONTINUOUS
10
1.7288934251968504
20
-5.1825167322834647
11
1.7327135826771654
21
-5.1786965748031495
0
LINE
8
BLACK
6
CONTINUOUS
10
1.7327135826771654
20
-5.1786965748031495
11
1.737205590551181
21
-5.1756950787401577
0
LINE
8
BLACK
6
CONTINUOUS
10
1.737205590551181
20
-5.1756950787401577
11
1.7421968897637794
21
-5.1736276377952759
0
LINE
8
BLACK
6
CONTINUOUS
10
1.7421968897637794
20
-5.1736276377952759
11
1.7474955905511811
21
-5.1725736614173226
0
LINE
8
BLACK
6
CONTINUOUS
10
1.7474955905511811
20
-5.1725736614173226
11
1.7528981102362204
21
-5.1725736614173226
0
LINE
8
BLACK
6
CONTINUOUS
10
1.7528981102362204
20
-5.1725736614173226
11
1.7581968110236219
21
-5.1736276377952759
0
LINE
8
BLACK
6
CONTINUOUS
10
2.9079999606299212
20
-5.1736276377952759
11
2.9129912598425198
21
-5.1756950787401577
0
LINE
8
BLACK
6
CONTINUOUS
10
2.9129912598425198
20
-5.1756950787401577
11
2.9174832677165354
21
-5.1786965748031495
0
LINE
8
BLACK
6
CONTINUOUS
10
2.9174832677165354
20
-5.1786965748031495
11
2.9213034251968502
21
-5.1825167322834647
0
LINE
8
BLACK
6
CONTINUOUS
10
2.9213034251968502
20
-5.1825167322834647
11
2.9243049212598424
21
-5.1870087401574798
0
LINE
8
BLACK
6
CONTINUOUS
10
2.9243049212598424
20
-5.1870087401574798
11
2.9263723622047242
21
-5.1920000393700789
0
LINE
8
BLACK
6
CONTINUOUS
10
2.9263723622047242
20
-5.1920000393700789
11
2.9274263385826771
21
-5.1972987401574802
0
LINE
8
BLACK
6
CONTINUOUS
10
2.9274263385826771
20
-5.1972987401574802
11
2.9274263385826771
21
-5.2027012598425193
0
LINE
8
BLACK
6
CONTINUOUS
10
2.9274263385826771
20
-5.2027012598425193
11
2.9263723622047242
21
-5.2079999606299214
0
LINE
8
BLACK
6
CONTINUOUS
10
2.9263723622047242
20
-5.2079999606299214
11
2.9243049212598424
21
-5.2129912598425197
0
LINE
8
BLACK
6
CONTINUOUS
10
2.9243049212598424
20
-5.2129912598425197
11
2.9213034251968502
21
-5.2174832677165357
0
LINE
8
BLACK
6
CONTINUOUS
10
2.9213034251968502
20
-5.2174832677165357
11
2.9174832677165354
21
-5.22130342519685
0
LINE
8
BLACK
6
CONTINUOUS
10
2.9174832677165354
20
-5.22130342519685
11
2.9129912598425198
21
-5.2243049212598427
0
LINE
8
BLACK
6
CONTINUOUS
10
2.9129912598425198
20
-5.2243049212598427
11
2.9079999606299212
21
-5.2263723622047245
0
LINE
8
BLACK
6
CONTINUOUS
10
2.9079999606299212
20
-5.2263723622047245
11
2.9027012598425195
21
-5.2274263385826769
0
LINE
8
BLACK
6
CONTINUOUS
10
2.9027012598425195
20
-5.2274263385826769
11
2.8972987401574803
21
-5.2274263385826769
0
LINE
8
BLACK
6
CONTINUOUS
10
2.8972987401574803
20
-5.2274263385826769
11
2.8920000393700787
21
-5.2263723622047245
0
LINE
8
BLACK
6
CONTINUOUS
10
2.8920000393700787
20
-5.2263723622047245
11
2.8870087401574804
21
-5.2243049212598427
0
LINE
8
BLACK
6
CONTINUOUS
10
2.8870087401574804
20
-5.2243049212598427
11
2.8825167322834644
21
-5.22130342519685
0
LINE
8
BLACK
6
CONTINUOUS
10
2.8825167322834644
20
-5.22130342519685
11
2.8786965748031497
21
-5.2174832677165357
0
LINE
8
BLACK
6
CONTINUOUS
10
2.8786965748031497
20
-5.2174832677165357
11
2.8756950787401574
21
-5.2129912598425197
0
LINE
8
BLACK
6
CONTINUOUS
10
2.8756950787401574
20
-5.2129912598425197
11
2.8736276377952756
21
-5.2079999606299214
0
LINE
8
BLACK
6
CONTINUOUS
10
2.8736276377952756
20
-5.2079999606299214
11
2.8725736614173227
21
-5.2027012598425193
0
LINE
8
BLACK
6
CONTINUOUS
10
2.8725736614173227
20
-5.2027012598425193
11
2.8725736614173227
21
-5.1972987401574802
0
LINE
8
BLACK
6
CONTINUOUS
10
2.8725736614173227
20
-5.1972987401574802
11
2.8736276377952756
21
-5.1920000393700789
0
LINE
8
BLACK
6
CONTINUOUS
10
2.8736276377952756
20
-5.1920000393700789
11
2.8756950787401574
21
-5.1870087401574798
0
LINE
8
BLACK
6
CONTINUOUS
10
2.8756950787401574
20
-5.1870087401574798
11
2.8786965748031497
21
-5.1825167322834647
0
LINE
8
BLACK
6
CONTINUOUS
10
2.8786965748031497
20
-5.1825167322834647
11
2.8825167322834644
21
-5.1786965748031495
0
LINE
8
BLACK
6
CONTINUOUS
10
2.8825167322834644
20
-5.1786965748031495
11
2.8870087401574804
21
-5.1756950787401577
0
LINE
8
BLACK
6
CONTINUOUS
10
2.8870087401574804
20
-5.1756950787401577
11
2.8920000393700787
21
-5.1736276377952759
0
LINE
8
BLACK
6
CONTINUOUS
10
2.8920000393700787
20
-5.1736276377952759
11
2.8972987401574803
21
-5.1725736614173226
0
LINE
8
BLACK
6
CONTINUOUS
10
2.8972987401574803
20
-5.1725736614173226
11
2.9027012598425195
21
-5.1725736614173226
0
LINE
8
BLACK
6
CONTINUOUS
10
2.9027012598425195
20
-5.1725736614173226
11
2.9079999606299212
21
-5.1736276377952759
0
LINE
8
BLACK
6
CONTINUOUS
10
3.8091428346456691
20
-5.0730097637795275
11
3.8148471259842518
21
-5.0753725590551184
0
LINE
8
BLACK
6
CONTINUOUS
10
3.8148471259842518
20
-5.0753725590551184
11
3.819980905511811
21
-5.0788028346456695
0
LINE
8
BLACK
6
CONTINUOUS
10
3.819980905511811
20
-5.0788028346456695
11
3.8243467716535431
21
-5.0831687007874011
0
LINE
8
BLACK
6
CONTINUOUS
10
3.8243467716535431
20
-5.0831687007874011
11
3.8277770472440946
21
-5.0883024803149608
0
LINE
8
BLACK
6
CONTINUOUS
10
3.8277770472440946
20
-5.0883024803149608
11
3.8301398425196851
21
-5.0940067716535431
0
LINE
8
BLACK
6
CONTINUOUS
10
3.8301398425196851
20
-5.0940067716535431
11
3.8313444094488189
21
-5.1000624409448818
0
LINE
8
BLACK
6
CONTINUOUS
10
3.8313444094488189
20
-5.1000624409448818
11
3.8313444094488189
21
-5.1062367716535428
0
LINE
8
BLACK
6
CONTINUOUS
10
3.8313444094488189
20
-5.1062367716535428
11
3.8301398425196851
21
-5.1122924409448816
0
LINE
8
BLACK
6
CONTINUOUS
10
3.8301398425196851
20
-5.1122924409448816
11
3.8277770472440946
21
-5.1179967322834647
0
LINE
8
BLACK
6
CONTINUOUS
10
3.8277770472440946
20
-5.1179967322834647
11
3.8243467716535431
21
-5.1231305118110235
0
LINE
8
BLACK
6
CONTINUOUS
10
3.8243467716535431
20
-5.1231305118110235
11
3.819980905511811
21
-5.127496377952756
0
LINE
8
BLACK
6
CONTINUOUS
10
3.819980905511811
20
-5.127496377952756
11
3.8148471259842518
21
-5.1309266535433071
0
LINE
8
BLACK
6
CONTINUOUS
10
3.8148471259842518
20
-5.1309266535433071
11
3.8091428346456691
21
-5.1332894488188971
0
LINE
8
BLACK
6
CONTINUOUS
10
3.8091428346456691
20
-5.1332894488188971
11
3.8030871653543308
21
-5.1344940157480314
0
LINE
8
BLACK
6
CONTINUOUS
10
3.8030871653543308
20
-5.1344940157480314
11
3.7969128346456693
21
-5.1344940157480314
0
LINE
8
BLACK
6
CONTINUOUS
10
3.7969128346456693
20
-5.1344940157480314
11
3.7908571653543306
21
-5.1332894488188971
0
LINE
8
BLACK
6
CONTINUOUS
10
3.7908571653543306
20
-5.1332894488188971
11
3.7851528740157478
21
-5.1309266535433071
0
LINE
8
BLACK
6
CONTINUOUS
10
3.7851528740157478
20
-5.1309266535433071
11
3.7800190944881891
21
-5.127496377952756
0
LINE
8
BLACK
6
CONTINUOUS
10
3.7800190944881891
20
-5.127496377952756
11
3.7756532283464566
21
-5.1231305118110235
0
LINE
8
BLACK
6
CONTINUOUS
10
3.7756532283464566
20
-5.1231305118110235
11
3.7722229527559055
21
-5.1179967322834647
0
LINE
8
BLACK
6
CONTINUOUS
10
3.7722229527559055
20
-5.1179967322834647
11
3.769860157480315
21
-5.1122924409448816
0
LINE
8
BLACK
6
CONTINUOUS
10
3.769860157480315
20
-5.1122924409448816
11
3.7686555905511812
21
-5.1062367716535428
0
LINE
8
BLACK
6
CONTINUOUS
10
3.7686555905511812
20
-5.1062367716535428
11
3.7686555905511812
21
-5.1000624409448818
0
LINE
8
BLACK
6
CONTINUOUS
10
3.7686555905511812
20
-5.1000624409448818
11
3.769860157480315
21
-5.0940067716535431
0
LINE
8
BLACK
6
CONTINUOUS
10
3.769860157480315
20
-5.0940067716535431
11
3.7722229527559055
21
-5.0883024803149608
0
LINE
8
BLACK
6
CONTINUOUS
10
3.7722229527559055
20
-5.0883024803149608
11
3.7756532283464566
21
-5.0831687007874011
0
LINE
8
BLACK
6
CONTINUOUS
10
3.7756532283464566
20
-5.0831687007874011
11
3.7800190944881891
21
-5.0788028346456695
0
LINE
8
BLACK
6
CONTINUOUS
10
3.7800190944881891
20
-5.0788028346456695
11
3.7851528740157478
21
-5.0753725590551184
0
LINE
8
BLACK
6
CONTINUOUS
10
3.7851528740157478
20
-5.0753725590551184
11
3.7908571653543306
21
-5.0730097637795275
0
LINE
8
BLACK
6
CONTINUOUS
10
3.7908571653543306
20
-5.0730097637795275
11
3.7969128346456693
21
-5.0718051968503932
0
LINE
8
BLACK
6
CONTINUOUS
10
3.7969128346456693
20
-5.0718051968503932
11
3.8030871653543308
21
-5.0718051968503932
0
LINE
8
BLACK
6
CONTINUOUS
10
3.8030871653543308
20
-5.0718051968503932
11
3.8091428346456691
21
-5.0730097637795275
0
LINE
8
BLACK
6
CONTINUOUS
10
0.9097142519685039
20
-5.0679764173228348
11
0.9157750787401575
21
-5.0704868897637798
0
LINE
8
BLACK
6
CONTINUOUS
10
0.9157750787401575
20
-5.0704868897637798
11
0.9212296850393701
21
-5.0741315354330707
0
LINE
8
BLACK
6
CONTINUOUS
10
0.9212296850393701
20
-5.0741315354330707
11
0.9258684645669291
21
-5.0787703149606296
0
LINE
8
BLACK
6
CONTINUOUS
10
0.9258684645669291
20
-5.0787703149606296
11
0.9295131102362204
21
-5.0842249212598425
0
LINE
8
BLACK
6
CONTINUOUS
10
0.9295131102362204
20
-5.0842249212598425
11
0.9320235826771653
21
-5.090285748031496
0
LINE
8
BLACK
6
CONTINUOUS
10
0.9320235826771653
20
-5.090285748031496
11
0.9333034251968504
21
-5.0967198818897641
0
LINE
8
BLACK
6
CONTINUOUS
10
0.9333034251968504
20
-5.0967198818897641
11
0.9333034251968504
21
-5.1032801181102361
0
LINE
8
BLACK
6
CONTINUOUS
10
0.9333034251968504
20
-5.1032801181102361
11
0.9320235826771653
21
-5.1097142519685042
0
LINE
8
BLACK
6
CONTINUOUS
10
0.9320235826771653
20
-5.1097142519685042
11
0.9295131102362204
21
-5.1157750787401577
0
LINE
8
BLACK
6
CONTINUOUS
10
0.9295131102362204
20
-5.1157750787401577
11
0.9258684645669291
21
-5.1212296850393697
0
LINE
8
BLACK
6
CONTINUOUS
10
0.9258684645669291
20
-5.1212296850393697
11
0.9212296850393701
21
-5.1258684645669295
0
LINE
8
BLACK
6
CONTINUOUS
10
0.9212296850393701
20
-5.1258684645669295
11
0.9157750787401575
21
-5.1295131102362204
0
LINE
8
BLACK
6
CONTINUOUS
10
0.9157750787401575
20
-5.1295131102362204
11
0.9097142519685039
21
-5.1320235826771654
0
LINE
8
BLACK
6
CONTINUOUS
10
0.9097142519685039
20
-5.1320235826771654
11
0.9032801181102362
21
-5.1333034251968499
0
LINE
8
BLACK
6
CONTINUOUS
10
0.9032801181102362
20
-5.1333034251968499
11
0.8967198818897638
21
-5.1333034251968499
0
LINE
8
BLACK
6
CONTINUOUS
10
0.8967198818897638
20
-5.1333034251968499
11
0.8902857480314961
21
-5.1320235826771654
0
LINE
8
BLACK
6
CONTINUOUS
10
0.8902857480314961
20
-5.1320235826771654
11
0.8842249212598425
21
-5.1295131102362204
0
LINE
8
BLACK
6
CONTINUOUS
10
0.8842249212598425
20
-5.1295131102362204
11
0.8787703149606299
21
-5.1258684645669295
0
LINE
8
BLACK
6
CONTINUOUS
10
0.8787703149606299
20
-5.1258684645669295
11
0.8741315354330709
21
-5.1212296850393697
0
LINE
8
BLACK
6
CONTINUOUS
10
0.8741315354330709
20
-5.1212296850393697
11
0.8704868897637795
21
-5.1157750787401577
0
LINE
8
BLACK
6
CONTINUOUS
10
0.8704868897637795
20
-5.1157750787401577
11
0.8679764173228346
21
-5.1097142519685042
0
LINE
8
BLACK
6
CONTINUOUS
10
0.8679764173228346
20
-5.1097142519685042
11
0.8666965748031495
21
-5.1032801181102361
0
LINE
8
BLACK
6
CONTINUOUS
10
0.8666965748031495
20
-5.1032801181102361
11
0.8666965748031495
21
-5.0967198818897641
0
LINE
8
BLACK
6
CONTINUOUS
10
0.8666965748031495
20
-5.0967198818897641
11
0.8679764173228346
21
-5.090285748031496
0
LINE
8
BLACK
6
CONTINUOUS
10
0.8679764173228346
20
-5.090285748031496
11
0.8704868897637795
21
-5.0842249212598425
0
LINE
8
BLACK
6
CONTINUOUS
10
0.8704868897637795
20
-5.0842249212598425
11
0.8741315354330709
21
-5.0787703149606296
0
LINE
8
BLACK
6
CONTINUOUS
10
0.8741315354330709
20
-5.0787703149606296
11
0.8787703149606299
21
-5.0741315354330707
0
LINE
8
BLACK
6
CONTINUOUS
10
0.8787703149606299
20
-5.0741315354330707
11
0.8842249212598425
21
-5.0704868897637798
0
LINE
8
BLACK
6
CONTINUOUS
10
0.8842249212598425
20
-5.0704868897637798
11
0.8902857480314961
21
-5.0679764173228348
0
LINE
8
BLACK
6
CONTINUOUS
10
0.8902857480314961
20
-5.0679764173228348
11
0.8967198818897638
21
-5.0666965748031494
0
LINE
8
BLACK
6
CONTINUOUS
10
0.8967198818897638
20
-5.0666965748031494
11
0.9032801181102362
21
-5.0666965748031494
0
LINE
8
BLACK
6
CONTINUOUS
10
0.9032801181102362
20
-5.0666965748031494
11
0.9097142519685039
21
-5.0679764173228348
0
LINE
8
BLACK
6
CONTINUOUS
10
8.8097142519685043
20
-5.0679764173228348
11
8.8157750787401579
21
-5.0704868897637798
0
LINE
8
BLACK
6
CONTINUOUS
10
8.8157750787401579
20
-5.0704868897637798
11
8.8212296850393699
21
-5.0741315354330707
0
LINE
8
BLACK
6
CONTINUOUS
10
8.8212296850393699
20
-5.0741315354330707
11
8.8258684645669288
21
-5.0787703149606296
0
LINE
8
BLACK
6
CONTINUOUS
10
8.8258684645669288
20
-5.0787703149606296
11
8.8295131102362205
21
-5.0842249212598425
0
LINE
8
BLACK
6
CONTINUOUS
10
8.8295131102362205
20
-5.0842249212598425
11
8.8320235826771647
21
-5.090285748031496
0
LINE
8
BLACK
6
CONTINUOUS
10
8.8320235826771647
20
-5.090285748031496
11
8.833303425196851
21
-5.0967198818897641
0
LINE
8
BLACK
6
CONTINUOUS
10
8.833303425196851
20
-5.0967198818897641
11
8.833303425196851
21
-5.1032801181102361
0
LINE
8
BLACK
6
CONTINUOUS
10
8.833303425196851
20
-5.1032801181102361
11
8.8320235826771647
21
-5.1097142519685042
0
LINE
8
BLACK
6
CONTINUOUS
10
8.8320235826771647
20
-5.1097142519685042
11
8.8295131102362205
21
-5.1157750787401577
0
LINE
8
BLACK
6
CONTINUOUS
10
8.8295131102362205
20
-5.1157750787401577
11
8.8258684645669288
21
-5.1212296850393697
0
LINE
8
BLACK
6
CONTINUOUS
10
8.8258684645669288
20
-5.1212296850393697
11
8.8212296850393699
21
-5.1258684645669295
0
LINE
8
BLACK
6
CONTINUOUS
10
8.8212296850393699
20
-5.1258684645669295
11
8.8157750787401579
21
-5.1295131102362204
0
LINE
8
BLACK
6
CONTINUOUS
10
8.8157750787401579
20
-5.1295131102362204
11
8.8097142519685043
21
-5.1320235826771654
0
LINE
8
BLACK
6
CONTINUOUS
10
8.8097142519685043
20
-5.1320235826771654
11
8.8032801181102354
21
-5.1333034251968499
0
LINE
8
BLACK
6
CONTINUOUS
10
8.8032801181102354
20
-5.1333034251968499
11
8.7967198818897643
21
-5.1333034251968499
0
LINE
8
BLACK
6
CONTINUOUS
10
8.7967198818897643
20
-5.1333034251968499
11
8.7902857480314953
21
-5.1320235826771654
0
LINE
8
BLACK
6
CONTINUOUS
10
8.7902857480314953
20
-5.1320235826771654
11
8.7842249212598418
21
-5.1295131102362204
0
LINE
8
BLACK
6
CONTINUOUS
10
8.7842249212598418
20
-5.1295131102362204
11
8.7787703149606298
21
-5.1258684645669295
0
LINE
8
BLACK
6
CONTINUOUS
10
8.7787703149606298
20
-5.1258684645669295
11
8.7741315354330709
21
-5.1212296850393697
0
LINE
8
BLACK
6
CONTINUOUS
10
8.7741315354330709
20
-5.1212296850393697
11
8.7704868897637791
21
-5.1157750787401577
0
LINE
8
BLACK
6
CONTINUOUS
10
8.7704868897637791
20
-5.1157750787401577
11
8.7679764173228349
21
-5.1097142519685042
0
LINE
8
BLACK
6
CONTINUOUS
10
8.7679764173228349
20
-5.1097142519685042
11
8.7666965748031487
21
-5.1032801181102361
0
LINE
8
BLACK
6
CONTINUOUS
10
8.7666965748031487
20
-5.1032801181102361
11
8.7666965748031487
21
-5.0967198818897641
0
LINE
8
BLACK
6
CONTINUOUS
10
8.7666965748031487
20
-5.0967198818897641
11
8.7679764173228349
21
-5.090285748031496
0
LINE
8
BLACK
6
CONTINUOUS
10
8.7679764173228349
20
-5.090285748031496
11
8.7704868897637791
21
-5.0842249212598425
0
LINE
8
BLACK
6
CONTINUOUS
10
8.7704868897637791
20
-5.0842249212598425
11
8.7741315354330709
21
-5.0787703149606296
0
LINE
8
BLACK
6
CONTINUOUS
10
8.7741315354330709
20
-5.0787703149606296
11
8.7787703149606298
21
-5.0741315354330707
0
LINE
8
BLACK
6
CONTINUOUS
10
8.7787703149606298
20
-5.0741315354330707
11
8.7842249212598418
21
-5.0704868897637798
0
LINE
8
BLACK
6
CONTINUOUS
10
8.7842249212598418
20
-5.0704868897637798
11
8.7902857480314953
21
-5.0679764173228348
0
LINE
8
BLACK
6
CONTINUOUS
10
8.7902857480314953
20
-5.0679764173228348
11
8.7967198818897643
21
-5.0666965748031494
0
LINE
8
BLACK
6
CONTINUOUS
10
8.7967198818897643
20
-5.0666965748031494
11
8.8032801181102354
21
-5.0666965748031494
0
LINE
8
BLACK
6
CONTINUOUS
10
8.8032801181102354
20
-5.0666965748031494
11
8.8097142519685043
21
-5.0679764173228348
0
LINE
8
BLACK
6
CONTINUOUS
10
8.909714251968504
20
-5.0679764173228348
11
8.9157750787401575
21
-5.0704868897637798
0
LINE
8
BLACK
6
CONTINUOUS
10
8.9157750787401575
20
-5.0704868897637798
11
8.9212296850393695
21
-5.0741315354330707
0
LINE
8
BLACK
6
CONTINUOUS
10
8.9212296850393695
20
-5.0741315354330707
11
8.9258684645669284
21
-5.0787703149606296
0
LINE
8
BLACK
6
CONTINUOUS
10
8.9258684645669284
20
-5.0787703149606296
11
8.9295131102362202
21
-5.0842249212598425
0
LINE
8
BLACK
6
CONTINUOUS
10
8.9295131102362202
20
-5.0842249212598425
11
8.9320235826771643
21
-5.090285748031496
0
LINE
8
BLACK
6
CONTINUOUS
10
8.9320235826771643
20
-5.090285748031496
11
8.9333034251968506
21
-5.0967198818897641
0
LINE
8
BLACK
6
CONTINUOUS
10
8.9333034251968506
20
-5.0967198818897641
11
8.9333034251968506
21
-5.1032801181102361
0
LINE
8
BLACK
6
CONTINUOUS
10
8.9333034251968506
20
-5.1032801181102361
11
8.9320235826771643
21
-5.1097142519685042
0
LINE
8
BLACK
6
CONTINUOUS
10
8.9320235826771643
20
-5.1097142519685042
11
8.9295131102362202
21
-5.1157750787401577
0
LINE
8
BLACK
6
CONTINUOUS
10
8.9295131102362202
20
-5.1157750787401577
11
8.9258684645669284
21
-5.1212296850393697
0
LINE
8
BLACK
6
CONTINUOUS
10
8.9258684645669284
20
-5.1212296850393697
11
8.9212296850393695
21
-5.1258684645669295
0
LINE
8
BLACK
6
CONTINUOUS
10
8.9212296850393695
20
-5.1258684645669295
11
8.9157750787401575
21
-5.1295131102362204
0
LINE
8
BLACK
6
CONTINUOUS
10
8.9157750787401575
20
-5.1295131102362204
11
8.909714251968504
21
-5.1320235826771654
0
LINE
8
BLACK
6
CONTINUOUS
10
8.909714251968504
20
-5.1320235826771654
11
8.9032801181102368
21
-5.1333034251968499
0
LINE
8
BLACK
6
CONTINUOUS
10
8.9032801181102368
20
-5.1333034251968499
11
8.8967198818897639
21
-5.1333034251968499
0
LINE
8
BLACK
6
CONTINUOUS
10
8.8967198818897639
20
-5.1333034251968499
11
8.8902857480314967
21
-5.1320235826771654
0
LINE
8
BLACK
6
CONTINUOUS
10
8.8902857480314967
20
-5.1320235826771654
11
8.8842249212598432
21
-5.1295131102362204
0
LINE
8
BLACK
6
CONTINUOUS
10
8.8842249212598432
20
-5.1295131102362204
11
8.8787703149606294
21
-5.1258684645669295
0
LINE
8
BLACK
6
CONTINUOUS
10
8.8787703149606294
20
-5.1258684645669295
11
8.8741315354330705
21
-5.1212296850393697
0
LINE
8
BLACK
6
CONTINUOUS
10
8.8741315354330705
20
-5.1212296850393697
11
8.8704868897637787
21
-5.1157750787401577
0
LINE
8
BLACK
6
CONTINUOUS
10
8.8704868897637787
20
-5.1157750787401577
11
8.8679764173228346
21
-5.1097142519685042
0
LINE
8
BLACK
6
CONTINUOUS
10
8.8679764173228346
20
-5.1097142519685042
11
8.8666965748031501
21
-5.1032801181102361
0
LINE
8
BLACK
6
CONTINUOUS
10
8.8666965748031501
20
-5.1032801181102361
11
8.8666965748031501
21
-5.0967198818897641
0
LINE
8
BLACK
6
CONTINUOUS
10
8.8666965748031501
20
-5.0967198818897641
11
8.8679764173228346
21
-5.090285748031496
0
LINE
8
BLACK
6
CONTINUOUS
10
8.8679764173228346
20
-5.090285748031496
11
8.8704868897637787
21
-5.0842249212598425
0
LINE
8
BLACK
6
CONTINUOUS
10
8.8704868897637787
20
-5.0842249212598425
11
8.8741315354330705
21
-5.0787703149606296
0
LINE
8
BLACK
6
CONTINUOUS
10
8.8741315354330705
20
-5.0787703149606296
11
8.8787703149606294
21
-5.0741315354330707
0
LINE
8
BLACK
6
CONTINUOUS
10
8.8787703149606294
20
-5.0741315354330707
11
8.8842249212598432
21
-5.0704868897637798
0
LINE
8
BLACK
6
CONTINUOUS
10
8.8842249212598432
20
-5.0704868897637798
11
8.8902857480314967
21
-5.0679764173228348
0
LINE
8
BLACK
6
CONTINUOUS
10
8.8902857480314967
20
-5.0679764173228348
11
8.8967198818897639
21
-5.0666965748031494
0
LINE
8
BLACK
6
CONTINUOUS
10
8.8967198818897639
20
-5.0666965748031494
11
8.9032801181102368
21
-5.0666965748031494
0
LINE
8
BLACK
6
CONTINUOUS
10
8.9032801181102368
20
-5.0666965748031494
11
8.909714251968504
21
-5.0679764173228348
0
LINE
8
BLACK
6
CONTINUOUS
10
10.409714251968504
20
-5.0679764173228348
11
10.4157750787401575
21
-5.0704868897637798
0
LINE
8
BLACK
6
CONTINUOUS
10
10.4157750787401575
20
-5.0704868897637798
11
10.4212296850393695
21
-5.0741315354330707
0
LINE
8
BLACK
6
CONTINUOUS
10
10.4212296850393695
20
-5.0741315354330707
11
10.4258684645669284
21
-5.0787703149606296
0
LINE
8
BLACK
6
CONTINUOUS
10
10.4258684645669284
20
-5.0787703149606296
11
10.4295131102362202
21
-5.0842249212598425
0
LINE
8
BLACK
6
CONTINUOUS
10
10.4295131102362202
20
-5.0842249212598425
11
10.4320235826771643
21
-5.090285748031496
0
LINE
8
BLACK
6
CONTINUOUS
10
10.4320235826771643
20
-5.090285748031496
11
10.4333034251968506
21
-5.0967198818897641
0
LINE
8
BLACK
6
CONTINUOUS
10
10.4333034251968506
20
-5.0967198818897641
11
10.4333034251968506
21
-5.1032801181102361
0
LINE
8
BLACK
6
CONTINUOUS
10
10.4333034251968506
20
-5.1032801181102361
11
10.4320235826771643
21
-5.1097142519685042
0
LINE
8
BLACK
6
CONTINUOUS
10
10.4320235826771643
20
-5.1097142519685042
11
10.4295131102362202
21
-5.1157750787401577
0
LINE
8
BLACK
6
CONTINUOUS
10
10.4295131102362202
20
-5.1157750787401577
11
10.4258684645669284
21
-5.1212296850393697
0
LINE
8
BLACK
6
CONTINUOUS
10
10.4258684645669284
20
-5.1212296850393697
11
10.4212296850393695
21
-5.1258684645669295
0
LINE
8
BLACK
6
CONTINUOUS
10
10.4212296850393695
20
-5.1258684645669295
11
10.4157750787401575
21
-5.1295131102362204
0
LINE
8
BLACK
6
CONTINUOUS
10
10.4157750787401575
20
-5.1295131102362204
11
10.409714251968504
21
-5.1320235826771654
0
LINE
8
BLACK
6
CONTINUOUS
10
10.409714251968504
20
-5.1320235826771654
11
10.4032801181102368
21
-5.1333034251968499
0
LINE
8
BLACK
6
CONTINUOUS
10
10.4032801181102368
20
-5.1333034251968499
11
10.3967198818897639
21
-5.1333034251968499
0
LINE
8
BLACK
6
CONTINUOUS
10
10.3967198818897639
20
-5.1333034251968499
11
10.390285748031495
21
-5.1320235826771654
0
LINE
8
BLACK
6
CONTINUOUS
10
10.390285748031495
20
-5.1320235826771654
11
10.3842249212598414
21
-5.1295131102362204
0
LINE
8
BLACK
6
CONTINUOUS
10
10.3842249212598414
20
-5.1295131102362204
11
10.3787703149606294
21
-5.1258684645669295
0
LINE
8
BLACK
6
CONTINUOUS
10
10.3787703149606294
20
-5.1258684645669295
11
10.3741315354330705
21
-5.1212296850393697
0
LINE
8
BLACK
6
CONTINUOUS
10
10.3741315354330705
20
-5.1212296850393697
11
10.3704868897637787
21
-5.1157750787401577
0
LINE
8
BLACK
6
CONTINUOUS
10
10.3704868897637787
20
-5.1157750787401577
11
10.3679764173228346
21
-5.1097142519685042
0
LINE
8
BLACK
6
CONTINUOUS
10
10.3679764173228346
20
-5.1097142519685042
11
10.3666965748031501
21
-5.1032801181102361
0
LINE
8
BLACK
6
CONTINUOUS
10
10.3666965748031501
20
-5.1032801181102361
11
10.3666965748031501
21
-5.0967198818897641
0
LINE
8
BLACK
6
CONTINUOUS
10
10.3666965748031501
20
-5.0967198818897641
11
10.3679764173228346
21
-5.090285748031496
0
LINE
8
BLACK
6
CONTINUOUS
10
10.3679764173228346
20
-5.090285748031496
11
10.3704868897637787
21
-5.0842249212598425
0
LINE
8
BLACK
6
CONTINUOUS
10
10.3704868897637787
20
-5.0842249212598425
11
10.3741315354330705
21
-5.0787703149606296
0
LINE
8
BLACK
6
CONTINUOUS
10
10.3741315354330705
20
-5.0787703149606296
11
10.3787703149606294
21
-5.0741315354330707
0
LINE
8
BLACK
6
CONTINUOUS
10
10.3787703149606294
20
-5.0741315354330707
11
10.3842249212598414
21
-5.0704868897637798
0
LINE
8
BLACK
6
CONTINUOUS
10
10.3842249212598414
20
-5.0704868897637798
11
10.390285748031495
21
-5.0679764173228348
0
LINE
8
BLACK
6
CONTINUOUS
10
10.390285748031495
20
-5.0679764173228348
11
10.3967198818897639
21
-5.0666965748031494
0
LINE
8
BLACK
6
CONTINUOUS
10
10.3967198818897639
20
-5.0666965748031494
11
10.4032801181102368
21
-5.0666965748031494
0
LINE
8
BLACK
6
CONTINUOUS
10
10.4032801181102368
20
-5.0666965748031494
11
10.409714251968504
21
-5.0679764173228348
0
LINE
8
BLACK
6
CONTINUOUS
10
3.0581968110236222
20
-5.0736276377952754
11
3.0631881102362204
21
-5.0756950787401571
0
LINE
8
BLACK
6
CONTINUOUS
10
3.0631881102362204
20
-5.0756950787401571
11
3.067680118110236
21
-5.0786965748031498
0
LINE
8
BLACK
6
CONTINUOUS
10
3.067680118110236
20
-5.0786965748031498
11
3.0715002755905512
21
-5.0825167322834641
0
LINE
8
BLACK
6
CONTINUOUS
10
3.0715002755905512
20
-5.0825167322834641
11
3.0745017716535434
21
-5.0870087401574802
0
LINE
8
BLACK
6
CONTINUOUS
10
3.0745017716535434
20
-5.0870087401574802
11
3.0765692125984252
21
-5.0920000393700784
0
LINE
8
BLACK
6
CONTINUOUS
10
3.0765692125984252
20
-5.0920000393700784
11
3.0776231889763781
21
-5.0972987401574805
0
LINE
8
BLACK
6
CONTINUOUS
10
3.0776231889763781
20
-5.0972987401574805
11
3.0776231889763781
21
-5.1027012598425197
0
LINE
8
BLACK
6
CONTINUOUS
10
3.0776231889763781
20
-5.1027012598425197
11
3.0765692125984252
21
-5.1079999606299209
0
LINE
8
BLACK
6
CONTINUOUS
10
3.0765692125984252
20
-5.1079999606299209
11
3.0745017716535434
21
-5.11299125984252
0
LINE
8
BLACK
6
CONTINUOUS
10
3.0745017716535434
20
-5.11299125984252
11
3.0715002755905512
21
-5.1174832677165352
0
LINE
8
BLACK
6
CONTINUOUS
10
3.0715002755905512
20
-5.1174832677165352
11
3.067680118110236
21
-5.1213034251968503
0
LINE
8
BLACK
6
CONTINUOUS
10
3.067680118110236
20
-5.1213034251968503
11
3.0631881102362204
21
-5.1243049212598422
0
LINE
8
BLACK
6
CONTINUOUS
10
3.0631881102362204
20
-5.1243049212598422
11
3.0581968110236222
21
-5.1263723622047239
0
LINE
8
BLACK
6
CONTINUOUS
10
3.0581968110236222
20
-5.1263723622047239
11
3.0528981102362205
21
-5.1274263385826773
0
LINE
8
BLACK
6
CONTINUOUS
10
3.0528981102362205
20
-5.1274263385826773
11
3.0474955905511809
21
-5.1274263385826773
0
LINE
8
BLACK
6
CONTINUOUS
10
3.0474955905511809
20
-5.1274263385826773
11
3.0421968897637797
21
-5.1263723622047239
0
LINE
8
BLACK
6
CONTINUOUS
10
3.0421968897637797
20
-5.1263723622047239
11
3.037205590551181
21
-5.1243049212598422
0
LINE
8
BLACK
6
CONTINUOUS
10
3.037205590551181
20
-5.1243049212598422
11
3.0327135826771654
21
-5.1213034251968503
0
LINE
8
BLACK
6
CONTINUOUS
10
3.0327135826771654
20
-5.1213034251968503
11
3.0288934251968502
21
-5.1174832677165352
0
LINE
8
BLACK
6
CONTINUOUS
10
3.0288934251968502
20
-5.1174832677165352
11
3.0258919291338584
21
-5.11299125984252
0
LINE
8
BLACK
6
CONTINUOUS
10
3.0258919291338584
20
-5.11299125984252
11
3.0238244881889762
21
-5.1079999606299209
0
LINE
8
BLACK
6
CONTINUOUS
10
3.0238244881889762
20
-5.1079999606299209
11
3.0227705118110237
21
-5.1027012598425197
0
LINE
8
BLACK
6
CONTINUOUS
10
3.0227705118110237
20
-5.1027012598425197
11
3.0227705118110237
21
-5.0972987401574805
0
LINE
8
BLACK
6
CONTINUOUS
10
3.0227705118110237
20
-5.0972987401574805
11
3.0238244881889762
21
-5.0920000393700784
0
LINE
8
BLACK
6
CONTINUOUS
10
3.0238244881889762
20
-5.0920000393700784
11
3.0258919291338584
21
-5.0870087401574802
0
LINE
8
BLACK
6
CONTINUOUS
10
3.0258919291338584
20
-5.0870087401574802
11
3.0288934251968502
21
-5.0825167322834641
0
LINE
8
BLACK
6
CONTINUOUS
10
3.0288934251968502
20
-5.0825167322834641
11
3.0327135826771654
21
-5.0786965748031498
0
LINE
8
BLACK
6
CONTINUOUS
10
3.0327135826771654
20
-5.0786965748031498
11
3.037205590551181
21
-5.0756950787401571
0
LINE
8
BLACK
6
CONTINUOUS
10
3.037205590551181
20
-5.0756950787401571
11
3.0421968897637797
21
-5.0736276377952754
0
LINE
8
BLACK
6
CONTINUOUS
10
3.0421968897637797
20
-5.0736276377952754
11
3.0474955905511809
21
-5.0725736614173229
0
LINE
8
BLACK
6
CONTINUOUS
10
3.0474955905511809
20
-5.0725736614173229
11
3.0528981102362205
21
-5.0725736614173229
0
LINE
8
BLACK
6
CONTINUOUS
10
3.0528981102362205
20
-5.0725736614173229
11
3.0581968110236222
21
-5.0736276377952754
0
LINE
8
BLACK
6
CONTINUOUS
10
3.6079999606299213
20
-5.0736276377952754
11
3.6129912598425196
21
-5.0756950787401571
0
LINE
8
BLACK
6
CONTINUOUS
10
3.6129912598425196
20
-5.0756950787401571
11
3.6174832677165352
21
-5.0786965748031498
0
LINE
8
BLACK
6
CONTINUOUS
10
3.6174832677165352
20
-5.0786965748031498
11
3.6213034251968503
21
-5.0825167322834641
0
LINE
8
BLACK
6
CONTINUOUS
10
3.6213034251968503
20
-5.0825167322834641
11
3.6243049212598426
21
-5.0870087401574802
0
LINE
8
BLACK
6
CONTINUOUS
10
3.6243049212598426
20
-5.0870087401574802
11
3.6263723622047244
21
-5.0920000393700784
0
LINE
8
BLACK
6
CONTINUOUS
10
3.6263723622047244
20
-5.0920000393700784
11
3.6274263385826773
21
-5.0972987401574805
0
LINE
8
BLACK
6
CONTINUOUS
10
3.6274263385826773
20
-5.0972987401574805
11
3.6274263385826773
21
-5.1027012598425197
0
LINE
8
BLACK
6
CONTINUOUS
10
3.6274263385826773
20
-5.1027012598425197
11
3.6263723622047244
21
-5.1079999606299209
0
LINE
8
BLACK
6
CONTINUOUS
10
3.6263723622047244
20
-5.1079999606299209
11
3.6243049212598426
21
-5.11299125984252
0
LINE
8
BLACK
6
CONTINUOUS
10
3.6243049212598426
20
-5.11299125984252
11
3.6213034251968503
21
-5.1174832677165352
0
LINE
8
BLACK
6
CONTINUOUS
10
3.6213034251968503
20
-5.1174832677165352
11
3.6174832677165352
21
-5.1213034251968503
0
LINE
8
BLACK
6
CONTINUOUS
10
3.6174832677165352
20
-5.1213034251968503
11
3.6129912598425196
21
-5.1243049212598422
0
LINE
8
BLACK
6
CONTINUOUS
10
3.6129912598425196
20
-5.1243049212598422
11
3.6079999606299213
21
-5.1263723622047239
0
LINE
8
BLACK
6
CONTINUOUS
10
3.6079999606299213
20
-5.1263723622047239
11
3.6027012598425197
21
-5.1274263385826773
0
LINE
8
BLACK
6
CONTINUOUS
10
3.6027012598425197
20
-5.1274263385826773
11
3.5972987401574801
21
-5.1274263385826773
0
LINE
8
BLACK
6
CONTINUOUS
10
3.5972987401574801
20
-5.1274263385826773
11
3.5920000393700788
21
-5.1263723622047239
0
LINE
8
BLACK
6
CONTINUOUS
10
3.5920000393700788
20
-5.1263723622047239
11
3.5870087401574802
21
-5.1243049212598422
0
LINE
8
BLACK
6
CONTINUOUS
10
3.5870087401574802
20
-5.1243049212598422
11
3.5825167322834646
21
-5.1213034251968503
0
LINE
8
BLACK
6
CONTINUOUS
10
3.5825167322834646
20
-5.1213034251968503
11
3.5786965748031494
21
-5.1174832677165352
0
LINE
8
BLACK
6
CONTINUOUS
10
3.5786965748031494
20
-5.1174832677165352
11
3.5756950787401576
21
-5.11299125984252
0
LINE
8
BLACK
6
CONTINUOUS
10
3.5756950787401576
20
-5.11299125984252
11
3.5736276377952754
21
-5.1079999606299209
0
LINE
8
BLACK
6
CONTINUOUS
10
3.5736276377952754
20
-5.1079999606299209
11
3.5725736614173229
21
-5.1027012598425197
0
LINE
8
BLACK
6
CONTINUOUS
10
3.5725736614173229
20
-5.1027012598425197
11
3.5725736614173229
21
-5.0972987401574805
0
LINE
8
BLACK
6
CONTINUOUS
10
3.5725736614173229
20
-5.0972987401574805
11
3.5736276377952754
21
-5.0920000393700784
0
LINE
8
BLACK
6
CONTINUOUS
10
3.5736276377952754
20
-5.0920000393700784
11
3.5756950787401576
21
-5.0870087401574802
0
LINE
8
BLACK
6
CONTINUOUS
10
3.5756950787401576
20
-5.0870087401574802
11
3.5786965748031494
21
-5.0825167322834641
0
LINE
8
BLACK
6
CONTINUOUS
10
3.5786965748031494
20
-5.0825167322834641
11
3.5825167322834646
21
-5.0786965748031498
0
LINE
8
BLACK
6
CONTINUOUS
10
3.5825167322834646
20
-5.0786965748031498
11
3.5870087401574802
21
-5.0756950787401571
0
LINE
8
BLACK
6
CONTINUOUS
10
3.5870087401574802
20
-5.0756950787401571
11
3.5920000393700788
21
-5.0736276377952754
0
LINE
8
BLACK
6
CONTINUOUS
10
3.5920000393700788
20
-5.0736276377952754
11
3.5972987401574801
21
-5.0725736614173229
0
LINE
8
BLACK
6
CONTINUOUS
10
3.5972987401574801
20
-5.0725736614173229
11
3.6027012598425197
21
-5.0725736614173229
0
LINE
8
BLACK
6
CONTINUOUS
10
3.6027012598425197
20
-5.0725736614173229
11
3.6079999606299213
21
-5.0736276377952754
0
LINE
8
BLACK
6
CONTINUOUS
10
4.0581968110236222
20
-5.0736276377952754
11
4.0631881102362204
21
-5.0756950787401571
0
LINE
8
BLACK
6
CONTINUOUS
10
4.0631881102362204
20
-5.0756950787401571
11
4.0676801181102364
21
-5.0786965748031498
0
LINE
8
BLACK
6
CONTINUOUS
10
4.0676801181102364
20
-5.0786965748031498
11
4.0715002755905507
21
-5.0825167322834641
0
LINE
8
BLACK
6
CONTINUOUS
10
4.0715002755905507
20
-5.0825167322834641
11
4.0745017716535434
21
-5.0870087401574802
0
LINE
8
BLACK
6
CONTINUOUS
10
4.0745017716535434
20
-5.0870087401574802
11
4.0765692125984252
21
-5.0920000393700784
0
LINE
8
BLACK
6
CONTINUOUS
10
4.0765692125984252
20
-5.0920000393700784
11
4.0776231889763777
21
-5.0972987401574805
0
LINE
8
BLACK
6
CONTINUOUS
10
4.0776231889763777
20
-5.0972987401574805
11
4.0776231889763777
21
-5.1027012598425197
0
LINE
8
BLACK
6
CONTINUOUS
10
4.0776231889763777
20
-5.1027012598425197
11
4.0765692125984252
21
-5.1079999606299209
0
LINE
8
BLACK
6
CONTINUOUS
10
4.0765692125984252
20
-5.1079999606299209
11
4.0745017716535434
21
-5.11299125984252
0
LINE
8
BLACK
6
CONTINUOUS
10
4.0745017716535434
20
-5.11299125984252
11
4.0715002755905507
21
-5.1174832677165352
0
LINE
8
BLACK
6
CONTINUOUS
10
4.0715002755905507
20
-5.1174832677165352
11
4.0676801181102364
21
-5.1213034251968503
0
LINE
8
BLACK
6
CONTINUOUS
10
4.0676801181102364
20
-5.1213034251968503
11
4.0631881102362204
21
-5.1243049212598422
0
LINE
8
BLACK
6
CONTINUOUS
10
4.0631881102362204
20
-5.1243049212598422
11
4.0581968110236222
21
-5.1263723622047239
0
LINE
8
BLACK
6
CONTINUOUS
10
4.0581968110236222
20
-5.1263723622047239
11
4.05289811023622
21
-5.1274263385826773
0
LINE
8
BLACK
6
CONTINUOUS
10
4.05289811023622
20
-5.1274263385826773
11
4.0474955905511809
21
-5.1274263385826773
0
LINE
8
BLACK
6
CONTINUOUS
10
4.0474955905511809
20
-5.1274263385826773
11
4.0421968897637797
21
-5.1263723622047239
0
LINE
8
BLACK
6
CONTINUOUS
10
4.0421968897637797
20
-5.1263723622047239
11
4.0372055905511814
21
-5.1243049212598422
0
LINE
8
BLACK
6
CONTINUOUS
10
4.0372055905511814
20
-5.1243049212598422
11
4.0327135826771654
21
-5.1213034251968503
0
LINE
8
BLACK
6
CONTINUOUS
10
4.0327135826771654
20
-5.1213034251968503
11
4.0288934251968502
21
-5.1174832677165352
0
LINE
8
BLACK
6
CONTINUOUS
10
4.0288934251968502
20
-5.1174832677165352
11
4.0258919291338584
21
-5.11299125984252
0
LINE
8
BLACK
6
CONTINUOUS
10
4.0258919291338584
20
-5.11299125984252
11
4.0238244881889766
21
-5.1079999606299209
0
LINE
8
BLACK
6
CONTINUOUS
10
4.0238244881889766
20
-5.1079999606299209
11
4.0227705118110233
21
-5.1027012598425197
0
LINE
8
BLACK
6
CONTINUOUS
10
4.0227705118110233
20
-5.1027012598425197
11
4.0227705118110233
21
-5.0972987401574805
0
LINE
8
BLACK
6
CONTINUOUS
10
4.0227705118110233
20
-5.0972987401574805
11
4.0238244881889766
21
-5.0920000393700784
0
LINE
8
BLACK
6
CONTINUOUS
10
4.0238244881889766
20
-5.0920000393700784
11
4.0258919291338584
21
-5.0870087401574802
0
LINE
8
BLACK
6
CONTINUOUS
10
4.0258919291338584
20
-5.0870087401574802
11
4.0288934251968502
21
-5.0825167322834641
0
LINE
8
BLACK
6
CONTINUOUS
10
4.0288934251968502
20
-5.0825167322834641
11
4.0327135826771654
21
-5.0786965748031498
0
LINE
8
BLACK
6
CONTINUOUS
10
4.0327135826771654
20
-5.0786965748031498
11
4.0372055905511814
21
-5.0756950787401571
0
LINE
8
BLACK
6
CONTINUOUS
10
4.0372055905511814
20
-5.0756950787401571
11
4.0421968897637797
21
-5.0736276377952754
0
LINE
8
BLACK
6
CONTINUOUS
10
4.0421968897637797
20
-5.0736276377952754
11
4.0474955905511809
21
-5.0725736614173229
0
LINE
8
BLACK
6
CONTINUOUS
10
4.0474955905511809
20
-5.0725736614173229
11
4.05289811023622
21
-5.0725736614173229
0
LINE
8
BLACK
6
CONTINUOUS
10
4.05289811023622
20
-5.0725736614173229
11
4.0581968110236222
21
-5.0736276377952754
0
LINE
8
BLACK
6
CONTINUOUS
10
7.3079999606299211
20
-5.0736276377952754
11
7.3129912598425193
21
-5.0756950787401571
0
LINE
8
BLACK
6
CONTINUOUS
10
7.3129912598425193
20
-5.0756950787401571
11
7.3174832677165353
21
-5.0786965748031498
0
LINE
8
BLACK
6
CONTINUOUS
10
7.3174832677165353
20
-5.0786965748031498
11
7.3213034251968505
21
-5.0825167322834641
0
LINE
8
BLACK
6
CONTINUOUS
10
7.3213034251968505
20
-5.0825167322834641
11
7.3243049212598423
21
-5.0870087401574802
0
LINE
8
BLACK
6
CONTINUOUS
10
7.3243049212598423
20
-5.0870087401574802
11
7.3263723622047241
21
-5.0920000393700784
0
LINE
8
BLACK
6
CONTINUOUS
10
7.3263723622047241
20
-5.0920000393700784
11
7.3274263385826766
21
-5.0972987401574805
0
LINE
8
BLACK
6
CONTINUOUS
10
7.3274263385826766
20
-5.0972987401574805
11
7.3274263385826766
21
-5.1027012598425197
0
LINE
8
BLACK
6
CONTINUOUS
10
7.3274263385826766
20
-5.1027012598425197
11
7.3263723622047241
21
-5.1079999606299209
0
LINE
8
BLACK
6
CONTINUOUS
10
7.3263723622047241
20
-5.1079999606299209
11
7.3243049212598423
21
-5.11299125984252
0
LINE
8
BLACK
6
CONTINUOUS
10
7.3243049212598423
20
-5.11299125984252
11
7.3213034251968505
21
-5.1174832677165352
0
LINE
8
BLACK
6
CONTINUOUS
10
7.3213034251968505
20
-5.1174832677165352
11
7.3174832677165353
21
-5.1213034251968503
0
LINE
8
BLACK
6
CONTINUOUS
10
7.3174832677165353
20
-5.1213034251968503
11
7.3129912598425193
21
-5.1243049212598422
0
LINE
8
BLACK
6
CONTINUOUS
10
7.3129912598425193
20
-5.1243049212598422
11
7.3079999606299211
21
-5.1263723622047239
0
LINE
8
BLACK
6
CONTINUOUS
10
7.3079999606299211
20
-5.1263723622047239
11
7.3027012598425198
21
-5.1274263385826773
0
LINE
8
BLACK
6
CONTINUOUS
10
7.3027012598425198
20
-5.1274263385826773
11
7.2972987401574798
21
-5.1274263385826773
0
LINE
8
BLACK
6
CONTINUOUS
10
7.2972987401574798
20
-5.1274263385826773
11
7.2920000393700786
21
-5.1263723622047239
0
LINE
8
BLACK
6
CONTINUOUS
10
7.2920000393700786
20
-5.1263723622047239
11
7.2870087401574803
21
-5.1243049212598422
0
LINE
8
BLACK
6
CONTINUOUS
10
7.2870087401574803
20
-5.1243049212598422
11
7.2825167322834643
21
-5.1213034251968503
0
LINE
8
BLACK
6
CONTINUOUS
10
7.2825167322834643
20
-5.1213034251968503
11
7.2786965748031491
21
-5.1174832677165352
0
LINE
8
BLACK
6
CONTINUOUS
10
7.2786965748031491
20
-5.1174832677165352
11
7.2756950787401573
21
-5.11299125984252
0
LINE
8
BLACK
6
CONTINUOUS
10
7.2756950787401573
20
-5.11299125984252
11
7.2736276377952755
21
-5.1079999606299209
0
LINE
8
BLACK
6
CONTINUOUS
10
7.2736276377952755
20
-5.1079999606299209
11
7.2725736614173231
21
-5.1027012598425197
0
LINE
8
BLACK
6
CONTINUOUS
10
7.2725736614173231
20
-5.1027012598425197
11
7.2725736614173231
21
-5.0972987401574805
0
LINE
8
BLACK
6
CONTINUOUS
10
7.2725736614173231
20
-5.0972987401574805
11
7.2736276377952755
21
-5.0920000393700784
0
LINE
8
BLACK
6
CONTINUOUS
10
7.2736276377952755
20
-5.0920000393700784
11
7.2756950787401573
21
-5.0870087401574802
0
LINE
8
BLACK
6
CONTINUOUS
10
7.2756950787401573
20
-5.0870087401574802
11
7.2786965748031491
21
-5.0825167322834641
0
LINE
8
BLACK
6
CONTINUOUS
10
7.2786965748031491
20
-5.0825167322834641
11
7.2825167322834643
21
-5.0786965748031498
0
LINE
8
BLACK
6
CONTINUOUS
10
7.2825167322834643
20
-5.0786965748031498
11
7.2870087401574803
21
-5.0756950787401571
0
LINE
8
BLACK
6
CONTINUOUS
10
7.2870087401574803
20
-5.0756950787401571
11
7.2920000393700786
21
-5.0736276377952754
0
LINE
8
BLACK
6
CONTINUOUS
10
7.2920000393700786
20
-5.0736276377952754
11
7.2972987401574798
21
-5.0725736614173229
0
LINE
8
BLACK
6
CONTINUOUS
10
7.2972987401574798
20
-5.0725736614173229
11
7.3027012598425198
21
-5.0725736614173229
0
LINE
8
BLACK
6
CONTINUOUS
10
7.3027012598425198
20
-5.0725736614173229
11
7.3079999606299211
21
-5.0736276377952754
0
LINE
8
BLACK
6
CONTINUOUS
10
8.8273886220472431
20
-4.9672846456692916
11
8.8305817716535433
21
-4.9694182283464565
0
LINE
8
BLACK
6
CONTINUOUS
10
8.8305817716535433
20
-4.9694182283464565
11
8.8327153543307091
21
-4.9726113779527559
0
LINE
8
BLACK
6
CONTINUOUS
10
8.8327153543307091
20
-4.9726113779527559
11
8.8334645669291341
21
-4.9763779527559056
0
LINE
8
BLACK
6
CONTINUOUS
10
8.8334645669291341
20
-4.9763779527559056
11
8.8334645669291341
21
-5.0236220472440944
0
LINE
8
BLACK
6
CONTINUOUS
10
8.8334645669291341
20
-5.0236220472440944
11
8.8327153543307091
21
-5.0273886220472441
0
LINE
8
BLACK
6
CONTINUOUS
10
8.8327153543307091
20
-5.0273886220472441
11
8.8305817716535433
21
-5.0305817716535435
0
LINE
8
BLACK
6
CONTINUOUS
10
8.8305817716535433
20
-5.0305817716535435
11
8.8273886220472431
21
-5.0327153543307084
0
LINE
8
BLACK
6
CONTINUOUS
10
8.8273886220472431
20
-5.0327153543307084
11
8.8236220472440952
21
-5.0334645669291334
0
LINE
8
BLACK
6
CONTINUOUS
10
8.8236220472440952
20
-5.0334645669291334
11
8.7763779527559045
21
-5.0334645669291334
0
LINE
8
BLACK
6
CONTINUOUS
10
8.7763779527559045
20
-5.0334645669291334
11
8.7726113779527566
21
-5.0327153543307084
0
LINE
8
BLACK
6
CONTINUOUS
10
8.7726113779527566
20
-5.0327153543307084
11
8.7694182283464563
21
-5.0305817716535435
0
LINE
8
BLACK
6
CONTINUOUS
10
8.7694182283464563
20
-5.0305817716535435
11
8.7672846456692906
21
-5.0273886220472441
0
LINE
8
BLACK
6
CONTINUOUS
10
8.7672846456692906
20
-5.0273886220472441
11
8.7665354330708656
21
-5.0236220472440944
0
LINE
8
BLACK
6
CONTINUOUS
10
8.7665354330708656
20
-5.0236220472440944
11
8.7665354330708656
21
-4.9763779527559056
0
LINE
8
BLACK
6
CONTINUOUS
10
8.7665354330708656
20
-4.9763779527559056
11
8.7672846456692906
21
-4.9726113779527559
0
LINE
8
BLACK
6
CONTINUOUS
10
8.7672846456692906
20
-4.9726113779527559
11
8.7694182283464563
21
-4.9694182283464565
0
LINE
8
BLACK
6
CONTINUOUS
10
8.7694182283464563
20
-4.9694182283464565
11
8.7726113779527566
21
-4.9672846456692916
0
LINE
8
BLACK
6
CONTINUOUS
10
8.7726113779527566
20
-4.9672846456692916
11
8.7763779527559045
21
-4.9665354330708658
0
LINE
8
BLACK
6
CONTINUOUS
10
8.7763779527559045
20
-4.9665354330708658
11
8.8236220472440952
21
-4.9665354330708658
0
LINE
8
BLACK
6
CONTINUOUS
10
8.8236220472440952
20
-4.9665354330708658
11
8.8273886220472431
21
-4.9672846456692916
0
LINE
8
BLACK
6
CONTINUOUS
10
0.9097142519685039
20
-4.9679764173228342
11
0.9157750787401575
21
-4.9704868897637793
0
LINE
8
BLACK
6
CONTINUOUS
10
0.9157750787401575
20
-4.9704868897637793
11
0.9212296850393701
21
-4.9741315354330711
0
LINE
8
BLACK
6
CONTINUOUS
10
0.9212296850393701
20
-4.9741315354330711
11
0.9258684645669291
21
-4.9787703149606299
0
LINE
8
BLACK
6
CONTINUOUS
10
0.9258684645669291
20
-4.9787703149606299
11
0.9295131102362204
21
-4.9842249212598428
0
LINE
8
BLACK
6
CONTINUOUS
10
0.9295131102362204
20
-4.9842249212598428
11
0.9320235826771653
21
-4.9902857480314964
0
LINE
8
BLACK
6
CONTINUOUS
10
0.9320235826771653
20
-4.9902857480314964
11
0.9333034251968504
21
-4.9967198818897636
0
LINE
8
BLACK
6
CONTINUOUS
10
0.9333034251968504
20
-4.9967198818897636
11
0.9333034251968504
21
-5.0032801181102364
0
LINE
8
BLACK
6
CONTINUOUS
10
0.9333034251968504
20
-5.0032801181102364
11
0.9320235826771653
21
-5.0097142519685036
0
LINE
8
BLACK
6
CONTINUOUS
10
0.9320235826771653
20
-5.0097142519685036
11
0.9295131102362204
21
-5.0157750787401572
0
LINE
8
BLACK
6
CONTINUOUS
10
0.9295131102362204
20
-5.0157750787401572
11
0.9258684645669291
21
-5.0212296850393701
0
LINE
8
BLACK
6
CONTINUOUS
10
0.9258684645669291
20
-5.0212296850393701
11
0.9212296850393701
21
-5.0258684645669289
0
LINE
8
BLACK
6
CONTINUOUS
10
0.9212296850393701
20
-5.0258684645669289
11
0.9157750787401575
21
-5.0295131102362207
0
LINE
8
BLACK
6
CONTINUOUS
10
0.9157750787401575
20
-5.0295131102362207
11
0.9097142519685039
21
-5.0320235826771649
0
LINE
8
BLACK
6
CONTINUOUS
10
0.9097142519685039
20
-5.0320235826771649
11
0.9032801181102362
21
-5.0333034251968503
0
LINE
8
BLACK
6
CONTINUOUS
10
0.9032801181102362
20
-5.0333034251968503
11
0.8967198818897638
21
-5.0333034251968503
0
LINE
8
BLACK
6
CONTINUOUS
10
0.8967198818897638
20
-5.0333034251968503
11
0.8902857480314961
21
-5.0320235826771649
0
LINE
8
BLACK
6
CONTINUOUS
10
0.8902857480314961
20
-5.0320235826771649
11
0.8842249212598425
21
-5.0295131102362207
0
LINE
8
BLACK
6
CONTINUOUS
10
0.8842249212598425
20
-5.0295131102362207
11
0.8787703149606299
21
-5.0258684645669289
0
LINE
8
BLACK
6
CONTINUOUS
10
0.8787703149606299
20
-5.0258684645669289
11
0.8741315354330709
21
-5.0212296850393701
0
LINE
8
BLACK
6
CONTINUOUS
10
0.8741315354330709
20
-5.0212296850393701
11
0.8704868897637795
21
-5.0157750787401572
0
LINE
8
BLACK
6
CONTINUOUS
10
0.8704868897637795
20
-5.0157750787401572
11
0.8679764173228346
21
-5.0097142519685036
0
LINE
8
BLACK
6
CONTINUOUS
10
0.8679764173228346
20
-5.0097142519685036
11
0.8666965748031495
21
-5.0032801181102364
0
LINE
8
BLACK
6
CONTINUOUS
10
0.8666965748031495
20
-5.0032801181102364
11
0.8666965748031495
21
-4.9967198818897636
0
LINE
8
BLACK
6
CONTINUOUS
10
0.8666965748031495
20
-4.9967198818897636
11
0.8679764173228346
21
-4.9902857480314964
0
LINE
8
BLACK
6
CONTINUOUS
10
0.8679764173228346
20
-4.9902857480314964
11
0.8704868897637795
21
-4.9842249212598428
0
LINE
8
BLACK
6
CONTINUOUS
10
0.8704868897637795
20
-4.9842249212598428
11
0.8741315354330709
21
-4.9787703149606299
0
LINE
8
BLACK
6
CONTINUOUS
10
0.8741315354330709
20
-4.9787703149606299
11
0.8787703149606299
21
-4.9741315354330711
0
LINE
8
BLACK
6
CONTINUOUS
10
0.8787703149606299
20
-4.9741315354330711
11
0.8842249212598425
21
-4.9704868897637793
0
LINE
8
BLACK
6
CONTINUOUS
10
0.8842249212598425
20
-4.9704868897637793
11
0.8902857480314961
21
-4.9679764173228342
0
LINE
8
BLACK
6
CONTINUOUS
10
0.8902857480314961
20
-4.9679764173228342
11
0.8967198818897638
21
-4.9666965748031497
0
LINE
8
BLACK
6
CONTINUOUS
10
0.8967198818897638
20
-4.9666965748031497
11
0.9032801181102362
21
-4.9666965748031497
0
LINE
8
BLACK
6
CONTINUOUS
10
0.9032801181102362
20
-4.9666965748031497
11
0.9097142519685039
21
-4.9679764173228342
0
LINE
8
BLACK
6
CONTINUOUS
10
8.909714251968504
20
-4.9679764173228342
11
8.9157750787401575
21
-4.9704868897637793
0
LINE
8
BLACK
6
CONTINUOUS
10
8.9157750787401575
20
-4.9704868897637793
11
8.9212296850393695
21
-4.9741315354330711
0
LINE
8
BLACK
6
CONTINUOUS
10
8.9212296850393695
20
-4.9741315354330711
11
8.9258684645669284
21
-4.9787703149606299
0
LINE
8
BLACK
6
CONTINUOUS
10
8.9258684645669284
20
-4.9787703149606299
11
8.9295131102362202
21
-4.9842249212598428
0
LINE
8
BLACK
6
CONTINUOUS
10
8.9295131102362202
20
-4.9842249212598428
11
8.9320235826771643
21
-4.9902857480314964
0
LINE
8
BLACK
6
CONTINUOUS
10
8.9320235826771643
20
-4.9902857480314964
11
8.9333034251968506
21
-4.9967198818897636
0
LINE
8
BLACK
6
CONTINUOUS
10
8.9333034251968506
20
-4.9967198818897636
11
8.9333034251968506
21
-5.0032801181102364
0
LINE
8
BLACK
6
CONTINUOUS
10
8.9333034251968506
20
-5.0032801181102364
11
8.9320235826771643
21
-5.0097142519685036
0
LINE
8
BLACK
6
CONTINUOUS
10
8.9320235826771643
20
-5.0097142519685036
11
8.9295131102362202
21
-5.0157750787401572
0
LINE
8
BLACK
6
CONTINUOUS
10
8.9295131102362202
20
-5.0157750787401572
11
8.9258684645669284
21
-5.0212296850393701
0
LINE
8
BLACK
6
CONTINUOUS
10
8.9258684645669284
20
-5.0212296850393701
11
8.9212296850393695
21
-5.0258684645669289
0
LINE
8
BLACK
6
CONTINUOUS
10
8.9212296850393695
20
-5.0258684645669289
11
8.9157750787401575
21
-5.0295131102362207
0
LINE
8
BLACK
6
CONTINUOUS
10
8.9157750787401575
20
-5.0295131102362207
11
8.909714251968504
21
-5.0320235826771649
0
LINE
8
BLACK
6
CONTINUOUS
10
8.909714251968504
20
-5.0320235826771649
11
8.9032801181102368
21
-5.0333034251968503
0
LINE
8
BLACK
6
CONTINUOUS
10
8.9032801181102368
20
-5.0333034251968503
11
8.8967198818897639
21
-5.0333034251968503
0
LINE
8
BLACK
6
CONTINUOUS
10
8.8967198818897639
20
-5.0333034251968503
11
8.8902857480314967
21
-5.0320235826771649
0
LINE
8
BLACK
6
CONTINUOUS
10
8.8902857480314967
20
-5.0320235826771649
11
8.8842249212598432
21
-5.0295131102362207
0
LINE
8
BLACK
6
CONTINUOUS
10
8.8842249212598432
20
-5.0295131102362207
11
8.8787703149606294
21
-5.0258684645669289
0
LINE
8
BLACK
6
CONTINUOUS
10
8.8787703149606294
20
-5.0258684645669289
11
8.8741315354330705
21
-5.0212296850393701
0
LINE
8
BLACK
6
CONTINUOUS
10
8.8741315354330705
20
-5.0212296850393701
11
8.8704868897637787
21
-5.0157750787401572
0
LINE
8
BLACK
6
CONTINUOUS
10
8.8704868897637787
20
-5.0157750787401572
11
8.8679764173228346
21
-5.0097142519685036
0
LINE
8
BLACK
6
CONTINUOUS
10
8.8679764173228346
20
-5.0097142519685036
11
8.8666965748031501
21
-5.0032801181102364
0
LINE
8
BLACK
6
CONTINUOUS
10
8.8666965748031501
20
-5.0032801181102364
11
8.8666965748031501
21
-4.9967198818897636
0
LINE
8
BLACK
6
CONTINUOUS
10
8.8666965748031501
20
-4.9967198818897636
11
8.8679764173228346
21
-4.9902857480314964
0
LINE
8
BLACK
6
CONTINUOUS
10
8.8679764173228346
20
-4.9902857480314964
11
8.8704868897637787
21
-4.9842249212598428
0
LINE
8
BLACK
6
CONTINUOUS
10
8.8704868897637787
20
-4.9842249212598428
11
8.8741315354330705
21
-4.9787703149606299
0
LINE
8
BLACK
6
CONTINUOUS
10
8.8741315354330705
20
-4.9787703149606299
11
8.8787703149606294
21
-4.9741315354330711
0
LINE
8
BLACK
6
CONTINUOUS
10
8.8787703149606294
20
-4.9741315354330711
11
8.8842249212598432
21
-4.9704868897637793
0
LINE
8
BLACK
6
CONTINUOUS
10
8.8842249212598432
20
-4.9704868897637793
11
8.8902857480314967
21
-4.9679764173228342
0
LINE
8
BLACK
6
CONTINUOUS
10
8.8902857480314967
20
-4.9679764173228342
11
8.8967198818897639
21
-4.9666965748031497
0
LINE
8
BLACK
6
CONTINUOUS
10
8.8967198818897639
20
-4.9666965748031497
11
8.9032801181102368
21
-4.9666965748031497
0
LINE
8
BLACK
6
CONTINUOUS
10
8.9032801181102368
20
-4.9666965748031497
11
8.909714251968504
21
-4.9679764173228342
0
LINE
8
BLACK
6
CONTINUOUS
10
10.409714251968504
20
-4.9679764173228342
11
10.4157750787401575
21
-4.9704868897637793
0
LINE
8
BLACK
6
CONTINUOUS
10
10.4157750787401575
20
-4.9704868897637793
11
10.4212296850393695
21
-4.9741315354330711
0
LINE
8
BLACK
6
CONTINUOUS
10
10.4212296850393695
20
-4.9741315354330711
11
10.4258684645669284
21
-4.9787703149606299
0
LINE
8
BLACK
6
CONTINUOUS
10
10.4258684645669284
20
-4.9787703149606299
11
10.4295131102362202
21
-4.9842249212598428
0
LINE
8
BLACK
6
CONTINUOUS
10
10.4295131102362202
20
-4.9842249212598428
11
10.4320235826771643
21
-4.9902857480314964
0
LINE
8
BLACK
6
CONTINUOUS
10
10.4320235826771643
20
-4.9902857480314964
11
10.4333034251968506
21
-4.9967198818897636
0
LINE
8
BLACK
6
CONTINUOUS
10
10.4333034251968506
20
-4.9967198818897636
11
10.4333034251968506
21
-5.0032801181102364
0
LINE
8
BLACK
6
CONTINUOUS
10
10.4333034251968506
20
-5.0032801181102364
11
10.4320235826771643
21
-5.0097142519685036
0
LINE
8
BLACK
6
CONTINUOUS
10
10.4320235826771643
20
-5.0097142519685036
11
10.4295131102362202
21
-5.0157750787401572
0
LINE
8
BLACK
6
CONTINUOUS
10
10.4295131102362202
20
-5.0157750787401572
11
10.4258684645669284
21
-5.0212296850393701
0
LINE
8
BLACK
6
CONTINUOUS
10
10.4258684645669284
20
-5.0212296850393701
11
10.4212296850393695
21
-5.0258684645669289
0
LINE
8
BLACK
6
CONTINUOUS
10
10.4212296850393695
20
-5.0258684645669289
11
10.4157750787401575
21
-5.0295131102362207
0
LINE
8
BLACK
6
CONTINUOUS
10
10.4157750787401575
20
-5.0295131102362207
11
10.409714251968504
21
-5.0320235826771649
0
LINE
8
BLACK
6
CONTINUOUS
10
10.409714251968504
20
-5.0320235826771649
11
10.4032801181102368
21
-5.0333034251968503
0
LINE
8
BLACK
6
CONTINUOUS
10
10.4032801181102368
20
-5.0333034251968503
11
10.3967198818897639
21
-5.0333034251968503
0
LINE
8
BLACK
6
CONTINUOUS
10
10.3967198818897639
20
-5.0333034251968503
11
10.390285748031495
21
-5.0320235826771649
0
LINE
8
BLACK
6
CONTINUOUS
10
10.390285748031495
20
-5.0320235826771649
11
10.3842249212598414
21
-5.0295131102362207
0
LINE
8
BLACK
6
CONTINUOUS
10
10.3842249212598414
20
-5.0295131102362207
11
10.3787703149606294
21
-5.0258684645669289
0
LINE
8
BLACK
6
CONTINUOUS
10
10.3787703149606294
20
-5.0258684645669289
11
10.3741315354330705
21
-5.0212296850393701
0
LINE
8
BLACK
6
CONTINUOUS
10
10.3741315354330705
20
-5.0212296850393701
11
10.3704868897637787
21
-5.0157750787401572
0
LINE
8
BLACK
6
CONTINUOUS
10
10.3704868897637787
20
-5.0157750787401572
11
10.3679764173228346
21
-5.0097142519685036
0
LINE
8
BLACK
6
CONTINUOUS
10
10.3679764173228346
20
-5.0097142519685036
11
10.3666965748031501
21
-5.0032801181102364
0
LINE
8
BLACK
6
CONTINUOUS
10
10.3666965748031501
20
-5.0032801181102364
11
10.3666965748031501
21
-4.9967198818897636
0
LINE
8
BLACK
6
CONTINUOUS
10
10.3666965748031501
20
-4.9967198818897636
11
10.3679764173228346
21
-4.9902857480314964
0
LINE
8
BLACK
6
CONTINUOUS
10
10.3679764173228346
20
-4.9902857480314964
11
10.3704868897637787
21
-4.9842249212598428
0
LINE
8
BLACK
6
CONTINUOUS
10
10.3704868897637787
20
-4.9842249212598428
11
10.3741315354330705
21
-4.9787703149606299
0
LINE
8
BLACK
6
CONTINUOUS
10
10.3741315354330705
20
-4.9787703149606299
11
10.3787703149606294
21
-4.9741315354330711
0
LINE
8
BLACK
6
CONTINUOUS
10
10.3787703149606294
20
-4.9741315354330711
11
10.3842249212598414
21
-4.9704868897637793
0
LINE
8
BLACK
6
CONTINUOUS
10
10.3842249212598414
20
-4.9704868897637793
11
10.390285748031495
21
-4.9679764173228342
0
LINE
8
BLACK
6
CONTINUOUS
10
10.390285748031495
20
-4.9679764173228342
11
10.3967198818897639
21
-4.9666965748031497
0
LINE
8
BLACK
6
CONTINUOUS
10
10.3967198818897639
20
-4.9666965748031497
11
10.4032801181102368
21
-4.9666965748031497
0
LINE
8
BLACK
6
CONTINUOUS
10
10.4032801181102368
20
-4.9666965748031497
11
10.409714251968504
21
-4.9679764173228342
0
LINE
8
BLACK
6
CONTINUOUS
10
0.9097142519685039
20
-4.8679764173228346
11
0.9157750787401575
21
-4.8704868897637796
0
LINE
8
BLACK
6
CONTINUOUS
10
0.9157750787401575
20
-4.8704868897637796
11
0.9212296850393701
21
-4.8741315354330705
0
LINE
8
BLACK
6
CONTINUOUS
10
0.9212296850393701
20
-4.8741315354330705
11
0.9258684645669291
21
-4.8787703149606294
0
LINE
8
BLACK
6
CONTINUOUS
10
0.9258684645669291
20
-4.8787703149606294
11
0.9295131102362204
21
-4.8842249212598423
0
LINE
8
BLACK
6
CONTINUOUS
10
0.9295131102362204
20
-4.8842249212598423
11
0.9320235826771653
21
-4.8902857480314958
0
LINE
8
BLACK
6
CONTINUOUS
10
0.9320235826771653
20
-4.8902857480314958
11
0.9333034251968504
21
-4.8967198818897639
0
LINE
8
BLACK
6
CONTINUOUS
10
0.9333034251968504
20
-4.8967198818897639
11
0.9333034251968504
21
-4.9032801181102359
0
LINE
8
BLACK
6
CONTINUOUS
10
0.9333034251968504
20
-4.9032801181102359
11
0.9320235826771653
21
-4.909714251968504
0
LINE
8
BLACK
6
CONTINUOUS
10
0.9320235826771653
20
-4.909714251968504
11
0.9295131102362204
21
-4.9157750787401575
0
LINE
8
BLACK
6
CONTINUOUS
10
0.9295131102362204
20
-4.9157750787401575
11
0.9258684645669291
21
-4.9212296850393695
0
LINE
8
BLACK
6
CONTINUOUS
10
0.9258684645669291
20
-4.9212296850393695
11
0.9212296850393701
21
-4.9258684645669293
0
LINE
8
BLACK
6
CONTINUOUS
10
0.9212296850393701
20
-4.9258684645669293
11
0.9157750787401575
21
-4.9295131102362202
0
LINE
8
BLACK
6
CONTINUOUS
10
0.9157750787401575
20
-4.9295131102362202
11
0.9097142519685039
21
-4.9320235826771652
0
LINE
8
BLACK
6
CONTINUOUS
10
0.9097142519685039
20
-4.9320235826771652
11
0.9032801181102362
21
-4.9333034251968506
0
LINE
8
BLACK
6
CONTINUOUS
10
0.9032801181102362
20
-4.9333034251968506
11
0.8967198818897638
21
-4.9333034251968506
0
LINE
8
BLACK
6
CONTINUOUS
10
0.8967198818897638
20
-4.9333034251968506
11
0.8902857480314961
21
-4.9320235826771652
0
LINE
8
BLACK
6
CONTINUOUS
10
0.8902857480314961
20
-4.9320235826771652
11
0.8842249212598425
21
-4.9295131102362202
0
LINE
8
BLACK
6
CONTINUOUS
10
0.8842249212598425
20
-4.9295131102362202
11
0.8787703149606299
21
-4.9258684645669293
0
LINE
8
BLACK
6
CONTINUOUS
10
0.8787703149606299
20
-4.9258684645669293
11
0.8741315354330709
21
-4.9212296850393695
0
LINE
8
BLACK
6
CONTINUOUS
10
0.8741315354330709
20
-4.9212296850393695
11
0.8704868897637795
21
-4.9157750787401575
0
LINE
8
BLACK
6
CONTINUOUS
10
0.8704868897637795
20
-4.9157750787401575
11
0.8679764173228346
21
-4.909714251968504
0
LINE
8
BLACK
6
CONTINUOUS
10
0.8679764173228346
20
-4.909714251968504
11
0.8666965748031495
21
-4.9032801181102359
0
LINE
8
BLACK
6
CONTINUOUS
10
0.8666965748031495
20
-4.9032801181102359
11
0.8666965748031495
21
-4.8967198818897639
0
LINE
8
BLACK
6
CONTINUOUS
10
0.8666965748031495
20
-4.8967198818897639
11
0.8679764173228346
21
-4.8902857480314958
0
LINE
8
BLACK
6
CONTINUOUS
10
0.8679764173228346
20
-4.8902857480314958
11
0.8704868897637795
21
-4.8842249212598423
0
LINE
8
BLACK
6
CONTINUOUS
10
0.8704868897637795
20
-4.8842249212598423
11
0.8741315354330709
21
-4.8787703149606294
0
LINE
8
BLACK
6
CONTINUOUS
10
0.8741315354330709
20
-4.8787703149606294
11
0.8787703149606299
21
-4.8741315354330705
0
LINE
8
BLACK
6
CONTINUOUS
10
0.8787703149606299
20
-4.8741315354330705
11
0.8842249212598425
21
-4.8704868897637796
0
LINE
8
BLACK
6
CONTINUOUS
10
0.8842249212598425
20
-4.8704868897637796
11
0.8902857480314961
21
-4.8679764173228346
0
LINE
8
BLACK
6
CONTINUOUS
10
0.8902857480314961
20
-4.8679764173228346
11
0.8967198818897638
21
-4.8666965748031492
0
LINE
8
BLACK
6
CONTINUOUS
10
0.8967198818897638
20
-4.8666965748031492
11
0.9032801181102362
21
-4.8666965748031492
0
LINE
8
BLACK
6
CONTINUOUS
10
0.9032801181102362
20
-4.8666965748031492
11
0.9097142519685039
21
-4.8679764173228346
0
LINE
8
BLACK
6
CONTINUOUS
10
10.409714251968504
20
-4.8679764173228346
11
10.4157750787401575
21
-4.8704868897637796
0
LINE
8
BLACK
6
CONTINUOUS
10
10.4157750787401575
20
-4.8704868897637796
11
10.4212296850393695
21
-4.8741315354330705
0
LINE
8
BLACK
6
CONTINUOUS
10
10.4212296850393695
20
-4.8741315354330705
11
10.4258684645669284
21
-4.8787703149606294
0
LINE
8
BLACK
6
CONTINUOUS
10
10.4258684645669284
20
-4.8787703149606294
11
10.4295131102362202
21
-4.8842249212598423
0
LINE
8
BLACK
6
CONTINUOUS
10
10.4295131102362202
20
-4.8842249212598423
11
10.4320235826771643
21
-4.8902857480314958
0
LINE
8
BLACK
6
CONTINUOUS
10
10.4320235826771643
20
-4.8902857480314958
11
10.4333034251968506
21
-4.8967198818897639
0
LINE
8
BLACK
6
CONTINUOUS
10
10.4333034251968506
20
-4.8967198818897639
11
10.4333034251968506
21
-4.9032801181102359
0
LINE
8
BLACK
6
CONTINUOUS
10
10.4333034251968506
20
-4.9032801181102359
11
10.4320235826771643
21
-4.909714251968504
0
LINE
8
BLACK
6
CONTINUOUS
10
10.4320235826771643
20
-4.909714251968504
11
10.4295131102362202
21
-4.9157750787401575
0
LINE
8
BLACK
6
CONTINUOUS
10
10.4295131102362202
20
-4.9157750787401575
11
10.4258684645669284
21
-4.9212296850393695
0
LINE
8
BLACK
6
CONTINUOUS
10
10.4258684645669284
20
-4.9212296850393695
11
10.4212296850393695
21
-4.9258684645669293
0
LINE
8
BLACK
6
CONTINUOUS
10
10.4212296850393695
20
-4.9258684645669293
11
10.4157750787401575
21
-4.9295131102362202
0
LINE
8
BLACK
6
CONTINUOUS
10
10.4157750787401575
20
-4.9295131102362202
11
10.409714251968504
21
-4.9320235826771652
0
LINE
8
BLACK
6
CONTINUOUS
10
10.409714251968504
20
-4.9320235826771652
11
10.4032801181102368
21
-4.9333034251968506
0
LINE
8
BLACK
6
CONTINUOUS
10
10.4032801181102368
20
-4.9333034251968506
11
10.3967198818897639
21
-4.9333034251968506
0
LINE
8
BLACK
6
CONTINUOUS
10
10.3967198818897639
20
-4.9333034251968506
11
10.390285748031495
21
-4.9320235826771652
0
LINE
8
BLACK
6
CONTINUOUS
10
10.390285748031495
20
-4.9320235826771652
11
10.3842249212598414
21
-4.9295131102362202
0
LINE
8
BLACK
6
CONTINUOUS
10
10.3842249212598414
20
-4.9295131102362202
11
10.3787703149606294
21
-4.9258684645669293
0
LINE
8
BLACK
6
CONTINUOUS
10
10.3787703149606294
20
-4.9258684645669293
11
10.3741315354330705
21
-4.9212296850393695
0
LINE
8
BLACK
6
CONTINUOUS
10
10.3741315354330705
20
-4.9212296850393695
11
10.3704868897637787
21
-4.9157750787401575
0
LINE
8
BLACK
6
CONTINUOUS
10
10.3704868897637787
20
-4.9157750787401575
11
10.3679764173228346
21
-4.909714251968504
0
LINE
8
BLACK
6
CONTINUOUS
10
10.3679764173228346
20
-4.909714251968504
11
10.3666965748031501
21
-4.9032801181102359
0
LINE
8
BLACK
6
CONTINUOUS
10
10.3666965748031501
20
-4.9032801181102359
11
10.3666965748031501
21
-4.8967198818897639
0
LINE
8
BLACK
6
CONTINUOUS
10
10.3666965748031501
20
-4.8967198818897639
11
10.3679764173228346
21
-4.8902857480314958
0
LINE
8
BLACK
6
CONTINUOUS
10
10.3679764173228346
20
-4.8902857480314958
11
10.3704868897637787
21
-4.8842249212598423
0
LINE
8
BLACK
6
CONTINUOUS
10
10.3704868897637787
20
-4.8842249212598423
11
10.3741315354330705
21
-4.8787703149606294
0
LINE
8
BLACK
6
CONTINUOUS
10
10.3741315354330705
20
-4.8787703149606294
11
10.3787703149606294
21
-4.8741315354330705
0
LINE
8
BLACK
6
CONTINUOUS
10
10.3787703149606294
20
-4.8741315354330705
11
10.3842249212598414
21
-4.8704868897637796
0
LINE
8
BLACK
6
CONTINUOUS
10
10.3842249212598414
20
-4.8704868897637796
11
10.390285748031495
21
-4.8679764173228346
0
LINE
8
BLACK
6
CONTINUOUS
10
10.390285748031495
20
-4.8679764173228346
11
10.3967198818897639
21
-4.8666965748031492
0
LINE
8
BLACK
6
CONTINUOUS
10
10.3967198818897639
20
-4.8666965748031492
11
10.4032801181102368
21
-4.8666965748031492
0
LINE
8
BLACK
6
CONTINUOUS
10
10.4032801181102368
20
-4.8666965748031492
11
10.409714251968504
21
-4.8679764173228346
0
LINE
8
BLACK
6
CONTINUOUS
10
1.7581968110236219
20
-4.8736276377952752
11
1.7631881102362204
21
-4.875695078740157
0
LINE
8
BLACK
6
CONTINUOUS
10
1.7631881102362204
20
-4.875695078740157
11
1.7676801181102362
21
-4.8786965748031497
0
LINE
8
BLACK
6
CONTINUOUS
10
1.7676801181102362
20
-4.8786965748031497
11
1.7715002755905511
21
-4.8825167322834648
0
LINE
8
BLACK
6
CONTINUOUS
10
1.7715002755905511
20
-4.8825167322834648
11
1.7745017716535432
21
-4.88700874015748
0
LINE
8
BLACK
6
CONTINUOUS
10
1.7745017716535432
20
-4.88700874015748
11
1.7765692125984252
21
-4.8920000393700782
0
LINE
8
BLACK
6
CONTINUOUS
10
1.7765692125984252
20
-4.8920000393700782
11
1.7776231889763778
21
-4.8972987401574803
0
LINE
8
BLACK
6
CONTINUOUS
10
1.7776231889763778
20
-4.8972987401574803
11
1.7776231889763778
21
-4.9027012598425195
0
LINE
8
BLACK
6
CONTINUOUS
10
1.7776231889763778
20
-4.9027012598425195
11
1.7765692125984252
21
-4.9079999606299207
0
LINE
8
BLACK
6
CONTINUOUS
10
1.7765692125984252
20
-4.9079999606299207
11
1.7745017716535432
21
-4.9129912598425198
0
LINE
8
BLACK
6
CONTINUOUS
10
1.7745017716535432
20
-4.9129912598425198
11
1.7715002755905511
21
-4.917483267716535
0
LINE
8
BLACK
6
CONTINUOUS
10
1.7715002755905511
20
-4.917483267716535
11
1.7676801181102362
21
-4.9213034251968502
0
LINE
8
BLACK
6
CONTINUOUS
10
1.7676801181102362
20
-4.9213034251968502
11
1.7631881102362204
21
-4.924304921259842
0
LINE
8
BLACK
6
CONTINUOUS
10
1.7631881102362204
20
-4.924304921259842
11
1.7581968110236219
21
-4.9263723622047246
0
LINE
8
BLACK
6
CONTINUOUS
10
1.7581968110236219
20
-4.9263723622047246
11
1.7528981102362204
21
-4.9274263385826771
0
LINE
8
BLACK
6
CONTINUOUS
10
1.7528981102362204
20
-4.9274263385826771
11
1.7474955905511811
21
-4.9274263385826771
0
LINE
8
BLACK
6
CONTINUOUS
10
1.7474955905511811
20
-4.9274263385826771
11
1.7421968897637794
21
-4.9263723622047246
0
LINE
8
BLACK
6
CONTINUOUS
10
1.7421968897637794
20
-4.9263723622047246
11
1.737205590551181
21
-4.924304921259842
0
LINE
8
BLACK
6
CONTINUOUS
10
1.737205590551181
20
-4.924304921259842
11
1.7327135826771654
21
-4.9213034251968502
0
LINE
8
BLACK
6
CONTINUOUS
10
1.7327135826771654
20
-4.9213034251968502
11
1.7288934251968504
21
-4.917483267716535
0
LINE
8
BLACK
6
CONTINUOUS
10
1.7288934251968504
20
-4.917483267716535
11
1.7258919291338581
21
-4.9129912598425198
0
LINE
8
BLACK
6
CONTINUOUS
10
1.7258919291338581
20
-4.9129912598425198
11
1.7238244881889764
21
-4.9079999606299207
0
LINE
8
BLACK
6
CONTINUOUS
10
1.7238244881889764
20
-4.9079999606299207
11
1.7227705118110235
21
-4.9027012598425195
0
LINE
8
BLACK
6
CONTINUOUS
10
1.7227705118110235
20
-4.9027012598425195
11
1.7227705118110235
21
-4.8972987401574803
0
LINE
8
BLACK
6
CONTINUOUS
10
1.7227705118110235
20
-4.8972987401574803
11
1.7238244881889764
21
-4.8920000393700782
0
LINE
8
BLACK
6
CONTINUOUS
10
1.7238244881889764
20
-4.8920000393700782
11
1.7258919291338581
21
-4.88700874015748
0
LINE
8
BLACK
6
CONTINUOUS
10
1.7258919291338581
20
-4.88700874015748
11
1.7288934251968504
21
-4.8825167322834648
0
LINE
8
BLACK
6
CONTINUOUS
10
1.7288934251968504
20
-4.8825167322834648
11
1.7327135826771654
21
-4.8786965748031497
0
LINE
8
BLACK
6
CONTINUOUS
10
1.7327135826771654
20
-4.8786965748031497
11
1.737205590551181
21
-4.875695078740157
0
LINE
8
BLACK
6
CONTINUOUS
10
1.737205590551181
20
-4.875695078740157
11
1.7421968897637794
21
-4.8736276377952752
0
LINE
8
BLACK
6
CONTINUOUS
10
1.7421968897637794
20
-4.8736276377952752
11
1.7474955905511811
21
-4.8725736614173227
0
LINE
8
BLACK
6
CONTINUOUS
10
1.7474955905511811
20
-4.8725736614173227
11
1.7528981102362204
21
-4.8725736614173227
0
LINE
8
BLACK
6
CONTINUOUS
10
1.7528981102362204
20
-4.8725736614173227
11
1.7581968110236219
21
-4.8736276377952752
0
LINE
8
BLACK
6
CONTINUOUS
10
2.9079999606299212
20
-4.8736276377952752
11
2.9129912598425198
21
-4.875695078740157
0
LINE
8
BLACK
6
CONTINUOUS
10
2.9129912598425198
20
-4.875695078740157
11
2.9174832677165354
21
-4.8786965748031497
0
LINE
8
BLACK
6
CONTINUOUS
10
2.9174832677165354
20
-4.8786965748031497
11
2.9213034251968502
21
-4.8825167322834648
0
LINE
8
BLACK
6
CONTINUOUS
10
2.9213034251968502
20
-4.8825167322834648
11
2.9243049212598424
21
-4.88700874015748
0
LINE
8
BLACK
6
CONTINUOUS
10
2.9243049212598424
20
-4.88700874015748
11
2.9263723622047242
21
-4.8920000393700782
0
LINE
8
BLACK
6
CONTINUOUS
10
2.9263723622047242
20
-4.8920000393700782
11
2.9274263385826771
21
-4.8972987401574803
0
LINE
8
BLACK
6
CONTINUOUS
10
2.9274263385826771
20
-4.8972987401574803
11
2.9274263385826771
21
-4.9027012598425195
0
LINE
8
BLACK
6
CONTINUOUS
10
2.9274263385826771
20
-4.9027012598425195
11
2.9263723622047242
21
-4.9079999606299207
0
LINE
8
BLACK
6
CONTINUOUS
10
2.9263723622047242
20
-4.9079999606299207
11
2.9243049212598424
21
-4.9129912598425198
0
LINE
8
BLACK
6
CONTINUOUS
10
2.9243049212598424
20
-4.9129912598425198
11
2.9213034251968502
21
-4.917483267716535
0
LINE
8
BLACK
6
CONTINUOUS
10
2.9213034251968502
20
-4.917483267716535
11
2.9174832677165354
21
-4.9213034251968502
0
LINE
8
BLACK
6
CONTINUOUS
10
2.9174832677165354
20
-4.9213034251968502
11
2.9129912598425198
21
-4.924304921259842
0
LINE
8
BLACK
6
CONTINUOUS
10
2.9129912598425198
20
-4.924304921259842
11
2.9079999606299212
21
-4.9263723622047246
0
LINE
8
BLACK
6
CONTINUOUS
10
2.9079999606299212
20
-4.9263723622047246
11
2.9027012598425195
21
-4.9274263385826771
0
LINE
8
BLACK
6
CONTINUOUS
10
2.9027012598425195
20
-4.9274263385826771
11
2.8972987401574803
21
-4.9274263385826771
0
LINE
8
BLACK
6
CONTINUOUS
10
2.8972987401574803
20
-4.9274263385826771
11
2.8920000393700787
21
-4.9263723622047246
0
LINE
8
BLACK
6
CONTINUOUS
10
2.8920000393700787
20
-4.9263723622047246
11
2.8870087401574804
21
-4.924304921259842
0
LINE
8
BLACK
6
CONTINUOUS
10
2.8870087401574804
20
-4.924304921259842
11
2.8825167322834644
21
-4.9213034251968502
0
LINE
8
BLACK
6
CONTINUOUS
10
2.8825167322834644
20
-4.9213034251968502
11
2.8786965748031497
21
-4.917483267716535
0
LINE
8
BLACK
6
CONTINUOUS
10
2.8786965748031497
20
-4.917483267716535
11
2.8756950787401574
21
-4.9129912598425198
0
LINE
8
BLACK
6
CONTINUOUS
10
2.8756950787401574
20
-4.9129912598425198
11
2.8736276377952756
21
-4.9079999606299207
0
LINE
8
BLACK
6
CONTINUOUS
10
2.8736276377952756
20
-4.9079999606299207
11
2.8725736614173227
21
-4.9027012598425195
0
LINE
8
BLACK
6
CONTINUOUS
10
2.8725736614173227
20
-4.9027012598425195
11
2.8725736614173227
21
-4.8972987401574803
0
LINE
8
BLACK
6
CONTINUOUS
10
2.8725736614173227
20
-4.8972987401574803
11
2.8736276377952756
21
-4.8920000393700782
0
LINE
8
BLACK
6
CONTINUOUS
10
2.8736276377952756
20
-4.8920000393700782
11
2.8756950787401574
21
-4.88700874015748
0
LINE
8
BLACK
6
CONTINUOUS
10
2.8756950787401574
20
-4.88700874015748
11
2.8786965748031497
21
-4.8825167322834648
0
LINE
8
BLACK
6
CONTINUOUS
10
2.8786965748031497
20
-4.8825167322834648
11
2.8825167322834644
21
-4.8786965748031497
0
LINE
8
BLACK
6
CONTINUOUS
10
2.8825167322834644
20
-4.8786965748031497
11
2.8870087401574804
21
-4.875695078740157
0
LINE
8
BLACK
6
CONTINUOUS
10
2.8870087401574804
20
-4.875695078740157
11
2.8920000393700787
21
-4.8736276377952752
0
LINE
8
BLACK
6
CONTINUOUS
10
2.8920000393700787
20
-4.8736276377952752
11
2.8972987401574803
21
-4.8725736614173227
0
LINE
8
BLACK
6
CONTINUOUS
10
2.8972987401574803
20
-4.8725736614173227
11
2.9027012598425195
21
-4.8725736614173227
0
LINE
8
BLACK
6
CONTINUOUS
10
2.9027012598425195
20
-4.8725736614173227
11
2.9079999606299212
21
-4.8736276377952752
0
LINE
8
BLACK
6
CONTINUOUS
10
0.9097142519685039
20
-4.7679764173228349
11
0.9157750787401575
21
-4.7704868897637791
0
LINE
8
BLACK
6
CONTINUOUS
10
0.9157750787401575
20
-4.7704868897637791
11
0.9212296850393701
21
-4.7741315354330709
0
LINE
8
BLACK
6
CONTINUOUS
10
0.9212296850393701
20
-4.7741315354330709
11
0.9258684645669291
21
-4.7787703149606298
0
LINE
8
BLACK
6
CONTINUOUS
10
0.9258684645669291
20
-4.7787703149606298
11
0.9295131102362204
21
-4.7842249212598427
0
LINE
8
BLACK
6
CONTINUOUS
10
0.9295131102362204
20
-4.7842249212598427
11
0.9320235826771653
21
-4.7902857480314962
0
LINE
8
BLACK
6
CONTINUOUS
10
0.9320235826771653
20
-4.7902857480314962
11
0.9333034251968504
21
-4.7967198818897634
0
LINE
8
BLACK
6
CONTINUOUS
10
0.9333034251968504
20
-4.7967198818897634
11
0.9333034251968504
21
-4.8032801181102363
0
LINE
8
BLACK
6
CONTINUOUS
10
0.9333034251968504
20
-4.8032801181102363
11
0.9320235826771653
21
-4.8097142519685034
0
LINE
8
BLACK
6
CONTINUOUS
10
0.9320235826771653
20
-4.8097142519685034
11
0.9295131102362204
21
-4.815775078740157
0
LINE
8
BLACK
6
CONTINUOUS
10
0.9295131102362204
20
-4.815775078740157
11
0.9258684645669291
21
-4.8212296850393699
0
LINE
8
BLACK
6
CONTINUOUS
10
0.9258684645669291
20
-4.8212296850393699
11
0.9212296850393701
21
-4.8258684645669288
0
LINE
8
BLACK
6
CONTINUOUS
10
0.9212296850393701
20
-4.8258684645669288
11
0.9157750787401575
21
-4.8295131102362205
0
LINE
8
BLACK
6
CONTINUOUS
10
0.9157750787401575
20
-4.8295131102362205
11
0.9097142519685039
21
-4.8320235826771656
0
LINE
8
BLACK
6
CONTINUOUS
10
0.9097142519685039
20
-4.8320235826771656
11
0.9032801181102362
21
-4.8333034251968501
0
LINE
8
BLACK
6
CONTINUOUS
10
0.9032801181102362
20
-4.8333034251968501
11
0.8967198818897638
21
-4.8333034251968501
0
LINE
8
BLACK
6
CONTINUOUS
10
0.8967198818897638
20
-4.8333034251968501
11
0.8902857480314961
21
-4.8320235826771656
0
LINE
8
BLACK
6
CONTINUOUS
10
0.8902857480314961
20
-4.8320235826771656
11
0.8842249212598425
21
-4.8295131102362205
0
LINE
8
BLACK
6
CONTINUOUS
10
0.8842249212598425
20
-4.8295131102362205
11
0.8787703149606299
21
-4.8258684645669288
0
LINE
8
BLACK
6
CONTINUOUS
10
0.8787703149606299
20
-4.8258684645669288
11
0.8741315354330709
21
-4.8212296850393699
0
LINE
8
BLACK
6
CONTINUOUS
10
0.8741315354330709
20
-4.8212296850393699
11
0.8704868897637795
21
-4.815775078740157
0
LINE
8
BLACK
6
CONTINUOUS
10
0.8704868897637795
20
-4.815775078740157
11
0.8679764173228346
21
-4.8097142519685034
0
LINE
8
BLACK
6
CONTINUOUS
10
0.8679764173228346
20
-4.8097142519685034
11
0.8666965748031495
21
-4.8032801181102363
0
LINE
8
BLACK
6
CONTINUOUS
10
0.8666965748031495
20
-4.8032801181102363
11
0.8666965748031495
21
-4.7967198818897634
0
LINE
8
BLACK
6
CONTINUOUS
10
0.8666965748031495
20
-4.7967198818897634
11
0.8679764173228346
21
-4.7902857480314962
0
LINE
8
BLACK
6
CONTINUOUS
10
0.8679764173228346
20
-4.7902857480314962
11
0.8704868897637795
21
-4.7842249212598427
0
LINE
8
BLACK
6
CONTINUOUS
10
0.8704868897637795
20
-4.7842249212598427
11
0.8741315354330709
21
-4.7787703149606298
0
LINE
8
BLACK
6
CONTINUOUS
10
0.8741315354330709
20
-4.7787703149606298
11
0.8787703149606299
21
-4.7741315354330709
0
LINE
8
BLACK
6
CONTINUOUS
10
0.8787703149606299
20
-4.7741315354330709
11
0.8842249212598425
21
-4.7704868897637791
0
LINE
8
BLACK
6
CONTINUOUS
10
0.8842249212598425
20
-4.7704868897637791
11
0.8902857480314961
21
-4.7679764173228349
0
LINE
8
BLACK
6
CONTINUOUS
10
0.8902857480314961
20
-4.7679764173228349
11
0.8967198818897638
21
-4.7666965748031496
0
LINE
8
BLACK
6
CONTINUOUS
10
0.8967198818897638
20
-4.7666965748031496
11
0.9032801181102362
21
-4.7666965748031496
0
LINE
8
BLACK
6
CONTINUOUS
10
0.9032801181102362
20
-4.7666965748031496
11
0.9097142519685039
21
-4.7679764173228349
0
LINE
8
BLACK
6
CONTINUOUS
10
10.409714251968504
20
-4.7679764173228349
11
10.4157750787401575
21
-4.7704868897637791
0
LINE
8
BLACK
6
CONTINUOUS
10
10.4157750787401575
20
-4.7704868897637791
11
10.4212296850393695
21
-4.7741315354330709
0
LINE
8
BLACK
6
CONTINUOUS
10
10.4212296850393695
20
-4.7741315354330709
11
10.4258684645669284
21
-4.7787703149606298
0
LINE
8
BLACK
6
CONTINUOUS
10
10.4258684645669284
20
-4.7787703149606298
11
10.4295131102362202
21
-4.7842249212598427
0
LINE
8
BLACK
6
CONTINUOUS
10
10.4295131102362202
20
-4.7842249212598427
11
10.4320235826771643
21
-4.7902857480314962
0
LINE
8
BLACK
6
CONTINUOUS
10
10.4320235826771643
20
-4.7902857480314962
11
10.4333034251968506
21
-4.7967198818897634
0
LINE
8
BLACK
6
CONTINUOUS
10
10.4333034251968506
20
-4.7967198818897634
11
10.4333034251968506
21
-4.8032801181102363
0
LINE
8
BLACK
6
CONTINUOUS
10
10.4333034251968506
20
-4.8032801181102363
11
10.4320235826771643
21
-4.8097142519685034
0
LINE
8
BLACK
6
CONTINUOUS
10
10.4320235826771643
20
-4.8097142519685034
11
10.4295131102362202
21
-4.815775078740157
0
LINE
8
BLACK
6
CONTINUOUS
10
10.4295131102362202
20
-4.815775078740157
11
10.4258684645669284
21
-4.8212296850393699
0
LINE
8
BLACK
6
CONTINUOUS
10
10.4258684645669284
20
-4.8212296850393699
11
10.4212296850393695
21
-4.8258684645669288
0
LINE
8
BLACK
6
CONTINUOUS
10
10.4212296850393695
20
-4.8258684645669288
11
10.4157750787401575
21
-4.8295131102362205
0
LINE
8
BLACK
6
CONTINUOUS
10
10.4157750787401575
20
-4.8295131102362205
11
10.409714251968504
21
-4.8320235826771656
0
LINE
8
BLACK
6
CONTINUOUS
10
10.409714251968504
20
-4.8320235826771656
11
10.4032801181102368
21
-4.8333034251968501
0
LINE
8
BLACK
6
CONTINUOUS
10
10.4032801181102368
20
-4.8333034251968501
11
10.3967198818897639
21
-4.8333034251968501
0
LINE
8
BLACK
6
CONTINUOUS
10
10.3967198818897639
20
-4.8333034251968501
11
10.390285748031495
21
-4.8320235826771656
0
LINE
8
BLACK
6
CONTINUOUS
10
10.390285748031495
20
-4.8320235826771656
11
10.3842249212598414
21
-4.8295131102362205
0
LINE
8
BLACK
6
CONTINUOUS
10
10.3842249212598414
20
-4.8295131102362205
11
10.3787703149606294
21
-4.8258684645669288
0
LINE
8
BLACK
6
CONTINUOUS
10
10.3787703149606294
20
-4.8258684645669288
11
10.3741315354330705
21
-4.8212296850393699
0
LINE
8
BLACK
6
CONTINUOUS
10
10.3741315354330705
20
-4.8212296850393699
11
10.3704868897637787
21
-4.815775078740157
0
LINE
8
BLACK
6
CONTINUOUS
10
10.3704868897637787
20
-4.815775078740157
11
10.3679764173228346
21
-4.8097142519685034
0
LINE
8
BLACK
6
CONTINUOUS
10
10.3679764173228346
20
-4.8097142519685034
11
10.3666965748031501
21
-4.8032801181102363
0
LINE
8
BLACK
6
CONTINUOUS
10
10.3666965748031501
20
-4.8032801181102363
11
10.3666965748031501
21
-4.7967198818897634
0
LINE
8
BLACK
6
CONTINUOUS
10
10.3666965748031501
20
-4.7967198818897634
11
10.3679764173228346
21
-4.7902857480314962
0
LINE
8
BLACK
6
CONTINUOUS
10
10.3679764173228346
20
-4.7902857480314962
11
10.3704868897637787
21
-4.7842249212598427
0
LINE
8
BLACK
6
CONTINUOUS
10
10.3704868897637787
20
-4.7842249212598427
11
10.3741315354330705
21
-4.7787703149606298
0
LINE
8
BLACK
6
CONTINUOUS
10
10.3741315354330705
20
-4.7787703149606298
11
10.3787703149606294
21
-4.7741315354330709
0
LINE
8
BLACK
6
CONTINUOUS
10
10.3787703149606294
20
-4.7741315354330709
11
10.3842249212598414
21
-4.7704868897637791
0
LINE
8
BLACK
6
CONTINUOUS
10
10.3842249212598414
20
-4.7704868897637791
11
10.390285748031495
21
-4.7679764173228349
0
LINE
8
BLACK
6
CONTINUOUS
10
10.390285748031495
20
-4.7679764173228349
11
10.3967198818897639
21
-4.7666965748031496
0
LINE
8
BLACK
6
CONTINUOUS
10
10.3967198818897639
20
-4.7666965748031496
11
10.4032801181102368
21
-4.7666965748031496
0
LINE
8
BLACK
6
CONTINUOUS
10
10.4032801181102368
20
-4.7666965748031496
11
10.409714251968504
21
-4.7679764173228349
0
LINE
8
BLACK
6
CONTINUOUS
10
2.358196811023622
20
-4.7736276377952755
11
2.3631881102362202
21
-4.7756950787401573
0
LINE
8
BLACK
6
CONTINUOUS
10
2.3631881102362202
20
-4.7756950787401573
11
2.3676801181102363
21
-4.7786965748031491
0
LINE
8
BLACK
6
CONTINUOUS
10
2.3676801181102363
20
-4.7786965748031491
11
2.371500275590551
21
-4.7825167322834643
0
LINE
8
BLACK
6
CONTINUOUS
10
2.371500275590551
20
-4.7825167322834643
11
2.3745017716535433
21
-4.7870087401574803
0
LINE
8
BLACK
6
CONTINUOUS
10
2.3745017716535433
20
-4.7870087401574803
11
2.376569212598425
21
-4.7920000393700786
0
LINE
8
BLACK
6
CONTINUOUS
10
2.376569212598425
20
-4.7920000393700786
11
2.3776231889763779
21
-4.7972987401574798
0
LINE
8
BLACK
6
CONTINUOUS
10
2.3776231889763779
20
-4.7972987401574798
11
2.3776231889763779
21
-4.8027012598425198
0
LINE
8
BLACK
6
CONTINUOUS
10
2.3776231889763779
20
-4.8027012598425198
11
2.376569212598425
21
-4.8079999606299211
0
LINE
8
BLACK
6
CONTINUOUS
10
2.376569212598425
20
-4.8079999606299211
11
2.3745017716535433
21
-4.8129912598425193
0
LINE
8
BLACK
6
CONTINUOUS
10
2.3745017716535433
20
-4.8129912598425193
11
2.371500275590551
21
-4.8174832677165353
0
LINE
8
BLACK
6
CONTINUOUS
10
2.371500275590551
20
-4.8174832677165353
11
2.3676801181102363
21
-4.8213034251968505
0
LINE
8
BLACK
6
CONTINUOUS
10
2.3676801181102363
20
-4.8213034251968505
11
2.3631881102362202
21
-4.8243049212598423
0
LINE
8
BLACK
6
CONTINUOUS
10
2.3631881102362202
20
-4.8243049212598423
11
2.358196811023622
21
-4.8263723622047241
0
LINE
8
BLACK
6
CONTINUOUS
10
2.358196811023622
20
-4.8263723622047241
11
2.3528981102362203
21
-4.8274263385826774
0
LINE
8
BLACK
6
CONTINUOUS
10
2.3528981102362203
20
-4.8274263385826774
11
2.3474955905511812
21
-4.8274263385826774
0
LINE
8
BLACK
6
CONTINUOUS
10
2.3474955905511812
20
-4.8274263385826774
11
2.3421968897637795
21
-4.8263723622047241
0
LINE
8
BLACK
6
CONTINUOUS
10
2.3421968897637795
20
-4.8263723622047241
11
2.3372055905511813
21
-4.8243049212598423
0
LINE
8
BLACK
6
CONTINUOUS
10
2.3372055905511813
20
-4.8243049212598423
11
2.3327135826771652
21
-4.8213034251968505
0
LINE
8
BLACK
6
CONTINUOUS
10
2.3327135826771652
20
-4.8213034251968505
11
2.3288934251968505
21
-4.8174832677165353
0
LINE
8
BLACK
6
CONTINUOUS
10
2.3288934251968505
20
-4.8174832677165353
11
2.3258919291338582
21
-4.8129912598425193
0
LINE
8
BLACK
6
CONTINUOUS
10
2.3258919291338582
20
-4.8129912598425193
11
2.3238244881889765
21
-4.8079999606299211
0
LINE
8
BLACK
6
CONTINUOUS
10
2.3238244881889765
20
-4.8079999606299211
11
2.3227705118110236
21
-4.8027012598425198
0
LINE
8
BLACK
6
CONTINUOUS
10
2.3227705118110236
20
-4.8027012598425198
11
2.3227705118110236
21
-4.7972987401574798
0
LINE
8
BLACK
6
CONTINUOUS
10
2.3227705118110236
20
-4.7972987401574798
11
2.3238244881889765
21
-4.7920000393700786
0
LINE
8
BLACK
6
CONTINUOUS
10
2.3238244881889765
20
-4.7920000393700786
11
2.3258919291338582
21
-4.7870087401574803
0
LINE
8
BLACK
6
CONTINUOUS
10
2.3258919291338582
20
-4.7870087401574803
11
2.3288934251968505
21
-4.7825167322834643
0
LINE
8
BLACK
6
CONTINUOUS
10
2.3288934251968505
20
-4.7825167322834643
11
2.3327135826771652
21
-4.7786965748031491
0
LINE
8
BLACK
6
CONTINUOUS
10
2.3327135826771652
20
-4.7786965748031491
11
2.3372055905511813
21
-4.7756950787401573
0
LINE
8
BLACK
6
CONTINUOUS
10
2.3372055905511813
20
-4.7756950787401573
11
2.3421968897637795
21
-4.7736276377952755
0
LINE
8
BLACK
6
CONTINUOUS
10
2.3421968897637795
20
-4.7736276377952755
11
2.3474955905511812
21
-4.7725736614173231
0
LINE
8
BLACK
6
CONTINUOUS
10
2.3474955905511812
20
-4.7725736614173231
11
2.3528981102362203
21
-4.7725736614173231
0
LINE
8
BLACK
6
CONTINUOUS
10
2.3528981102362203
20
-4.7725736614173231
11
2.358196811023622
21
-4.7736276377952755
0
LINE
8
BLACK
6
CONTINUOUS
10
3.3079999606299211
20
-4.7736276377952755
11
3.3129912598425197
21
-4.7756950787401573
0
LINE
8
BLACK
6
CONTINUOUS
10
3.3129912598425197
20
-4.7756950787401573
11
3.3174832677165353
21
-4.7786965748031491
0
LINE
8
BLACK
6
CONTINUOUS
10
3.3174832677165353
20
-4.7786965748031491
11
3.3213034251968505
21
-4.7825167322834643
0
LINE
8
BLACK
6
CONTINUOUS
10
3.3213034251968505
20
-4.7825167322834643
11
3.3243049212598423
21
-4.7870087401574803
0
LINE
8
BLACK
6
CONTINUOUS
10
3.3243049212598423
20
-4.7870087401574803
11
3.3263723622047245
21
-4.7920000393700786
0
LINE
8
BLACK
6
CONTINUOUS
10
3.3263723622047245
20
-4.7920000393700786
11
3.327426338582677
21
-4.7972987401574798
0
LINE
8
BLACK
6
CONTINUOUS
10
3.327426338582677
20
-4.7972987401574798
11
3.327426338582677
21
-4.8027012598425198
0
LINE
8
BLACK
6
CONTINUOUS
10
3.327426338582677
20
-4.8027012598425198
11
3.3263723622047245
21
-4.8079999606299211
0
LINE
8
BLACK
6
CONTINUOUS
10
3.3263723622047245
20
-4.8079999606299211
11
3.3243049212598423
21
-4.8129912598425193
0
LINE
8
BLACK
6
CONTINUOUS
10
3.3243049212598423
20
-4.8129912598425193
11
3.3213034251968505
21
-4.8174832677165353
0
LINE
8
BLACK
6
CONTINUOUS
10
3.3213034251968505
20
-4.8174832677165353
11
3.3174832677165353
21
-4.8213034251968505
0
LINE
8
BLACK
6
CONTINUOUS
10
3.3174832677165353
20
-4.8213034251968505
11
3.3129912598425197
21
-4.8243049212598423
0
LINE
8
BLACK
6
CONTINUOUS
10
3.3129912598425197
20
-4.8243049212598423
11
3.3079999606299211
21
-4.8263723622047241
0
LINE
8
BLACK
6
CONTINUOUS
10
3.3079999606299211
20
-4.8263723622047241
11
3.3027012598425194
21
-4.8274263385826774
0
LINE
8
BLACK
6
CONTINUOUS
10
3.3027012598425194
20
-4.8274263385826774
11
3.2972987401574803
21
-4.8274263385826774
0
LINE
8
BLACK
6
CONTINUOUS
10
3.2972987401574803
20
-4.8274263385826774
11
3.2920000393700786
21
-4.8263723622047241
0
LINE
8
BLACK
6
CONTINUOUS
10
3.2920000393700786
20
-4.8263723622047241
11
3.2870087401574803
21
-4.8243049212598423
0
LINE
8
BLACK
6
CONTINUOUS
10
3.2870087401574803
20
-4.8243049212598423
11
3.2825167322834643
21
-4.8213034251968505
0
LINE
8
BLACK
6
CONTINUOUS
10
3.2825167322834643
20
-4.8213034251968505
11
3.2786965748031496
21
-4.8174832677165353
0
LINE
8
BLACK
6
CONTINUOUS
10
3.2786965748031496
20
-4.8174832677165353
11
3.2756950787401573
21
-4.8129912598425193
0
LINE
8
BLACK
6
CONTINUOUS
10
3.2756950787401573
20
-4.8129912598425193
11
3.2736276377952755
21
-4.8079999606299211
0
LINE
8
BLACK
6
CONTINUOUS
10
3.2736276377952755
20
-4.8079999606299211
11
3.2725736614173226
21
-4.8027012598425198
0
LINE
8
BLACK
6
CONTINUOUS
10
3.2725736614173226
20
-4.8027012598425198
11
3.2725736614173226
21
-4.7972987401574798
0
LINE
8
BLACK
6
CONTINUOUS
10
3.2725736614173226
20
-4.7972987401574798
11
3.2736276377952755
21
-4.7920000393700786
0
LINE
8
BLACK
6
CONTINUOUS
10
3.2736276377952755
20
-4.7920000393700786
11
3.2756950787401573
21
-4.7870087401574803
0
LINE
8
BLACK
6
CONTINUOUS
10
3.2756950787401573
20
-4.7870087401574803
11
3.2786965748031496
21
-4.7825167322834643
0
LINE
8
BLACK
6
CONTINUOUS
10
3.2786965748031496
20
-4.7825167322834643
11
3.2825167322834643
21
-4.7786965748031491
0
LINE
8
BLACK
6
CONTINUOUS
10
3.2825167322834643
20
-4.7786965748031491
11
3.2870087401574803
21
-4.7756950787401573
0
LINE
8
BLACK
6
CONTINUOUS
10
3.2870087401574803
20
-4.7756950787401573
11
3.2920000393700786
21
-4.7736276377952755
0
LINE
8
BLACK
6
CONTINUOUS
10
3.2920000393700786
20
-4.7736276377952755
11
3.2972987401574803
21
-4.7725736614173231
0
LINE
8
BLACK
6
CONTINUOUS
10
3.2972987401574803
20
-4.7725736614173231
11
3.3027012598425194
21
-4.7725736614173231
0
LINE
8
BLACK
6
CONTINUOUS
10
3.3027012598425194
20
-4.7725736614173231
11
3.3079999606299211
21
-4.7736276377952755
0
LINE
8
BLACK
6
CONTINUOUS
10
3.6079999606299213
20
-4.7736276377952755
11
3.6129912598425196
21
-4.7756950787401573
0
LINE
8
BLACK
6
CONTINUOUS
10
3.6129912598425196
20
-4.7756950787401573
11
3.6174832677165352
21
-4.7786965748031491
0
LINE
8
BLACK
6
CONTINUOUS
10
3.6174832677165352
20
-4.7786965748031491
11
3.6213034251968503
21
-4.7825167322834643
0
LINE
8
BLACK
6
CONTINUOUS
10
3.6213034251968503
20
-4.7825167322834643
11
3.6243049212598426
21
-4.7870087401574803
0
LINE
8
BLACK
6
CONTINUOUS
10
3.6243049212598426
20
-4.7870087401574803
11
3.6263723622047244
21
-4.7920000393700786
0
LINE
8
BLACK
6
CONTINUOUS
10
3.6263723622047244
20
-4.7920000393700786
11
3.6274263385826773
21
-4.7972987401574798
0
LINE
8
BLACK
6
CONTINUOUS
10
3.6274263385826773
20
-4.7972987401574798
11
3.6274263385826773
21
-4.8027012598425198
0
LINE
8
BLACK
6
CONTINUOUS
10
3.6274263385826773
20
-4.8027012598425198
11
3.6263723622047244
21
-4.8079999606299211
0
LINE
8
BLACK
6
CONTINUOUS
10
3.6263723622047244
20
-4.8079999606299211
11
3.6243049212598426
21
-4.8129912598425193
0
LINE
8
BLACK
6
CONTINUOUS
10
3.6243049212598426
20
-4.8129912598425193
11
3.6213034251968503
21
-4.8174832677165353
0
LINE
8
BLACK
6
CONTINUOUS
10
3.6213034251968503
20
-4.8174832677165353
11
3.6174832677165352
21
-4.8213034251968505
0
LINE
8
BLACK
6
CONTINUOUS
10
3.6174832677165352
20
-4.8213034251968505
11
3.6129912598425196
21
-4.8243049212598423
0
LINE
8
BLACK
6
CONTINUOUS
10
3.6129912598425196
20
-4.8243049212598423
11
3.6079999606299213
21
-4.8263723622047241
0
LINE
8
BLACK
6
CONTINUOUS
10
3.6079999606299213
20
-4.8263723622047241
11
3.6027012598425197
21
-4.8274263385826774
0
LINE
8
BLACK
6
CONTINUOUS
10
3.6027012598425197
20
-4.8274263385826774
11
3.5972987401574801
21
-4.8274263385826774
0
LINE
8
BLACK
6
CONTINUOUS
10
3.5972987401574801
20
-4.8274263385826774
11
3.5920000393700788
21
-4.8263723622047241
0
LINE
8
BLACK
6
CONTINUOUS
10
3.5920000393700788
20
-4.8263723622047241
11
3.5870087401574802
21
-4.8243049212598423
0
LINE
8
BLACK
6
CONTINUOUS
10
3.5870087401574802
20
-4.8243049212598423
11
3.5825167322834646
21
-4.8213034251968505
0
LINE
8
BLACK
6
CONTINUOUS
10
3.5825167322834646
20
-4.8213034251968505
11
3.5786965748031494
21
-4.8174832677165353
0
LINE
8
BLACK
6
CONTINUOUS
10
3.5786965748031494
20
-4.8174832677165353
11
3.5756950787401576
21
-4.8129912598425193
0
LINE
8
BLACK
6
CONTINUOUS
10
3.5756950787401576
20
-4.8129912598425193
11
3.5736276377952754
21
-4.8079999606299211
0
LINE
8
BLACK
6
CONTINUOUS
10
3.5736276377952754
20
-4.8079999606299211
11
3.5725736614173229
21
-4.8027012598425198
0
LINE
8
BLACK
6
CONTINUOUS
10
3.5725736614173229
20
-4.8027012598425198
11
3.5725736614173229
21
-4.7972987401574798
0
LINE
8
BLACK
6
CONTINUOUS
10
3.5725736614173229
20
-4.7972987401574798
11
3.5736276377952754
21
-4.7920000393700786
0
LINE
8
BLACK
6
CONTINUOUS
10
3.5736276377952754
20
-4.7920000393700786
11
3.5756950787401576
21
-4.7870087401574803
0
LINE
8
BLACK
6
CONTINUOUS
10
3.5756950787401576
20
-4.7870087401574803
11
3.5786965748031494
21
-4.7825167322834643
0
LINE
8
BLACK
6
CONTINUOUS
10
3.5786965748031494
20
-4.7825167322834643
11
3.5825167322834646
21
-4.7786965748031491
0
LINE
8
BLACK
6
CONTINUOUS
10
3.5825167322834646
20
-4.7786965748031491
11
3.5870087401574802
21
-4.7756950787401573
0
LINE
8
BLACK
6
CONTINUOUS
10
3.5870087401574802
20
-4.7756950787401573
11
3.5920000393700788
21
-4.7736276377952755
0
LINE
8
BLACK
6
CONTINUOUS
10
3.5920000393700788
20
-4.7736276377952755
11
3.5972987401574801
21
-4.7725736614173231
0
LINE
8
BLACK
6
CONTINUOUS
10
3.5972987401574801
20
-4.7725736614173231
11
3.6027012598425197
21
-4.7725736614173231
0
LINE
8
BLACK
6
CONTINUOUS
10
3.6027012598425197
20
-4.7725736614173231
11
3.6079999606299213
21
-4.7736276377952755
0
LINE
8
BLACK
6
CONTINUOUS
10
0.9097142519685039
20
-4.6679764173228344
11
0.9157750787401575
21
-4.6704868897637795
0
LINE
8
BLACK
6
CONTINUOUS
10
0.9157750787401575
20
-4.6704868897637795
11
0.9212296850393701
21
-4.6741315354330704
0
LINE
8
BLACK
6
CONTINUOUS
10
0.9212296850393701
20
-4.6741315354330704
11
0.9258684645669291
21
-4.6787703149606301
0
LINE
8
BLACK
6
CONTINUOUS
10
0.9258684645669291
20
-4.6787703149606301
11
0.9295131102362204
21
-4.6842249212598421
0
LINE
8
BLACK
6
CONTINUOUS
10
0.9295131102362204
20
-4.6842249212598421
11
0.9320235826771653
21
-4.6902857480314957
0
LINE
8
BLACK
6
CONTINUOUS
10
0.9320235826771653
20
-4.6902857480314957
11
0.9333034251968504
21
-4.6967198818897637
0
LINE
8
BLACK
6
CONTINUOUS
10
0.9333034251968504
20
-4.6967198818897637
11
0.9333034251968504
21
-4.7032801181102357
0
LINE
8
BLACK
6
CONTINUOUS
10
0.9333034251968504
20
-4.7032801181102357
11
0.9320235826771653
21
-4.7097142519685038
0
LINE
8
BLACK
6
CONTINUOUS
10
0.9320235826771653
20
-4.7097142519685038
11
0.9295131102362204
21
-4.7157750787401573
0
LINE
8
BLACK
6
CONTINUOUS
10
0.9295131102362204
20
-4.7157750787401573
11
0.9258684645669291
21
-4.7212296850393702
0
LINE
8
BLACK
6
CONTINUOUS
10
0.9258684645669291
20
-4.7212296850393702
11
0.9212296850393701
21
-4.7258684645669291
0
LINE
8
BLACK
6
CONTINUOUS
10
0.9212296850393701
20
-4.7258684645669291
11
0.9157750787401575
21
-4.72951311023622
0
LINE
8
BLACK
6
CONTINUOUS
10
0.9157750787401575
20
-4.72951311023622
11
0.9097142519685039
21
-4.7320235826771651
0
LINE
8
BLACK
6
CONTINUOUS
10
0.9097142519685039
20
-4.7320235826771651
11
0.9032801181102362
21
-4.7333034251968504
0
LINE
8
BLACK
6
CONTINUOUS
10
0.9032801181102362
20
-4.7333034251968504
11
0.8967198818897638
21
-4.7333034251968504
0
LINE
8
BLACK
6
CONTINUOUS
10
0.8967198818897638
20
-4.7333034251968504
11
0.8902857480314961
21
-4.7320235826771651
0
LINE
8
BLACK
6
CONTINUOUS
10
0.8902857480314961
20
-4.7320235826771651
11
0.8842249212598425
21
-4.72951311023622
0
LINE
8
BLACK
6
CONTINUOUS
10
0.8842249212598425
20
-4.72951311023622
11
0.8787703149606299
21
-4.7258684645669291
0
LINE
8
BLACK
6
CONTINUOUS
10
0.8787703149606299
20
-4.7258684645669291
11
0.8741315354330709
21
-4.7212296850393702
0
LINE
8
BLACK
6
CONTINUOUS
10
0.8741315354330709
20
-4.7212296850393702
11
0.8704868897637795
21
-4.7157750787401573
0
LINE
8
BLACK
6
CONTINUOUS
10
0.8704868897637795
20
-4.7157750787401573
11
0.8679764173228346
21
-4.7097142519685038
0
LINE
8
BLACK
6
CONTINUOUS
10
0.8679764173228346
20
-4.7097142519685038
11
0.8666965748031495
21
-4.7032801181102357
0
LINE
8
BLACK
6
CONTINUOUS
10
0.8666965748031495
20
-4.7032801181102357
11
0.8666965748031495
21
-4.6967198818897637
0
LINE
8
BLACK
6
CONTINUOUS
10
0.8666965748031495
20
-4.6967198818897637
11
0.8679764173228346
21
-4.6902857480314957
0
LINE
8
BLACK
6
CONTINUOUS
10
0.8679764173228346
20
-4.6902857480314957
11
0.8704868897637795
21
-4.6842249212598421
0
LINE
8
BLACK
6
CONTINUOUS
10
0.8704868897637795
20
-4.6842249212598421
11
0.8741315354330709
21
-4.6787703149606301
0
LINE
8
BLACK
6
CONTINUOUS
10
0.8741315354330709
20
-4.6787703149606301
11
0.8787703149606299
21
-4.6741315354330704
0
LINE
8
BLACK
6
CONTINUOUS
10
0.8787703149606299
20
-4.6741315354330704
11
0.8842249212598425
21
-4.6704868897637795
0
LINE
8
BLACK
6
CONTINUOUS
10
0.8842249212598425
20
-4.6704868897637795
11
0.8902857480314961
21
-4.6679764173228344
0
LINE
8
BLACK
6
CONTINUOUS
10
0.8902857480314961
20
-4.6679764173228344
11
0.8967198818897638
21
-4.6666965748031499
0
LINE
8
BLACK
6
CONTINUOUS
10
0.8967198818897638
20
-4.6666965748031499
11
0.9032801181102362
21
-4.6666965748031499
0
LINE
8
BLACK
6
CONTINUOUS
10
0.9032801181102362
20
-4.6666965748031499
11
0.9097142519685039
21
-4.6679764173228344
0
LINE
8
BLACK
6
CONTINUOUS
10
10.409714251968504
20
-4.6679764173228344
11
10.4157750787401575
21
-4.6704868897637795
0
LINE
8
BLACK
6
CONTINUOUS
10
10.4157750787401575
20
-4.6704868897637795
11
10.4212296850393695
21
-4.6741315354330704
0
LINE
8
BLACK
6
CONTINUOUS
10
10.4212296850393695
20
-4.6741315354330704
11
10.4258684645669284
21
-4.6787703149606301
0
LINE
8
BLACK
6
CONTINUOUS
10
10.4258684645669284
20
-4.6787703149606301
11
10.4295131102362202
21
-4.6842249212598421
0
LINE
8
BLACK
6
CONTINUOUS
10
10.4295131102362202
20
-4.6842249212598421
11
10.4320235826771643
21
-4.6902857480314957
0
LINE
8
BLACK
6
CONTINUOUS
10
10.4320235826771643
20
-4.6902857480314957
11
10.4333034251968506
21
-4.6967198818897637
0
LINE
8
BLACK
6
CONTINUOUS
10
10.4333034251968506
20
-4.6967198818897637
11
10.4333034251968506
21
-4.7032801181102357
0
LINE
8
BLACK
6
CONTINUOUS
10
10.4333034251968506
20
-4.7032801181102357
11
10.4320235826771643
21
-4.7097142519685038
0
LINE
8
BLACK
6
CONTINUOUS
10
10.4320235826771643
20
-4.7097142519685038
11
10.4295131102362202
21
-4.7157750787401573
0
LINE
8
BLACK
6
CONTINUOUS
10
10.4295131102362202
20
-4.7157750787401573
11
10.4258684645669284
21
-4.7212296850393702
0
LINE
8
BLACK
6
CONTINUOUS
10
10.4258684645669284
20
-4.7212296850393702
11
10.4212296850393695
21
-4.7258684645669291
0
LINE
8
BLACK
6
CONTINUOUS
10
10.4212296850393695
20
-4.7258684645669291
11
10.4157750787401575
21
-4.72951311023622
0
LINE
8
BLACK
6
CONTINUOUS
10
10.4157750787401575
20
-4.72951311023622
11
10.409714251968504
21
-4.7320235826771651
0
LINE
8
BLACK
6
CONTINUOUS
10
10.409714251968504
20
-4.7320235826771651
11
10.4032801181102368
21
-4.7333034251968504
0
LINE
8
BLACK
6
CONTINUOUS
10
10.4032801181102368
20
-4.7333034251968504
11
10.3967198818897639
21
-4.7333034251968504
0
LINE
8
BLACK
6
CONTINUOUS
10
10.3967198818897639
20
-4.7333034251968504
11
10.390285748031495
21
-4.7320235826771651
0
LINE
8
BLACK
6
CONTINUOUS
10
10.390285748031495
20
-4.7320235826771651
11
10.3842249212598414
21
-4.72951311023622
0
LINE
8
BLACK
6
CONTINUOUS
10
10.3842249212598414
20
-4.72951311023622
11
10.3787703149606294
21
-4.7258684645669291
0
LINE
8
BLACK
6
CONTINUOUS
10
10.3787703149606294
20
-4.7258684645669291
11
10.3741315354330705
21
-4.7212296850393702
0
LINE
8
BLACK
6
CONTINUOUS
10
10.3741315354330705
20
-4.7212296850393702
11
10.3704868897637787
21
-4.7157750787401573
0
LINE
8
BLACK
6
CONTINUOUS
10
10.3704868897637787
20
-4.7157750787401573
11
10.3679764173228346
21
-4.7097142519685038
0
LINE
8
BLACK
6
CONTINUOUS
10
10.3679764173228346
20
-4.7097142519685038
11
10.3666965748031501
21
-4.7032801181102357
0
LINE
8
BLACK
6
CONTINUOUS
10
10.3666965748031501
20
-4.7032801181102357
11
10.3666965748031501
21
-4.6967198818897637
0
LINE
8
BLACK
6
CONTINUOUS
10
10.3666965748031501
20
-4.6967198818897637
11
10.3679764173228346
21
-4.6902857480314957
0
LINE
8
BLACK
6
CONTINUOUS
10
10.3679764173228346
20
-4.6902857480314957
11
10.3704868897637787
21
-4.6842249212598421
0
LINE
8
BLACK
6
CONTINUOUS
10
10.3704868897637787
20
-4.6842249212598421
11
10.3741315354330705
21
-4.6787703149606301
0
LINE
8
BLACK
6
CONTINUOUS
10
10.3741315354330705
20
-4.6787703149606301
11
10.3787703149606294
21
-4.6741315354330704
0
LINE
8
BLACK
6
CONTINUOUS
10
10.3787703149606294
20
-4.6741315354330704
11
10.3842249212598414
21
-4.6704868897637795
0
LINE
8
BLACK
6
CONTINUOUS
10
10.3842249212598414
20
-4.6704868897637795
11
10.390285748031495
21
-4.6679764173228344
0
LINE
8
BLACK
6
CONTINUOUS
10
10.390285748031495
20
-4.6679764173228344
11
10.3967198818897639
21
-4.6666965748031499
0
LINE
8
BLACK
6
CONTINUOUS
10
10.3967198818897639
20
-4.6666965748031499
11
10.4032801181102368
21
-4.6666965748031499
0
LINE
8
BLACK
6
CONTINUOUS
10
10.4032801181102368
20
-4.6666965748031499
11
10.409714251968504
21
-4.6679764173228344
0
LINE
8
BLACK
6
CONTINUOUS
10
0.9097142519685039
20
-4.5679764173228348
11
0.9157750787401575
21
-4.5704868897637798
0
LINE
8
BLACK
6
CONTINUOUS
10
0.9157750787401575
20
-4.5704868897637798
11
0.9212296850393701
21
-4.5741315354330707
0
LINE
8
BLACK
6
CONTINUOUS
10
0.9212296850393701
20
-4.5741315354330707
11
0.9258684645669291
21
-4.5787703149606296
0
LINE
8
BLACK
6
CONTINUOUS
10
0.9258684645669291
20
-4.5787703149606296
11
0.9295131102362204
21
-4.5842249212598425
0
LINE
8
BLACK
6
CONTINUOUS
10
0.9295131102362204
20
-4.5842249212598425
11
0.9320235826771653
21
-4.590285748031496
0
LINE
8
BLACK
6
CONTINUOUS
10
0.9320235826771653
20
-4.590285748031496
11
0.9333034251968504
21
-4.5967198818897641
0
LINE
8
BLACK
6
CONTINUOUS
10
0.9333034251968504
20
-4.5967198818897641
11
0.9333034251968504
21
-4.6032801181102361
0
LINE
8
BLACK
6
CONTINUOUS
10
0.9333034251968504
20
-4.6032801181102361
11
0.9320235826771653
21
-4.6097142519685042
0
LINE
8
BLACK
6
CONTINUOUS
10
0.9320235826771653
20
-4.6097142519685042
11
0.9295131102362204
21
-4.6157750787401577
0
LINE
8
BLACK
6
CONTINUOUS
10
0.9295131102362204
20
-4.6157750787401577
11
0.9258684645669291
21
-4.6212296850393697
0
LINE
8
BLACK
6
CONTINUOUS
10
0.9258684645669291
20
-4.6212296850393697
11
0.9212296850393701
21
-4.6258684645669295
0
LINE
8
BLACK
6
CONTINUOUS
10
0.9212296850393701
20
-4.6258684645669295
11
0.9157750787401575
21
-4.6295131102362204
0
LINE
8
BLACK
6
CONTINUOUS
10
0.9157750787401575
20
-4.6295131102362204
11
0.9097142519685039
21
-4.6320235826771654
0
LINE
8
BLACK
6
CONTINUOUS
10
0.9097142519685039
20
-4.6320235826771654
11
0.9032801181102362
21
-4.6333034251968499
0
LINE
8
BLACK
6
CONTINUOUS
10
0.9032801181102362
20
-4.6333034251968499
11
0.8967198818897638
21
-4.6333034251968499
0
LINE
8
BLACK
6
CONTINUOUS
10
0.8967198818897638
20
-4.6333034251968499
11
0.8902857480314961
21
-4.6320235826771654
0
LINE
8
BLACK
6
CONTINUOUS
10
0.8902857480314961
20
-4.6320235826771654
11
0.8842249212598425
21
-4.6295131102362204
0
LINE
8
BLACK
6
CONTINUOUS
10
0.8842249212598425
20
-4.6295131102362204
11
0.8787703149606299
21
-4.6258684645669295
0
LINE
8
BLACK
6
CONTINUOUS
10
0.8787703149606299
20
-4.6258684645669295
11
0.8741315354330709
21
-4.6212296850393697
0
LINE
8
BLACK
6
CONTINUOUS
10
0.8741315354330709
20
-4.6212296850393697
11
0.8704868897637795
21
-4.6157750787401577
0
LINE
8
BLACK
6
CONTINUOUS
10
0.8704868897637795
20
-4.6157750787401577
11
0.8679764173228346
21
-4.6097142519685042
0
LINE
8
BLACK
6
CONTINUOUS
10
0.8679764173228346
20
-4.6097142519685042
11
0.8666965748031495
21
-4.6032801181102361
0
LINE
8
BLACK
6
CONTINUOUS
10
0.8666965748031495
20
-4.6032801181102361
11
0.8666965748031495
21
-4.5967198818897641
0
LINE
8
BLACK
6
CONTINUOUS
10
0.8666965748031495
20
-4.5967198818897641
11
0.8679764173228346
21
-4.590285748031496
0
LINE
8
BLACK
6
CONTINUOUS
10
0.8679764173228346
20
-4.590285748031496
11
0.8704868897637795
21
-4.5842249212598425
0
LINE
8
BLACK
6
CONTINUOUS
10
0.8704868897637795
20
-4.5842249212598425
11
0.8741315354330709
21
-4.5787703149606296
0
LINE
8
BLACK
6
CONTINUOUS
10
0.8741315354330709
20
-4.5787703149606296
11
0.8787703149606299
21
-4.5741315354330707
0
LINE
8
BLACK
6
CONTINUOUS
10
0.8787703149606299
20
-4.5741315354330707
11
0.8842249212598425
21
-4.5704868897637798
0
LINE
8
BLACK
6
CONTINUOUS
10
0.8842249212598425
20
-4.5704868897637798
11
0.8902857480314961
21
-4.5679764173228348
0
LINE
8
BLACK
6
CONTINUOUS
10
0.8902857480314961
20
-4.5679764173228348
11
0.8967198818897638
21
-4.5666965748031494
0
LINE
8
BLACK
6
CONTINUOUS
10
0.8967198818897638
20
-4.5666965748031494
11
0.9032801181102362
21
-4.5666965748031494
0
LINE
8
BLACK
6
CONTINUOUS
10
0.9032801181102362
20
-4.5666965748031494
11
0.9097142519685039
21
-4.5679764173228348
0
LINE
8
BLACK
6
CONTINUOUS
10
10.409714251968504
20
-4.5679764173228348
11
10.4157750787401575
21
-4.5704868897637798
0
LINE
8
BLACK
6
CONTINUOUS
10
10.4157750787401575
20
-4.5704868897637798
11
10.4212296850393695
21
-4.5741315354330707
0
LINE
8
BLACK
6
CONTINUOUS
10
10.4212296850393695
20
-4.5741315354330707
11
10.4258684645669284
21
-4.5787703149606296
0
LINE
8
BLACK
6
CONTINUOUS
10
10.4258684645669284
20
-4.5787703149606296
11
10.4295131102362202
21
-4.5842249212598425
0
LINE
8
BLACK
6
CONTINUOUS
10
10.4295131102362202
20
-4.5842249212598425
11
10.4320235826771643
21
-4.590285748031496
0
LINE
8
BLACK
6
CONTINUOUS
10
10.4320235826771643
20
-4.590285748031496
11
10.4333034251968506
21
-4.5967198818897641
0
LINE
8
BLACK
6
CONTINUOUS
10
10.4333034251968506
20
-4.5967198818897641
11
10.4333034251968506
21
-4.6032801181102361
0
LINE
8
BLACK
6
CONTINUOUS
10
10.4333034251968506
20
-4.6032801181102361
11
10.4320235826771643
21
-4.6097142519685042
0
LINE
8
BLACK
6
CONTINUOUS
10
10.4320235826771643
20
-4.6097142519685042
11
10.4295131102362202
21
-4.6157750787401577
0
LINE
8
BLACK
6
CONTINUOUS
10
10.4295131102362202
20
-4.6157750787401577
11
10.4258684645669284
21
-4.6212296850393697
0
LINE
8
BLACK
6
CONTINUOUS
10
10.4258684645669284
20
-4.6212296850393697
11
10.4212296850393695
21
-4.6258684645669295
0
LINE
8
BLACK
6
CONTINUOUS
10
10.4212296850393695
20
-4.6258684645669295
11
10.4157750787401575
21
-4.6295131102362204
0
LINE
8
BLACK
6
CONTINUOUS
10
10.4157750787401575
20
-4.6295131102362204
11
10.409714251968504
21
-4.6320235826771654
0
LINE
8
BLACK
6
CONTINUOUS
10
10.409714251968504
20
-4.6320235826771654
11
10.4032801181102368
21
-4.6333034251968499
0
LINE
8
BLACK
6
CONTINUOUS
10
10.4032801181102368
20
-4.6333034251968499
11
10.3967198818897639
21
-4.6333034251968499
0
LINE
8
BLACK
6
CONTINUOUS
10
10.3967198818897639
20
-4.6333034251968499
11
10.390285748031495
21
-4.6320235826771654
0
LINE
8
BLACK
6
CONTINUOUS
10
10.390285748031495
20
-4.6320235826771654
11
10.3842249212598414
21
-4.6295131102362204
0
LINE
8
BLACK
6
CONTINUOUS
10
10.3842249212598414
20
-4.6295131102362204
11
10.3787703149606294
21
-4.6258684645669295
0
LINE
8
BLACK
6
CONTINUOUS
10
10.3787703149606294
20
-4.6258684645669295
11
10.3741315354330705
21
-4.6212296850393697
0
LINE
8
BLACK
6
CONTINUOUS
10
10.3741315354330705
20
-4.6212296850393697
11
10.3704868897637787
21
-4.6157750787401577
0
LINE
8
BLACK
6
CONTINUOUS
10
10.3704868897637787
20
-4.6157750787401577
11
10.3679764173228346
21
-4.6097142519685042
0
LINE
8
BLACK
6
CONTINUOUS
10
10.3679764173228346
20
-4.6097142519685042
11
10.3666965748031501
21
-4.6032801181102361
0
LINE
8
BLACK
6
CONTINUOUS
10
10.3666965748031501
20
-4.6032801181102361
11
10.3666965748031501
21
-4.5967198818897641
0
LINE
8
BLACK
6
CONTINUOUS
10
10.3666965748031501
20
-4.5967198818897641
11
10.3679764173228346
21
-4.590285748031496
0
LINE
8
BLACK
6
CONTINUOUS
10
10.3679764173228346
20
-4.590285748031496
11
10.3704868897637787
21
-4.5842249212598425
0
LINE
8
BLACK
6
CONTINUOUS
10
10.3704868897637787
20
-4.5842249212598425
11
10.3741315354330705
21
-4.5787703149606296
0
LINE
8
BLACK
6
CONTINUOUS
10
10.3741315354330705
20
-4.5787703149606296
11
10.3787703149606294
21
-4.5741315354330707
0
LINE
8
BLACK
6
CONTINUOUS
10
10.3787703149606294
20
-4.5741315354330707
11
10.3842249212598414
21
-4.5704868897637798
0
LINE
8
BLACK
6
CONTINUOUS
10
10.3842249212598414
20
-4.5704868897637798
11
10.390285748031495
21
-4.5679764173228348
0
LINE
8
BLACK
6
CONTINUOUS
10
10.390285748031495
20
-4.5679764173228348
11
10.3967198818897639
21
-4.5666965748031494
0
LINE
8
BLACK
6
CONTINUOUS
10
10.3967198818897639
20
-4.5666965748031494
11
10.4032801181102368
21
-4.5666965748031494
0
LINE
8
BLACK
6
CONTINUOUS
10
10.4032801181102368
20
-4.5666965748031494
11
10.409714251968504
21
-4.5679764173228348
0
LINE
8
BLACK
6
CONTINUOUS
10
0.9097142519685039
20
-4.4679764173228342
11
0.9157750787401575
21
-4.4704868897637793
0
LINE
8
BLACK
6
CONTINUOUS
10
0.9157750787401575
20
-4.4704868897637793
11
0.9212296850393701
21
-4.4741315354330711
0
LINE
8
BLACK
6
CONTINUOUS
10
0.9212296850393701
20
-4.4741315354330711
11
0.9258684645669291
21
-4.4787703149606299
0
LINE
8
BLACK
6
CONTINUOUS
10
0.9258684645669291
20
-4.4787703149606299
11
0.9295131102362204
21
-4.4842249212598428
0
LINE
8
BLACK
6
CONTINUOUS
10
0.9295131102362204
20
-4.4842249212598428
11
0.9320235826771653
21
-4.4902857480314964
0
LINE
8
BLACK
6
CONTINUOUS
10
0.9320235826771653
20
-4.4902857480314964
11
0.9333034251968504
21
-4.4967198818897636
0
LINE
8
BLACK
6
CONTINUOUS
10
0.9333034251968504
20
-4.4967198818897636
11
0.9333034251968504
21
-4.5032801181102364
0
LINE
8
BLACK
6
CONTINUOUS
10
0.9333034251968504
20
-4.5032801181102364
11
0.9320235826771653
21
-4.5097142519685036
0
LINE
8
BLACK
6
CONTINUOUS
10
0.9320235826771653
20
-4.5097142519685036
11
0.9295131102362204
21
-4.5157750787401572
0
LINE
8
BLACK
6
CONTINUOUS
10
0.9295131102362204
20
-4.5157750787401572
11
0.9258684645669291
21
-4.5212296850393701
0
LINE
8
BLACK
6
CONTINUOUS
10
0.9258684645669291
20
-4.5212296850393701
11
0.9212296850393701
21
-4.5258684645669289
0
LINE
8
BLACK
6
CONTINUOUS
10
0.9212296850393701
20
-4.5258684645669289
11
0.9157750787401575
21
-4.5295131102362207
0
LINE
8
BLACK
6
CONTINUOUS
10
0.9157750787401575
20
-4.5295131102362207
11
0.9097142519685039
21
-4.5320235826771649
0
LINE
8
BLACK
6
CONTINUOUS
10
0.9097142519685039
20
-4.5320235826771649
11
0.9032801181102362
21
-4.5333034251968503
0
LINE
8
BLACK
6
CONTINUOUS
10
0.9032801181102362
20
-4.5333034251968503
11
0.8967198818897638
21
-4.5333034251968503
0
LINE
8
BLACK
6
CONTINUOUS
10
0.8967198818897638
20
-4.5333034251968503
11
0.8902857480314961
21
-4.5320235826771649
0
LINE
8
BLACK
6
CONTINUOUS
10
0.8902857480314961
20
-4.5320235826771649
11
0.8842249212598425
21
-4.5295131102362207
0
LINE
8
BLACK
6
CONTINUOUS
10
0.8842249212598425
20
-4.5295131102362207
11
0.8787703149606299
21
-4.5258684645669289
0
LINE
8
BLACK
6
CONTINUOUS
10
0.8787703149606299
20
-4.5258684645669289
11
0.8741315354330709
21
-4.5212296850393701
0
LINE
8
BLACK
6
CONTINUOUS
10
0.8741315354330709
20
-4.5212296850393701
11
0.8704868897637795
21
-4.5157750787401572
0
LINE
8
BLACK
6
CONTINUOUS
10
0.8704868897637795
20
-4.5157750787401572
11
0.8679764173228346
21
-4.5097142519685036
0
LINE
8
BLACK
6
CONTINUOUS
10
0.8679764173228346
20
-4.5097142519685036
11
0.8666965748031495
21
-4.5032801181102364
0
LINE
8
BLACK
6
CONTINUOUS
10
0.8666965748031495
20
-4.5032801181102364
11
0.8666965748031495
21
-4.4967198818897636
0
LINE
8
BLACK
6
CONTINUOUS
10
0.8666965748031495
20
-4.4967198818897636
11
0.8679764173228346
21
-4.4902857480314964
0
LINE
8
BLACK
6
CONTINUOUS
10
0.8679764173228346
20
-4.4902857480314964
11
0.8704868897637795
21
-4.4842249212598428
0
LINE
8
BLACK
6
CONTINUOUS
10
0.8704868897637795
20
-4.4842249212598428
11
0.8741315354330709
21
-4.4787703149606299
0
LINE
8
BLACK
6
CONTINUOUS
10
0.8741315354330709
20
-4.4787703149606299
11
0.8787703149606299
21
-4.4741315354330711
0
LINE
8
BLACK
6
CONTINUOUS
10
0.8787703149606299
20
-4.4741315354330711
11
0.8842249212598425
21
-4.4704868897637793
0
LINE
8
BLACK
6
CONTINUOUS
10
0.8842249212598425
20
-4.4704868897637793
11
0.8902857480314961
21
-4.4679764173228342
0
LINE
8
BLACK
6
CONTINUOUS
10
0.8902857480314961
20
-4.4679764173228342
11
0.8967198818897638
21
-4.4666965748031497
0
LINE
8
BLACK
6
CONTINUOUS
10
0.8967198818897638
20
-4.4666965748031497
11
0.9032801181102362
21
-4.4666965748031497
0
LINE
8
BLACK
6
CONTINUOUS
10
0.9032801181102362
20
-4.4666965748031497
11
0.9097142519685039
21
-4.4679764173228342
0
LINE
8
BLACK
6
CONTINUOUS
10
10.409714251968504
20
-4.4679764173228342
11
10.4157750787401575
21
-4.4704868897637793
0
LINE
8
BLACK
6
CONTINUOUS
10
10.4157750787401575
20
-4.4704868897637793
11
10.4212296850393695
21
-4.4741315354330711
0
LINE
8
BLACK
6
CONTINUOUS
10
10.4212296850393695
20
-4.4741315354330711
11
10.4258684645669284
21
-4.4787703149606299
0
LINE
8
BLACK
6
CONTINUOUS
10
10.4258684645669284
20
-4.4787703149606299
11
10.4295131102362202
21
-4.4842249212598428
0
LINE
8
BLACK
6
CONTINUOUS
10
10.4295131102362202
20
-4.4842249212598428
11
10.4320235826771643
21
-4.4902857480314964
0
LINE
8
BLACK
6
CONTINUOUS
10
10.4320235826771643
20
-4.4902857480314964
11
10.4333034251968506
21
-4.4967198818897636
0
LINE
8
BLACK
6
CONTINUOUS
10
10.4333034251968506
20
-4.4967198818897636
11
10.4333034251968506
21
-4.5032801181102364
0
LINE
8
BLACK
6
CONTINUOUS
10
10.4333034251968506
20
-4.5032801181102364
11
10.4320235826771643
21
-4.5097142519685036
0
LINE
8
BLACK
6
CONTINUOUS
10
10.4320235826771643
20
-4.5097142519685036
11
10.4295131102362202
21
-4.5157750787401572
0
LINE
8
BLACK
6
CONTINUOUS
10
10.4295131102362202
20
-4.5157750787401572
11
10.4258684645669284
21
-4.5212296850393701
0
LINE
8
BLACK
6
CONTINUOUS
10
10.4258684645669284
20
-4.5212296850393701
11
10.4212296850393695
21
-4.5258684645669289
0
LINE
8
BLACK
6
CONTINUOUS
10
10.4212296850393695
20
-4.5258684645669289
11
10.4157750787401575
21
-4.5295131102362207
0
LINE
8
BLACK
6
CONTINUOUS
10
10.4157750787401575
20
-4.5295131102362207
11
10.409714251968504
21
-4.5320235826771649
0
LINE
8
BLACK
6
CONTINUOUS
10
10.409714251968504
20
-4.5320235826771649
11
10.4032801181102368
21
-4.5333034251968503
0
LINE
8
BLACK
6
CONTINUOUS
10
10.4032801181102368
20
-4.5333034251968503
11
10.3967198818897639
21
-4.5333034251968503
0
LINE
8
BLACK
6
CONTINUOUS
10
10.3967198818897639
20
-4.5333034251968503
11
10.390285748031495
21
-4.5320235826771649
0
LINE
8
BLACK
6
CONTINUOUS
10
10.390285748031495
20
-4.5320235826771649
11
10.3842249212598414
21
-4.5295131102362207
0
LINE
8
BLACK
6
CONTINUOUS
10
10.3842249212598414
20
-4.5295131102362207
11
10.3787703149606294
21
-4.5258684645669289
0
LINE
8
BLACK
6
CONTINUOUS
10
10.3787703149606294
20
-4.5258684645669289
11
10.3741315354330705
21
-4.5212296850393701
0
LINE
8
BLACK
6
CONTINUOUS
10
10.3741315354330705
20
-4.5212296850393701
11
10.3704868897637787
21
-4.5157750787401572
0
LINE
8
BLACK
6
CONTINUOUS
10
10.3704868897637787
20
-4.5157750787401572
11
10.3679764173228346
21
-4.5097142519685036
0
LINE
8
BLACK
6
CONTINUOUS
10
10.3679764173228346
20
-4.5097142519685036
11
10.3666965748031501
21
-4.5032801181102364
0
LINE
8
BLACK
6
CONTINUOUS
10
10.3666965748031501
20
-4.5032801181102364
11
10.3666965748031501
21
-4.4967198818897636
0
LINE
8
BLACK
6
CONTINUOUS
10
10.3666965748031501
20
-4.4967198818897636
11
10.3679764173228346
21
-4.4902857480314964
0
LINE
8
BLACK
6
CONTINUOUS
10
10.3679764173228346
20
-4.4902857480314964
11
10.3704868897637787
21
-4.4842249212598428
0
LINE
8
BLACK
6
CONTINUOUS
10
10.3704868897637787
20
-4.4842249212598428
11
10.3741315354330705
21
-4.4787703149606299
0
LINE
8
BLACK
6
CONTINUOUS
10
10.3741315354330705
20
-4.4787703149606299
11
10.3787703149606294
21
-4.4741315354330711
0
LINE
8
BLACK
6
CONTINUOUS
10
10.3787703149606294
20
-4.4741315354330711
11
10.3842249212598414
21
-4.4704868897637793
0
LINE
8
BLACK
6
CONTINUOUS
10
10.3842249212598414
20
-4.4704868897637793
11
10.390285748031495
21
-4.4679764173228342
0
LINE
8
BLACK
6
CONTINUOUS
10
10.390285748031495
20
-4.4679764173228342
11
10.3967198818897639
21
-4.4666965748031497
0
LINE
8
BLACK
6
CONTINUOUS
10
10.3967198818897639
20
-4.4666965748031497
11
10.4032801181102368
21
-4.4666965748031497
0
LINE
8
BLACK
6
CONTINUOUS
10
10.4032801181102368
20
-4.4666965748031497
11
10.409714251968504
21
-4.4679764173228342
0
LINE
8
BLACK
6
CONTINUOUS
10
2.358196811023622
20
-4.4736276377952757
11
2.3631881102362202
21
-4.4756950787401575
0
LINE
8
BLACK
6
CONTINUOUS
10
2.3631881102362202
20
-4.4756950787401575
11
2.3676801181102363
21
-4.4786965748031493
0
LINE
8
BLACK
6
CONTINUOUS
10
2.3676801181102363
20
-4.4786965748031493
11
2.371500275590551
21
-4.4825167322834645
0
LINE
8
BLACK
6
CONTINUOUS
10
2.371500275590551
20
-4.4825167322834645
11
2.3745017716535433
21
-4.4870087401574805
0
LINE
8
BLACK
6
CONTINUOUS
10
2.3745017716535433
20
-4.4870087401574805
11
2.376569212598425
21
-4.4920000393700787
0
LINE
8
BLACK
6
CONTINUOUS
10
2.376569212598425
20
-4.4920000393700787
11
2.3776231889763779
21
-4.49729874015748
0
LINE
8
BLACK
6
CONTINUOUS
10
2.3776231889763779
20
-4.49729874015748
11
2.3776231889763779
21
-4.50270125984252
0
LINE
8
BLACK
6
CONTINUOUS
10
2.3776231889763779
20
-4.50270125984252
11
2.376569212598425
21
-4.5079999606299213
0
LINE
8
BLACK
6
CONTINUOUS
10
2.376569212598425
20
-4.5079999606299213
11
2.3745017716535433
21
-4.5129912598425195
0
LINE
8
BLACK
6
CONTINUOUS
10
2.3745017716535433
20
-4.5129912598425195
11
2.371500275590551
21
-4.5174832677165355
0
LINE
8
BLACK
6
CONTINUOUS
10
2.371500275590551
20
-4.5174832677165355
11
2.3676801181102363
21
-4.5213034251968507
0
LINE
8
BLACK
6
CONTINUOUS
10
2.3676801181102363
20
-4.5213034251968507
11
2.3631881102362202
21
-4.5243049212598425
0
LINE
8
BLACK
6
CONTINUOUS
10
2.3631881102362202
20
-4.5243049212598425
11
2.358196811023622
21
-4.5263723622047243
0
LINE
8
BLACK
6
CONTINUOUS
10
2.358196811023622
20
-4.5263723622047243
11
2.3528981102362203
21
-4.5274263385826767
0
LINE
8
BLACK
6
CONTINUOUS
10
2.3528981102362203
20
-4.5274263385826767
11
2.3474955905511812
21
-4.5274263385826767
0
LINE
8
BLACK
6
CONTINUOUS
10
2.3474955905511812
20
-4.5274263385826767
11
2.3421968897637795
21
-4.5263723622047243
0
LINE
8
BLACK
6
CONTINUOUS
10
2.3421968897637795
20
-4.5263723622047243
11
2.3372055905511813
21
-4.5243049212598425
0
LINE
8
BLACK
6
CONTINUOUS
10
2.3372055905511813
20
-4.5243049212598425
11
2.3327135826771652
21
-4.5213034251968507
0
LINE
8
BLACK
6
CONTINUOUS
10
2.3327135826771652
20
-4.5213034251968507
11
2.3288934251968505
21
-4.5174832677165355
0
LINE
8
BLACK
6
CONTINUOUS
10
2.3288934251968505
20
-4.5174832677165355
11
2.3258919291338582
21
-4.5129912598425195
0
LINE
8
BLACK
6
CONTINUOUS
10
2.3258919291338582
20
-4.5129912598425195
11
2.3238244881889765
21
-4.5079999606299213
0
LINE
8
BLACK
6
CONTINUOUS
10
2.3238244881889765
20
-4.5079999606299213
11
2.3227705118110236
21
-4.50270125984252
0
LINE
8
BLACK
6
CONTINUOUS
10
2.3227705118110236
20
-4.50270125984252
11
2.3227705118110236
21
-4.49729874015748
0
LINE
8
BLACK
6
CONTINUOUS
10
2.3227705118110236
20
-4.49729874015748
11
2.3238244881889765
21
-4.4920000393700787
0
LINE
8
BLACK
6
CONTINUOUS
10
2.3238244881889765
20
-4.4920000393700787
11
2.3258919291338582
21
-4.4870087401574805
0
LINE
8
BLACK
6
CONTINUOUS
10
2.3258919291338582
20
-4.4870087401574805
11
2.3288934251968505
21
-4.4825167322834645
0
LINE
8
BLACK
6
CONTINUOUS
10
2.3288934251968505
20
-4.4825167322834645
11
2.3327135826771652
21
-4.4786965748031493
0
LINE
8
BLACK
6
CONTINUOUS
10
2.3327135826771652
20
-4.4786965748031493
11
2.3372055905511813
21
-4.4756950787401575
0
LINE
8
BLACK
6
CONTINUOUS
10
2.3372055905511813
20
-4.4756950787401575
11
2.3421968897637795
21
-4.4736276377952757
0
LINE
8
BLACK
6
CONTINUOUS
10
2.3421968897637795
20
-4.4736276377952757
11
2.3474955905511812
21
-4.4725736614173224
0
LINE
8
BLACK
6
CONTINUOUS
10
2.3474955905511812
20
-4.4725736614173224
11
2.3528981102362203
21
-4.4725736614173224
0
LINE
8
BLACK
6
CONTINUOUS
10
2.3528981102362203
20
-4.4725736614173224
11
2.358196811023622
21
-4.4736276377952757
0
LINE
8
BLACK
6
CONTINUOUS
10
3.3079999606299211
20
-4.4736276377952757
11
3.3129912598425197
21
-4.4756950787401575
0
LINE
8
BLACK
6
CONTINUOUS
10
3.3129912598425197
20
-4.4756950787401575
11
3.3174832677165353
21
-4.4786965748031493
0
LINE
8
BLACK
6
CONTINUOUS
10
3.3174832677165353
20
-4.4786965748031493
11
3.3213034251968505
21
-4.4825167322834645
0
LINE
8
BLACK
6
CONTINUOUS
10
3.3213034251968505
20
-4.4825167322834645
11
3.3243049212598423
21
-4.4870087401574805
0
LINE
8
BLACK
6
CONTINUOUS
10
3.3243049212598423
20
-4.4870087401574805
11
3.3263723622047245
21
-4.4920000393700787
0
LINE
8
BLACK
6
CONTINUOUS
10
3.3263723622047245
20
-4.4920000393700787
11
3.327426338582677
21
-4.49729874015748
0
LINE
8
BLACK
6
CONTINUOUS
10
3.327426338582677
20
-4.49729874015748
11
3.327426338582677
21
-4.50270125984252
0
LINE
8
BLACK
6
CONTINUOUS
10
3.327426338582677
20
-4.50270125984252
11
3.3263723622047245
21
-4.5079999606299213
0
LINE
8
BLACK
6
CONTINUOUS
10
3.3263723622047245
20
-4.5079999606299213
11
3.3243049212598423
21
-4.5129912598425195
0
LINE
8
BLACK
6
CONTINUOUS
10
3.3243049212598423
20
-4.5129912598425195
11
3.3213034251968505
21
-4.5174832677165355
0
LINE
8
BLACK
6
CONTINUOUS
10
3.3213034251968505
20
-4.5174832677165355
11
3.3174832677165353
21
-4.5213034251968507
0
LINE
8
BLACK
6
CONTINUOUS
10
3.3174832677165353
20
-4.5213034251968507
11
3.3129912598425197
21
-4.5243049212598425
0
LINE
8
BLACK
6
CONTINUOUS
10
3.3129912598425197
20
-4.5243049212598425
11
3.3079999606299211
21
-4.5263723622047243
0
LINE
8
BLACK
6
CONTINUOUS
10
3.3079999606299211
20
-4.5263723622047243
11
3.3027012598425194
21
-4.5274263385826767
0
LINE
8
BLACK
6
CONTINUOUS
10
3.3027012598425194
20
-4.5274263385826767
11
3.2972987401574803
21
-4.5274263385826767
0
LINE
8
BLACK
6
CONTINUOUS
10
3.2972987401574803
20
-4.5274263385826767
11
3.2920000393700786
21
-4.5263723622047243
0
LINE
8
BLACK
6
CONTINUOUS
10
3.2920000393700786
20
-4.5263723622047243
11
3.2870087401574803
21
-4.5243049212598425
0
LINE
8
BLACK
6
CONTINUOUS
10
3.2870087401574803
20
-4.5243049212598425
11
3.2825167322834643
21
-4.5213034251968507
0
LINE
8
BLACK
6
CONTINUOUS
10
3.2825167322834643
20
-4.5213034251968507
11
3.2786965748031496
21
-4.5174832677165355
0
LINE
8
BLACK
6
CONTINUOUS
10
3.2786965748031496
20
-4.5174832677165355
11
3.2756950787401573
21
-4.5129912598425195
0
LINE
8
BLACK
6
CONTINUOUS
10
3.2756950787401573
20
-4.5129912598425195
11
3.2736276377952755
21
-4.5079999606299213
0
LINE
8
BLACK
6
CONTINUOUS
10
3.2736276377952755
20
-4.5079999606299213
11
3.2725736614173226
21
-4.50270125984252
0
LINE
8
BLACK
6
CONTINUOUS
10
3.2725736614173226
20
-4.50270125984252
11
3.2725736614173226
21
-4.49729874015748
0
LINE
8
BLACK
6
CONTINUOUS
10
3.2725736614173226
20
-4.49729874015748
11
3.2736276377952755
21
-4.4920000393700787
0
LINE
8
BLACK
6
CONTINUOUS
10
3.2736276377952755
20
-4.4920000393700787
11
3.2756950787401573
21
-4.4870087401574805
0
LINE
8
BLACK
6
CONTINUOUS
10
3.2756950787401573
20
-4.4870087401574805
11
3.2786965748031496
21
-4.4825167322834645
0
LINE
8
BLACK
6
CONTINUOUS
10
3.2786965748031496
20
-4.4825167322834645
11
3.2825167322834643
21
-4.4786965748031493
0
LINE
8
BLACK
6
CONTINUOUS
10
3.2825167322834643
20
-4.4786965748031493
11
3.2870087401574803
21
-4.4756950787401575
0
LINE
8
BLACK
6
CONTINUOUS
10
3.2870087401574803
20
-4.4756950787401575
11
3.2920000393700786
21
-4.4736276377952757
0
LINE
8
BLACK
6
CONTINUOUS
10
3.2920000393700786
20
-4.4736276377952757
11
3.2972987401574803
21
-4.4725736614173224
0
LINE
8
BLACK
6
CONTINUOUS
10
3.2972987401574803
20
-4.4725736614173224
11
3.3027012598425194
21
-4.4725736614173224
0
LINE
8
BLACK
6
CONTINUOUS
10
3.3027012598425194
20
-4.4725736614173224
11
3.3079999606299211
21
-4.4736276377952757
0
LINE
8
BLACK
6
CONTINUOUS
10
0.9334645669291338
20
-4.4334645669291337
11
0.8665354330708661
21
-4.4334645669291337
0
LINE
8
BLACK
6
CONTINUOUS
10
0.8665354330708661
20
-4.4334645669291337
11
0.8665354330708661
21
-4.3665354330708661
0
LINE
8
BLACK
6
CONTINUOUS
10
0.8665354330708661
20
-4.3665354330708661
11
0.9334645669291338
21
-4.3665354330708661
0
LINE
8
BLACK
6
CONTINUOUS
10
0.9334645669291338
20
-4.3665354330708661
11
0.9334645669291338
21
-4.4334645669291337
0
LINE
8
BLACK
6
CONTINUOUS
10
10.4334645669291337
20
-4.4334645669291337
11
10.3665354330708652
21
-4.4334645669291337
0
LINE
8
BLACK
6
CONTINUOUS
10
10.3665354330708652
20
-4.4334645669291337
11
10.3665354330708652
21
-4.3665354330708661
0
LINE
8
BLACK
6
CONTINUOUS
10
10.3665354330708652
20
-4.3665354330708661
11
10.4334645669291337
21
-4.3665354330708661
0
LINE
8
BLACK
6
CONTINUOUS
10
10.4334645669291337
20
-4.3665354330708661
11
10.4334645669291337
21
-4.4334645669291337
0
LINE
8
BLACK
6
CONTINUOUS
10
3.9144371653543306
20
-2.7355981102362206
11
3.9227356692913387
21
-2.7369124803149605
0
LINE
8
BLACK
6
CONTINUOUS
10
3.9227356692913387
20
-2.7369124803149605
11
3.9307263385826769
21
-2.7395088188976375
0
LINE
8
BLACK
6
CONTINUOUS
10
3.9307263385826769
20
-2.7395088188976375
11
3.9382125196850395
21
-2.7433231889763778
0
LINE
8
BLACK
6
CONTINUOUS
10
3.9382125196850395
20
-2.7433231889763778
11
3.9450098031496061
21
-2.7482617322834644
0
LINE
8
BLACK
6
CONTINUOUS
10
3.9450098031496061
20
-2.7482617322834644
11
3.9509508661417323
21
-2.7542027952755905
0
LINE
8
BLACK
6
CONTINUOUS
10
3.9509508661417323
20
-2.7542027952755905
11
3.9558894094488188
21
-2.7610000787401576
0
LINE
8
BLACK
6
CONTINUOUS
10
3.9558894094488188
20
-2.7610000787401576
11
3.9597037795275591
21
-2.7684862598425197
0
LINE
8
BLACK
6
CONTINUOUS
10
3.9597037795275591
20
-2.7684862598425197
11
3.9623001181102362
21
-2.776476929133858
0
LINE
8
BLACK
6
CONTINUOUS
10
3.9623001181102362
20
-2.776476929133858
11
3.9636144881889761
21
-2.7847754330708661
0
LINE
8
BLACK
6
CONTINUOUS
10
3.9636144881889761
20
-2.7847754330708661
11
3.9636144881889761
21
-2.7931773228346457
0
LINE
8
BLACK
6
CONTINUOUS
10
3.9636144881889761
20
-2.7931773228346457
11
3.9623001181102362
21
-2.8014758267716533
0
LINE
8
BLACK
6
CONTINUOUS
10
3.9623001181102362
20
-2.8014758267716533
11
3.9597037795275591
21
-2.809466496062992
0
LINE
8
BLACK
6
CONTINUOUS
10
3.9597037795275591
20
-2.809466496062992
11
3.9558894094488188
21
-2.8169526771653541
0
LINE
8
BLACK
6
CONTINUOUS
10
3.9558894094488188
20
-2.8169526771653541
11
3.9509508661417323
21
-2.8237499606299212
0
LINE
8
BLACK
6
CONTINUOUS
10
3.9509508661417323
20
-2.8237499606299212
11
3.9450098031496061
21
-2.8296910236220474
0
LINE
8
BLACK
6
CONTINUOUS
10
3.9450098031496061
20
-2.8296910236220474
11
3.9382125196850395
21
-2.8346295669291339
0
LINE
8
BLACK
6
CONTINUOUS
10
3.9382125196850395
20
-2.8346295669291339
11
3.9307263385826769
21
-2.8384439370078738
0
LINE
8
BLACK
6
CONTINUOUS
10
3.9307263385826769
20
-2.8384439370078738
11
3.9227356692913387
21
-2.8410402755905513
0
LINE
8
BLACK
6
CONTINUOUS
10
3.9227356692913387
20
-2.8410402755905513
11
3.9144371653543306
21
-2.8423546456692912
0
LINE
8
BLACK
6
CONTINUOUS
10
3.9144371653543306
20
-2.8423546456692912
11
3.910236220472441
21
-2.8425196850393699
0
LINE
8
BLACK
6
CONTINUOUS
10
3.910236220472441
20
-2.8425196850393699
11
3.8897637795275588
21
-2.8425196850393699
0
LINE
8
BLACK
6
CONTINUOUS
10
3.8897637795275588
20
-2.8425196850393699
11
3.8855628346456692
21
-2.8423546456692912
0
LINE
8
BLACK
6
CONTINUOUS
10
3.8855628346456692
20
-2.8423546456692912
11
3.8772643307086612
21
-2.8410402755905513
0
LINE
8
BLACK
6
CONTINUOUS
10
3.8772643307086612
20
-2.8410402755905513
11
3.8692736614173229
21
-2.8384439370078738
0
LINE
8
BLACK
6
CONTINUOUS
10
3.8692736614173229
20
-2.8384439370078738
11
3.8617874803149603
21
-2.8346295669291339
0
LINE
8
BLACK
6
CONTINUOUS
10
3.8617874803149603
20
-2.8346295669291339
11
3.8549901968503937
21
-2.8296910236220474
0
LINE
8
BLACK
6
CONTINUOUS
10
3.8549901968503937
20
-2.8296910236220474
11
3.8490491338582675
21
-2.8237499606299212
0
LINE
8
BLACK
6
CONTINUOUS
10
3.8490491338582675
20
-2.8237499606299212
11
3.844110590551181
21
-2.8169526771653541
0
LINE
8
BLACK
6
CONTINUOUS
10
3.844110590551181
20
-2.8169526771653541
11
3.8402962204724407
21
-2.809466496062992
0
LINE
8
BLACK
6
CONTINUOUS
10
3.8402962204724407
20
-2.809466496062992
11
3.8376998818897636
21
-2.8014758267716533
0
LINE
8
BLACK
6
CONTINUOUS
10
3.8376998818897636
20
-2.8014758267716533
11
3.8363855118110237
21
-2.7931773228346457
0
LINE
8
BLACK
6
CONTINUOUS
10
3.8363855118110237
20
-2.7931773228346457
11
3.8363855118110237
21
-2.7847754330708661
0
LINE
8
BLACK
6
CONTINUOUS
10
3.8363855118110237
20
-2.7847754330708661
11
3.8376998818897636
21
-2.776476929133858
0
LINE
8
BLACK
6
CONTINUOUS
10
3.8376998818897636
20
-2.776476929133858
11
3.8402962204724407
21
-2.7684862598425197
0
LINE
8
BLACK
6
CONTINUOUS
10
3.8402962204724407
20
-2.7684862598425197
11
3.844110590551181
21
-2.7610000787401576
0
LINE
8
BLACK
6
CONTINUOUS
10
3.844110590551181
20
-2.7610000787401576
11
3.8490491338582675
21
-2.7542027952755905
0
LINE
8
BLACK
6
CONTINUOUS
10
3.8490491338582675
20
-2.7542027952755905
11
3.8549901968503937
21
-2.7482617322834644
0
LINE
8
BLACK
6
CONTINUOUS
10
3.8549901968503937
20
-2.7482617322834644
11
3.8617874803149603
21
-2.7433231889763778
0
LINE
8
BLACK
6
CONTINUOUS
10
3.8617874803149603
20
-2.7433231889763778
11
3.8692736614173229
21
-2.7395088188976375
0
LINE
8
BLACK
6
CONTINUOUS
10
3.8692736614173229
20
-2.7395088188976375
11
3.8772643307086612
21
-2.7369124803149605
0
LINE
8
BLACK
6
CONTINUOUS
10
3.8772643307086612
20
-2.7369124803149605
11
3.8855628346456692
21
-2.7355981102362206
0
LINE
8
BLACK
6
CONTINUOUS
10
3.8855628346456692
20
-2.7355981102362206
11
3.8897637795275588
21
-2.7354330708661418
0
LINE
8
BLACK
6
CONTINUOUS
10
3.8897637795275588
20
-2.7354330708661418
11
3.910236220472441
21
-2.7354330708661418
0
LINE
8
BLACK
6
CONTINUOUS
10
3.910236220472441
20
-2.7354330708661418
11
3.9144371653543306
21
-2.7355981102362206
0
LINE
8
BLACK
6
CONTINUOUS
10
5.6108856692913385
20
-2.7641147244094486
11
5.6176773622047245
21
-2.7669279527559056
0
LINE
8
BLACK
6
CONTINUOUS
10
5.6176773622047245
20
-2.7669279527559056
11
5.6237897637795271
21
-2.7710121259842517
0
LINE
8
BLACK
6
CONTINUOUS
10
5.6237897637795271
20
-2.7710121259842517
11
5.6289878740157482
21
-2.7762102362204724
0
LINE
8
BLACK
6
CONTINUOUS
10
5.6289878740157482
20
-2.7762102362204724
11
5.6330720472440943
21
-2.7823226377952754
0
LINE
8
BLACK
6
CONTINUOUS
10
5.6330720472440943
20
-2.7823226377952754
11
5.6358852755905513
21
-2.7891143307086614
0
LINE
8
BLACK
6
CONTINUOUS
10
5.6358852755905513
20
-2.7891143307086614
11
5.6373194094488186
21
-2.7963243700787399
0
LINE
8
BLACK
6
CONTINUOUS
10
5.6373194094488186
20
-2.7963243700787399
11
5.6373194094488186
21
-2.8036756299212597
0
LINE
8
BLACK
6
CONTINUOUS
10
5.6373194094488186
20
-2.8036756299212597
11
5.6358852755905513
21
-2.8108856692913387
0
LINE
8
BLACK
6
CONTINUOUS
10
5.6358852755905513
20
-2.8108856692913387
11
5.6330720472440943
21
-2.8176773622047242
0
LINE
8
BLACK
6
CONTINUOUS
10
5.6330720472440943
20
-2.8176773622047242
11
5.6289878740157482
21
-2.8237897637795273
0
LINE
8
BLACK
6
CONTINUOUS
10
5.6289878740157482
20
-2.8237897637795273
11
5.6237897637795271
21
-2.8289878740157479
0
LINE
8
BLACK
6
CONTINUOUS
10
5.6237897637795271
20
-2.8289878740157479
11
5.6176773622047245
21
-2.8330720472440944
0
LINE
8
BLACK
6
CONTINUOUS
10
5.6176773622047245
20
-2.8330720472440944
11
5.6108856692913385
21
-2.835885275590551
0
LINE
8
BLACK
6
CONTINUOUS
10
5.6108856692913385
20
-2.835885275590551
11
5.60367562992126
21
-2.8373194094488188
0
LINE
8
BLACK
6
CONTINUOUS
10
5.60367562992126
20
-2.8373194094488188
11
5.5963243700787402
21
-2.8373194094488188
0
LINE
8
BLACK
6
CONTINUOUS
10
5.5963243700787402
20
-2.8373194094488188
11
5.5891143307086617
21
-2.835885275590551
0
LINE
8
BLACK
6
CONTINUOUS
10
5.5891143307086617
20
-2.835885275590551
11
5.5823226377952757
21
-2.8330720472440944
0
LINE
8
BLACK
6
CONTINUOUS
10
5.5823226377952757
20
-2.8330720472440944
11
5.5762102362204722
21
-2.8289878740157479
0
LINE
8
BLACK
6
CONTINUOUS
10
5.5762102362204722
20
-2.8289878740157479
11
5.571012125984252
21
-2.8237897637795273
0
LINE
8
BLACK
6
CONTINUOUS
10
5.571012125984252
20
-2.8237897637795273
11
5.566927952755905
21
-2.8176773622047242
0
LINE
8
BLACK
6
CONTINUOUS
10
5.566927952755905
20
-2.8176773622047242
11
5.5641147244094489
21
-2.8108856692913387
0
LINE
8
BLACK
6
CONTINUOUS
10
5.5641147244094489
20
-2.8108856692913387
11
5.5626805905511807
21
-2.8036756299212597
0
LINE
8
BLACK
6
CONTINUOUS
10
5.5626805905511807
20
-2.8036756299212597
11
5.5626805905511807
21
-2.7963243700787399
0
LINE
8
BLACK
6
CONTINUOUS
10
5.5626805905511807
20
-2.7963243700787399
11
5.5641147244094489
21
-2.7891143307086614
0
LINE
8
BLACK
6
CONTINUOUS
10
5.5641147244094489
20
-2.7891143307086614
11
5.566927952755905
21
-2.7823226377952754
0
LINE
8
BLACK
6
CONTINUOUS
10
5.566927952755905
20
-2.7823226377952754
11
5.571012125984252
21
-2.7762102362204724
0
LINE
8
BLACK
6
CONTINUOUS
10
5.571012125984252
20
-2.7762102362204724
11
5.5762102362204722
21
-2.7710121259842517
0
LINE
8
BLACK
6
CONTINUOUS
10
5.5762102362204722
20
-2.7710121259842517
11
5.5823226377952757
21
-2.7669279527559056
0
LINE
8
BLACK
6
CONTINUOUS
10
5.5823226377952757
20
-2.7669279527559056
11
5.5891143307086617
21
-2.7641147244094486
0
LINE
8
BLACK
6
CONTINUOUS
10
5.5891143307086617
20
-2.7641147244094486
11
5.5963243700787402
21
-2.7626805905511809
0
LINE
8
BLACK
6
CONTINUOUS
10
5.5963243700787402
20
-2.7626805905511809
11
5.60367562992126
21
-2.7626805905511809
0
LINE
8
BLACK
6
CONTINUOUS
10
5.60367562992126
20
-2.7626805905511809
11
5.6108856692913385
21
-2.7641147244094486
0
LINE
8
BLACK
6
CONTINUOUS
10
6.2108856692913381
20
-2.7641147244094486
11
6.2176773622047241
21
-2.7669279527559056
0
LINE
8
BLACK
6
CONTINUOUS
10
6.2176773622047241
20
-2.7669279527559056
11
6.2237897637795276
21
-2.7710121259842517
0
LINE
8
BLACK
6
CONTINUOUS
10
6.2237897637795276
20
-2.7710121259842517
11
6.2289878740157478
21
-2.7762102362204724
0
LINE
8
BLACK
6
CONTINUOUS
10
6.2289878740157478
20
-2.7762102362204724
11
6.2330720472440939
21
-2.7823226377952754
0
LINE
8
BLACK
6
CONTINUOUS
10
6.2330720472440939
20
-2.7823226377952754
11
6.2358852755905509
21
-2.7891143307086614
0
LINE
8
BLACK
6
CONTINUOUS
10
6.2358852755905509
20
-2.7891143307086614
11
6.2373194094488191
21
-2.7963243700787399
0
LINE
8
BLACK
6
CONTINUOUS
10
6.2373194094488191
20
-2.7963243700787399
11
6.2373194094488191
21
-2.8036756299212597
0
LINE
8
BLACK
6
CONTINUOUS
10
6.2373194094488191
20
-2.8036756299212597
11
6.2358852755905509
21
-2.8108856692913387
0
LINE
8
BLACK
6
CONTINUOUS
10
6.2358852755905509
20
-2.8108856692913387
11
6.2330720472440939
21
-2.8176773622047242
0
LINE
8
BLACK
6
CONTINUOUS
10
6.2330720472440939
20
-2.8176773622047242
11
6.2289878740157478
21
-2.8237897637795273
0
LINE
8
BLACK
6
CONTINUOUS
10
6.2289878740157478
20
-2.8237897637795273
11
6.2237897637795276
21
-2.8289878740157479
0
LINE
8
BLACK
6
CONTINUOUS
10
6.2237897637795276
20
-2.8289878740157479
11
6.2176773622047241
21
-2.8330720472440944
0
LINE
8
BLACK
6
CONTINUOUS
10
6.2176773622047241
20
-2.8330720472440944
11
6.2108856692913381
21
-2.835885275590551
0
LINE
8
BLACK
6
CONTINUOUS
10
6.2108856692913381
20
-2.835885275590551
11
6.2036756299212596
21
-2.8373194094488188
0
LINE
8
BLACK
6
CONTINUOUS
10
6.2036756299212596
20
-2.8373194094488188
11
6.1963243700787398
21
-2.8373194094488188
0
LINE
8
BLACK
6
CONTINUOUS
10
6.1963243700787398
20
-2.8373194094488188
11
6.1891143307086613
21
-2.835885275590551
0
LINE
8
BLACK
6
CONTINUOUS
10
6.1891143307086613
20
-2.835885275590551
11
6.1823226377952754
21
-2.8330720472440944
0
LINE
8
BLACK
6
CONTINUOUS
10
6.1823226377952754
20
-2.8330720472440944
11
6.1762102362204727
21
-2.8289878740157479
0
LINE
8
BLACK
6
CONTINUOUS
10
6.1762102362204727
20
-2.8289878740157479
11
6.1710121259842516
21
-2.8237897637795273
0
LINE
8
BLACK
6
CONTINUOUS
10
6.1710121259842516
20
-2.8237897637795273
11
6.1669279527559056
21
-2.8176773622047242
0
LINE
8
BLACK
6
CONTINUOUS
10
6.1669279527559056
20
-2.8176773622047242
11
6.1641147244094485
21
-2.8108856692913387
0
LINE
8
BLACK
6
CONTINUOUS
10
6.1641147244094485
20
-2.8108856692913387
11
6.1626805905511812
21
-2.8036756299212597
0
LINE
8
BLACK
6
CONTINUOUS
10
6.1626805905511812
20
-2.8036756299212597
11
6.1626805905511812
21
-2.7963243700787399
0
LINE
8
BLACK
6
CONTINUOUS
10
6.1626805905511812
20
-2.7963243700787399
11
6.1641147244094485
21
-2.7891143307086614
0
LINE
8
BLACK
6
CONTINUOUS
10
6.1641147244094485
20
-2.7891143307086614
11
6.1669279527559056
21
-2.7823226377952754
0
LINE
8
BLACK
6
CONTINUOUS
10
6.1669279527559056
20
-2.7823226377952754
11
6.1710121259842516
21
-2.7762102362204724
0
LINE
8
BLACK
6
CONTINUOUS
10
6.1710121259842516
20
-2.7762102362204724
11
6.1762102362204727
21
-2.7710121259842517
0
LINE
8
BLACK
6
CONTINUOUS
10
6.1762102362204727
20
-2.7710121259842517
11
6.1823226377952754
21
-2.7669279527559056
0
LINE
8
BLACK
6
CONTINUOUS
10
6.1823226377952754
20
-2.7669279527559056
11
6.1891143307086613
21
-2.7641147244094486
0
LINE
8
BLACK
6
CONTINUOUS
10
6.1891143307086613
20
-2.7641147244094486
11
6.1963243700787398
21
-2.7626805905511809
0
LINE
8
BLACK
6
CONTINUOUS
10
6.1963243700787398
20
-2.7626805905511809
11
6.2036756299212596
21
-2.7626805905511809
0
LINE
8
BLACK
6
CONTINUOUS
10
6.2036756299212596
20
-2.7626805905511809
11
6.2108856692913381
21
-2.7641147244094486
0
LINE
8
BLACK
6
CONTINUOUS
10
3.6097142519685037
20
-2.7679764173228345
11
3.6157750787401572
21
-2.7704868897637795
0
LINE
8
BLACK
6
CONTINUOUS
10
3.6157750787401572
20
-2.7704868897637795
11
3.6212296850393701
21
-2.7741315354330709
0
LINE
8
BLACK
6
CONTINUOUS
10
3.6212296850393701
20
-2.7741315354330709
11
3.625868464566929
21
-2.7787703149606298
0
LINE
8
BLACK
6
CONTINUOUS
10
3.625868464566929
20
-2.7787703149606298
11
3.6295131102362204
21
-2.7842249212598427
0
LINE
8
BLACK
6
CONTINUOUS
10
3.6295131102362204
20
-2.7842249212598427
11
3.6320235826771654
21
-2.7902857480314962
0
LINE
8
BLACK
6
CONTINUOUS
10
3.6320235826771654
20
-2.7902857480314962
11
3.6333034251968503
21
-2.7967198818897638
0
LINE
8
BLACK
6
CONTINUOUS
10
3.6333034251968503
20
-2.7967198818897638
11
3.6333034251968503
21
-2.8032801181102363
0
LINE
8
BLACK
6
CONTINUOUS
10
3.6333034251968503
20
-2.8032801181102363
11
3.6320235826771654
21
-2.8097142519685039
0
LINE
8
BLACK
6
CONTINUOUS
10
3.6320235826771654
20
-2.8097142519685039
11
3.6295131102362204
21
-2.8157750787401574
0
LINE
8
BLACK
6
CONTINUOUS
10
3.6295131102362204
20
-2.8157750787401574
11
3.625868464566929
21
-2.8212296850393699
0
LINE
8
BLACK
6
CONTINUOUS
10
3.625868464566929
20
-2.8212296850393699
11
3.6212296850393701
21
-2.8258684645669292
0
LINE
8
BLACK
6
CONTINUOUS
10
3.6212296850393701
20
-2.8258684645669292
11
3.6157750787401572
21
-2.8295131102362205
0
LINE
8
BLACK
6
CONTINUOUS
10
3.6157750787401572
20
-2.8295131102362205
11
3.6097142519685037
21
-2.8320235826771651
0
LINE
8
BLACK
6
CONTINUOUS
10
3.6097142519685037
20
-2.8320235826771651
11
3.6032801181102361
21
-2.8333034251968505
0
LINE
8
BLACK
6
CONTINUOUS
10
3.6032801181102361
20
-2.8333034251968505
11
3.5967198818897637
21
-2.8333034251968505
0
LINE
8
BLACK
6
CONTINUOUS
10
3.5967198818897637
20
-2.8333034251968505
11
3.590285748031496
21
-2.8320235826771651
0
LINE
8
BLACK
6
CONTINUOUS
10
3.590285748031496
20
-2.8320235826771651
11
3.5842249212598425
21
-2.8295131102362205
0
LINE
8
BLACK
6
CONTINUOUS
10
3.5842249212598425
20
-2.8295131102362205
11
3.57877031496063
21
-2.8258684645669292
0
LINE
8
BLACK
6
CONTINUOUS
10
3.57877031496063
20
-2.8258684645669292
11
3.5741315354330707
21
-2.8212296850393699
0
LINE
8
BLACK
6
CONTINUOUS
10
3.5741315354330707
20
-2.8212296850393699
11
3.5704868897637794
21
-2.8157750787401574
0
LINE
8
BLACK
6
CONTINUOUS
10
3.5704868897637794
20
-2.8157750787401574
11
3.5679764173228348
21
-2.8097142519685039
0
LINE
8
BLACK
6
CONTINUOUS
10
3.5679764173228348
20
-2.8097142519685039
11
3.5666965748031494
21
-2.8032801181102363
0
LINE
8
BLACK
6
CONTINUOUS
10
3.5666965748031494
20
-2.8032801181102363
11
3.5666965748031494
21
-2.7967198818897638
0
LINE
8
BLACK
6
CONTINUOUS
10
3.5666965748031494
20
-2.7967198818897638
11
3.5679764173228348
21
-2.7902857480314962
0
LINE
8
BLACK
6
CONTINUOUS
10
3.5679764173228348
20
-2.7902857480314962
11
3.5704868897637794
21
-2.7842249212598427
0
LINE
8
BLACK
6
CONTINUOUS
10
3.5704868897637794
20
-2.7842249212598427
11
3.5741315354330707
21
-2.7787703149606298
0
LINE
8
BLACK
6
CONTINUOUS
10
3.5741315354330707
20
-2.7787703149606298
11
3.57877031496063
21
-2.7741315354330709
0
LINE
8
BLACK
6
CONTINUOUS
10
3.57877031496063
20
-2.7741315354330709
11
3.5842249212598425
21
-2.7704868897637795
0
LINE
8
BLACK
6
CONTINUOUS
10
3.5842249212598425
20
-2.7704868897637795
11
3.590285748031496
21
-2.7679764173228345
0
LINE
8
BLACK
6
CONTINUOUS
10
3.590285748031496
20
-2.7679764173228345
11
3.5967198818897637
21
-2.7666965748031496
0
LINE
8
BLACK
6
CONTINUOUS
10
3.5967198818897637
20
-2.7666965748031496
11
3.6032801181102361
21
-2.7666965748031496
0
LINE
8
BLACK
6
CONTINUOUS
10
3.6032801181102361
20
-2.7666965748031496
11
3.6097142519685037
21
-2.7679764173228345
0
LINE
8
BLACK
6
CONTINUOUS
10
5.2097142519685038
20
-2.7679764173228345
11
5.2157750787401573
21
-2.7704868897637795
0
LINE
8
BLACK
6
CONTINUOUS
10
5.2157750787401573
20
-2.7704868897637795
11
5.2212296850393702
21
-2.7741315354330709
0
LINE
8
BLACK
6
CONTINUOUS
10
5.2212296850393702
20
-2.7741315354330709
11
5.2258684645669291
21
-2.7787703149606298
0
LINE
8
BLACK
6
CONTINUOUS
10
5.2258684645669291
20
-2.7787703149606298
11
5.22951311023622
21
-2.7842249212598427
0
LINE
8
BLACK
6
CONTINUOUS
10
5.22951311023622
20
-2.7842249212598427
11
5.2320235826771651
21
-2.7902857480314962
0
LINE
8
BLACK
6
CONTINUOUS
10
5.2320235826771651
20
-2.7902857480314962
11
5.2333034251968504
21
-2.7967198818897638
0
LINE
8
BLACK
6
CONTINUOUS
10
5.2333034251968504
20
-2.7967198818897638
11
5.2333034251968504
21
-2.8032801181102363
0
LINE
8
BLACK
6
CONTINUOUS
10
5.2333034251968504
20
-2.8032801181102363
11
5.2320235826771651
21
-2.8097142519685039
0
LINE
8
BLACK
6
CONTINUOUS
10
5.2320235826771651
20
-2.8097142519685039
11
5.22951311023622
21
-2.8157750787401574
0
LINE
8
BLACK
6
CONTINUOUS
10
5.22951311023622
20
-2.8157750787401574
11
5.2258684645669291
21
-2.8212296850393699
0
LINE
8
BLACK
6
CONTINUOUS
10
5.2258684645669291
20
-2.8212296850393699
11
5.2212296850393702
21
-2.8258684645669292
0
LINE
8
BLACK
6
CONTINUOUS
10
5.2212296850393702
20
-2.8258684645669292
11
5.2157750787401573
21
-2.8295131102362205
0
LINE
8
BLACK
6
CONTINUOUS
10
5.2157750787401573
20
-2.8295131102362205
11
5.2097142519685038
21
-2.8320235826771651
0
LINE
8
BLACK
6
CONTINUOUS
10
5.2097142519685038
20
-2.8320235826771651
11
5.2032801181102357
21
-2.8333034251968505
0
LINE
8
BLACK
6
CONTINUOUS
10
5.2032801181102357
20
-2.8333034251968505
11
5.1967198818897637
21
-2.8333034251968505
0
LINE
8
BLACK
6
CONTINUOUS
10
5.1967198818897637
20
-2.8333034251968505
11
5.1902857480314957
21
-2.8320235826771651
0
LINE
8
BLACK
6
CONTINUOUS
10
5.1902857480314957
20
-2.8320235826771651
11
5.1842249212598421
21
-2.8295131102362205
0
LINE
8
BLACK
6
CONTINUOUS
10
5.1842249212598421
20
-2.8295131102362205
11
5.1787703149606301
21
-2.8258684645669292
0
LINE
8
BLACK
6
CONTINUOUS
10
5.1787703149606301
20
-2.8258684645669292
11
5.1741315354330704
21
-2.8212296850393699
0
LINE
8
BLACK
6
CONTINUOUS
10
5.1741315354330704
20
-2.8212296850393699
11
5.1704868897637795
21
-2.8157750787401574
0
LINE
8
BLACK
6
CONTINUOUS
10
5.1704868897637795
20
-2.8157750787401574
11
5.1679764173228344
21
-2.8097142519685039
0
LINE
8
BLACK
6
CONTINUOUS
10
5.1679764173228344
20
-2.8097142519685039
11
5.1666965748031499
21
-2.8032801181102363
0
LINE
8
BLACK
6
CONTINUOUS
10
5.1666965748031499
20
-2.8032801181102363
11
5.1666965748031499
21
-2.7967198818897638
0
LINE
8
BLACK
6
CONTINUOUS
10
5.1666965748031499
20
-2.7967198818897638
11
5.1679764173228344
21
-2.7902857480314962
0
LINE
8
BLACK
6
CONTINUOUS
10
5.1679764173228344
20
-2.7902857480314962
11
5.1704868897637795
21
-2.7842249212598427
0
LINE
8
BLACK
6
CONTINUOUS
10
5.1704868897637795
20
-2.7842249212598427
11
5.1741315354330704
21
-2.7787703149606298
0
LINE
8
BLACK
6
CONTINUOUS
10
5.1741315354330704
20
-2.7787703149606298
11
5.1787703149606301
21
-2.7741315354330709
0
LINE
8
BLACK
6
CONTINUOUS
10
5.1787703149606301
20
-2.7741315354330709
11
5.1842249212598421
21
-2.7704868897637795
0
LINE
8
BLACK
6
CONTINUOUS
10
5.1842249212598421
20
-2.7704868897637795
11
5.1902857480314957
21
-2.7679764173228345
0
LINE
8
BLACK
6
CONTINUOUS
10
5.1902857480314957
20
-2.7679764173228345
11
5.1967198818897637
21
-2.7666965748031496
0
LINE
8
BLACK
6
CONTINUOUS
10
5.1967198818897637
20
-2.7666965748031496
11
5.2032801181102357
21
-2.7666965748031496
0
LINE
8
BLACK
6
CONTINUOUS
10
5.2032801181102357
20
-2.7666965748031496
11
5.2097142519685038
21
-2.7679764173228345
0
LINE
8
BLACK
6
CONTINUOUS
10
4.2307086614173226
20
-2.7338582677165353
11
4.1598425196850393
21
-2.7338582677165353
0
LINE
8
BLACK
6
CONTINUOUS
10
4.1598425196850393
20
-2.7338582677165353
11
4.1598425196850393
21
-2.6629921259842519
0
LINE
8
BLACK
6
CONTINUOUS
10
4.1598425196850393
20
-2.6629921259842519
11
4.2307086614173226
21
-2.6629921259842519
0
LINE
8
BLACK
6
CONTINUOUS
10
4.2307086614173226
20
-2.6629921259842519
11
4.2307086614173226
21
-2.7338582677165353
0
LINE
8
BLACK
6
CONTINUOUS
10
3.6097142519685037
20
-2.6679764173228344
11
3.6157750787401572
21
-2.6704868897637795
0
LINE
8
BLACK
6
CONTINUOUS
10
3.6157750787401572
20
-2.6704868897637795
11
3.6212296850393701
21
-2.6741315354330708
0
LINE
8
BLACK
6
CONTINUOUS
10
3.6212296850393701
20
-2.6741315354330708
11
3.625868464566929
21
-2.6787703149606297
0
LINE
8
BLACK
6
CONTINUOUS
10
3.625868464566929
20
-2.6787703149606297
11
3.6295131102362204
21
-2.6842249212598426
0
LINE
8
BLACK
6
CONTINUOUS
10
3.6295131102362204
20
-2.6842249212598426
11
3.6320235826771654
21
-2.6902857480314961
0
LINE
8
BLACK
6
CONTINUOUS
10
3.6320235826771654
20
-2.6902857480314961
11
3.6333034251968503
21
-2.6967198818897637
0
LINE
8
BLACK
6
CONTINUOUS
10
3.6333034251968503
20
-2.6967198818897637
11
3.6333034251968503
21
-2.7032801181102362
0
LINE
8
BLACK
6
CONTINUOUS
10
3.6333034251968503
20
-2.7032801181102362
11
3.6320235826771654
21
-2.7097142519685038
0
LINE
8
BLACK
6
CONTINUOUS
10
3.6320235826771654
20
-2.7097142519685038
11
3.6295131102362204
21
-2.7157750787401573
0
LINE
8
BLACK
6
CONTINUOUS
10
3.6295131102362204
20
-2.7157750787401573
11
3.625868464566929
21
-2.7212296850393702
0
LINE
8
BLACK
6
CONTINUOUS
10
3.625868464566929
20
-2.7212296850393702
11
3.6212296850393701
21
-2.7258684645669291
0
LINE
8
BLACK
6
CONTINUOUS
10
3.6212296850393701
20
-2.7258684645669291
11
3.6157750787401572
21
-2.7295131102362205
0
LINE
8
BLACK
6
CONTINUOUS
10
3.6157750787401572
20
-2.7295131102362205
11
3.6097142519685037
21
-2.7320235826771655
0
LINE
8
BLACK
6
CONTINUOUS
10
3.6097142519685037
20
-2.7320235826771655
11
3.6032801181102361
21
-2.7333034251968504
0
LINE
8
BLACK
6
CONTINUOUS
10
3.6032801181102361
20
-2.7333034251968504
11
3.5967198818897637
21
-2.7333034251968504
0
LINE
8
BLACK
6
CONTINUOUS
10
3.5967198818897637
20
-2.7333034251968504
11
3.590285748031496
21
-2.7320235826771655
0
LINE
8
BLACK
6
CONTINUOUS
10
3.590285748031496
20
-2.7320235826771655
11
3.5842249212598425
21
-2.7295131102362205
0
LINE
8
BLACK
6
CONTINUOUS
10
3.5842249212598425
20
-2.7295131102362205
11
3.57877031496063
21
-2.7258684645669291
0
LINE
8
BLACK
6
CONTINUOUS
10
3.57877031496063
20
-2.7258684645669291
11
3.5741315354330707
21
-2.7212296850393702
0
LINE
8
BLACK
6
CONTINUOUS
10
3.5741315354330707
20
-2.7212296850393702
11
3.5704868897637794
21
-2.7157750787401573
0
LINE
8
BLACK
6
CONTINUOUS
10
3.5704868897637794
20
-2.7157750787401573
11
3.5679764173228348
21
-2.7097142519685038
0
LINE
8
BLACK
6
CONTINUOUS
10
3.5679764173228348
20
-2.7097142519685038
11
3.5666965748031494
21
-2.7032801181102362
0
LINE
8
BLACK
6
CONTINUOUS
10
3.5666965748031494
20
-2.7032801181102362
11
3.5666965748031494
21
-2.6967198818897637
0
LINE
8
BLACK
6
CONTINUOUS
10
3.5666965748031494
20
-2.6967198818897637
11
3.5679764173228348
21
-2.6902857480314961
0
LINE
8
BLACK
6
CONTINUOUS
10
3.5679764173228348
20
-2.6902857480314961
11
3.5704868897637794
21
-2.6842249212598426
0
LINE
8
BLACK
6
CONTINUOUS
10
3.5704868897637794
20
-2.6842249212598426
11
3.5741315354330707
21
-2.6787703149606297
0
LINE
8
BLACK
6
CONTINUOUS
10
3.5741315354330707
20
-2.6787703149606297
11
3.57877031496063
21
-2.6741315354330708
0
LINE
8
BLACK
6
CONTINUOUS
10
3.57877031496063
20
-2.6741315354330708
11
3.5842249212598425
21
-2.6704868897637795
0
LINE
8
BLACK
6
CONTINUOUS
10
3.5842249212598425
20
-2.6704868897637795
11
3.590285748031496
21
-2.6679764173228344
0
LINE
8
BLACK
6
CONTINUOUS
10
3.590285748031496
20
-2.6679764173228344
11
3.5967198818897637
21
-2.6666965748031495
0
LINE
8
BLACK
6
CONTINUOUS
10
3.5967198818897637
20
-2.6666965748031495
11
3.6032801181102361
21
-2.6666965748031495
0
LINE
8
BLACK
6
CONTINUOUS
10
3.6032801181102361
20
-2.6666965748031495
11
3.6097142519685037
21
-2.6679764173228344
0
LINE
8
BLACK
6
CONTINUOUS
10
5.2097142519685038
20
-2.6679764173228344
11
5.2157750787401573
21
-2.6704868897637795
0
LINE
8
BLACK
6
CONTINUOUS
10
5.2157750787401573
20
-2.6704868897637795
11
5.2212296850393702
21
-2.6741315354330708
0
LINE
8
BLACK
6
CONTINUOUS
10
5.2212296850393702
20
-2.6741315354330708
11
5.2258684645669291
21
-2.6787703149606297
0
LINE
8
BLACK
6
CONTINUOUS
10
5.2258684645669291
20
-2.6787703149606297
11
5.22951311023622
21
-2.6842249212598426
0
LINE
8
BLACK
6
CONTINUOUS
10
5.22951311023622
20
-2.6842249212598426
11
5.2320235826771651
21
-2.6902857480314961
0
LINE
8
BLACK
6
CONTINUOUS
10
5.2320235826771651
20
-2.6902857480314961
11
5.2333034251968504
21
-2.6967198818897637
0
LINE
8
BLACK
6
CONTINUOUS
10
5.2333034251968504
20
-2.6967198818897637
11
5.2333034251968504
21
-2.7032801181102362
0
LINE
8
BLACK
6
CONTINUOUS
10
5.2333034251968504
20
-2.7032801181102362
11
5.2320235826771651
21
-2.7097142519685038
0
LINE
8
BLACK
6
CONTINUOUS
10
5.2320235826771651
20
-2.7097142519685038
11
5.22951311023622
21
-2.7157750787401573
0
LINE
8
BLACK
6
CONTINUOUS
10
5.22951311023622
20
-2.7157750787401573
11
5.2258684645669291
21
-2.7212296850393702
0
LINE
8
BLACK
6
CONTINUOUS
10
5.2258684645669291
20
-2.7212296850393702
11
5.2212296850393702
21
-2.7258684645669291
0
LINE
8
BLACK
6
CONTINUOUS
10
5.2212296850393702
20
-2.7258684645669291
11
5.2157750787401573
21
-2.7295131102362205
0
LINE
8
BLACK
6
CONTINUOUS
10
5.2157750787401573
20
-2.7295131102362205
11
5.2097142519685038
21
-2.7320235826771655
0
LINE
8
BLACK
6
CONTINUOUS
10
5.2097142519685038
20
-2.7320235826771655
11
5.2032801181102357
21
-2.7333034251968504
0
LINE
8
BLACK
6
CONTINUOUS
10
5.2032801181102357
20
-2.7333034251968504
11
5.1967198818897637
21
-2.7333034251968504
0
LINE
8
BLACK
6
CONTINUOUS
10
5.1967198818897637
20
-2.7333034251968504
11
5.1902857480314957
21
-2.7320235826771655
0
LINE
8
BLACK
6
CONTINUOUS
10
5.1902857480314957
20
-2.7320235826771655
11
5.1842249212598421
21
-2.7295131102362205
0
LINE
8
BLACK
6
CONTINUOUS
10
5.1842249212598421
20
-2.7295131102362205
11
5.1787703149606301
21
-2.7258684645669291
0
LINE
8
BLACK
6
CONTINUOUS
10
5.1787703149606301
20
-2.7258684645669291
11
5.1741315354330704
21
-2.7212296850393702
0
LINE
8
BLACK
6
CONTINUOUS
10
5.1741315354330704
20
-2.7212296850393702
11
5.1704868897637795
21
-2.7157750787401573
0
LINE
8
BLACK
6
CONTINUOUS
10
5.1704868897637795
20
-2.7157750787401573
11
5.1679764173228344
21
-2.7097142519685038
0
LINE
8
BLACK
6
CONTINUOUS
10
5.1679764173228344
20
-2.7097142519685038
11
5.1666965748031499
21
-2.7032801181102362
0
LINE
8
BLACK
6
CONTINUOUS
10
5.1666965748031499
20
-2.7032801181102362
11
5.1666965748031499
21
-2.6967198818897637
0
LINE
8
BLACK
6
CONTINUOUS
10
5.1666965748031499
20
-2.6967198818897637
11
5.1679764173228344
21
-2.6902857480314961
0
LINE
8
BLACK
6
CONTINUOUS
10
5.1679764173228344
20
-2.6902857480314961
11
5.1704868897637795
21
-2.6842249212598426
0
LINE
8
BLACK
6
CONTINUOUS
10
5.1704868897637795
20
-2.6842249212598426
11
5.1741315354330704
21
-2.6787703149606297
0
LINE
8
BLACK
6
CONTINUOUS
10
5.1741315354330704
20
-2.6787703149606297
11
5.1787703149606301
21
-2.6741315354330708
0
LINE
8
BLACK
6
CONTINUOUS
10
5.1787703149606301
20
-2.6741315354330708
11
5.1842249212598421
21
-2.6704868897637795
0
LINE
8
BLACK
6
CONTINUOUS
10
5.1842249212598421
20
-2.6704868897637795
11
5.1902857480314957
21
-2.6679764173228344
0
LINE
8
BLACK
6
CONTINUOUS
10
5.1902857480314957
20
-2.6679764173228344
11
5.1967198818897637
21
-2.6666965748031495
0
LINE
8
BLACK
6
CONTINUOUS
10
5.1967198818897637
20
-2.6666965748031495
11
5.2032801181102357
21
-2.6666965748031495
0
LINE
8
BLACK
6
CONTINUOUS
10
5.2032801181102357
20
-2.6666965748031495
11
5.2097142519685038
21
-2.6679764173228344
0
LINE
8
BLACK
6
CONTINUOUS
10
4.2055612598425194
20
-2.5660926771653543
11
4.2119786220472442
21
-2.5687508267716535
0
LINE
8
BLACK
6
CONTINUOUS
10
4.2119786220472442
20
-2.5687508267716535
11
4.2177540944881891
21
-2.5726098818897638
0
LINE
8
BLACK
6
CONTINUOUS
10
4.2177540944881891
20
-2.5726098818897638
11
4.2226657086614177
21
-2.577521496062992
0
LINE
8
BLACK
6
CONTINUOUS
10
4.2226657086614177
20
-2.577521496062992
11
4.2265247637795271
21
-2.5832969685039369
0
LINE
8
BLACK
6
CONTINUOUS
10
4.2265247637795271
20
-2.5832969685039369
11
4.2291829133858263
21
-2.5897143307086612
0
LINE
8
BLACK
6
CONTINUOUS
10
4.2291829133858263
20
-2.5897143307086612
11
4.2305380314960628
21
-2.5965269685039369
0
LINE
8
BLACK
6
CONTINUOUS
10
4.2305380314960628
20
-2.5965269685039369
11
4.2305380314960628
21
-2.6034730314960628
0
LINE
8
BLACK
6
CONTINUOUS
10
4.2305380314960628
20
-2.6034730314960628
11
4.2291829133858263
21
-2.6102856692913385
0
LINE
8
BLACK
6
CONTINUOUS
10
4.2291829133858263
20
-2.6102856692913385
11
4.2265247637795271
21
-2.6167030314960629
0
LINE
8
BLACK
6
CONTINUOUS
10
4.2265247637795271
20
-2.6167030314960629
11
4.2226657086614177
21
-2.6224785039370078
0
LINE
8
BLACK
6
CONTINUOUS
10
4.2226657086614177
20
-2.6224785039370078
11
4.2177540944881891
21
-2.6273901181102364
0
LINE
8
BLACK
6
CONTINUOUS
10
4.2177540944881891
20
-2.6273901181102364
11
4.2119786220472442
21
-2.6312491732283463
0
LINE
8
BLACK
6
CONTINUOUS
10
4.2119786220472442
20
-2.6312491732283463
11
4.2055612598425194
21
-2.6339073228346455
0
LINE
8
BLACK
6
CONTINUOUS
10
4.2055612598425194
20
-2.6339073228346455
11
4.1987486220472441
21
-2.6352624409448819
0
LINE
8
BLACK
6
CONTINUOUS
10
4.1987486220472441
20
-2.6352624409448819
11
4.1918025590551178
21
-2.6352624409448819
0
LINE
8
BLACK
6
CONTINUOUS
10
4.1918025590551178
20
-2.6352624409448819
11
4.1849899212598425
21
-2.6339073228346455
0
LINE
8
BLACK
6
CONTINUOUS
10
4.1849899212598425
20
-2.6339073228346455
11
4.1785725590551177
21
-2.6312491732283463
0
LINE
8
BLACK
6
CONTINUOUS
10
4.1785725590551177
20
-2.6312491732283463
11
4.1727970866141728
21
-2.6273901181102364
0
LINE
8
BLACK
6
CONTINUOUS
10
4.1727970866141728
20
-2.6273901181102364
11
4.1678854724409451
21
-2.6224785039370078
0
LINE
8
BLACK
6
CONTINUOUS
10
4.1678854724409451
20
-2.6224785039370078
11
4.1640264173228347
21
-2.6167030314960629
0
LINE
8
BLACK
6
CONTINUOUS
10
4.1640264173228347
20
-2.6167030314960629
11
4.1613682677165356
21
-2.6102856692913385
0
LINE
8
BLACK
6
CONTINUOUS
10
4.1613682677165356
20
-2.6102856692913385
11
4.1600131496062991
21
-2.6034730314960628
0
LINE
8
BLACK
6
CONTINUOUS
10
4.1600131496062991
20
-2.6034730314960628
11
4.1600131496062991
21
-2.5965269685039369
0
LINE
8
BLACK
6
CONTINUOUS
10
4.1600131496062991
20
-2.5965269685039369
11
4.1613682677165356
21
-2.5897143307086612
0
LINE
8
BLACK
6
CONTINUOUS
10
4.1613682677165356
20
-2.5897143307086612
11
4.1640264173228347
21
-2.5832969685039369
0
LINE
8
BLACK
6
CONTINUOUS
10
4.1640264173228347
20
-2.5832969685039369
11
4.1678854724409451
21
-2.577521496062992
0
LINE
8
BLACK
6
CONTINUOUS
10
4.1678854724409451
20
-2.577521496062992
11
4.1727970866141728
21
-2.5726098818897638
0
LINE
8
BLACK
6
CONTINUOUS
10
4.1727970866141728
20
-2.5726098818897638
11
4.1785725590551177
21
-2.5687508267716535
0
LINE
8
BLACK
6
CONTINUOUS
10
4.1785725590551177
20
-2.5687508267716535
11
4.1849899212598425
21
-2.5660926771653543
0
LINE
8
BLACK
6
CONTINUOUS
10
4.1849899212598425
20
-2.5660926771653543
11
4.1918025590551178
21
-2.5647375590551182
0
LINE
8
BLACK
6
CONTINUOUS
10
4.1918025590551178
20
-2.5647375590551182
11
4.1987486220472441
21
-2.5647375590551182
0
LINE
8
BLACK
6
CONTINUOUS
10
4.1987486220472441
20
-2.5647375590551182
11
4.2055612598425194
21
-2.5660926771653543
0
LINE
8
BLACK
6
CONTINUOUS
10
3.6097142519685037
20
-2.5679764173228348
11
3.6157750787401572
21
-2.5704868897637794
0
LINE
8
BLACK
6
CONTINUOUS
10
3.6157750787401572
20
-2.5704868897637794
11
3.6212296850393701
21
-2.5741315354330707
0
LINE
8
BLACK
6
CONTINUOUS
10
3.6212296850393701
20
-2.5741315354330707
11
3.625868464566929
21
-2.57877031496063
0
LINE
8
BLACK
6
CONTINUOUS
10
3.625868464566929
20
-2.57877031496063
11
3.6295131102362204
21
-2.5842249212598425
0
LINE
8
BLACK
6
CONTINUOUS
10
3.6295131102362204
20
-2.5842249212598425
11
3.6320235826771654
21
-2.590285748031496
0
LINE
8
BLACK
6
CONTINUOUS
10
3.6320235826771654
20
-2.590285748031496
11
3.6333034251968503
21
-2.5967198818897637
0
LINE
8
BLACK
6
CONTINUOUS
10
3.6333034251968503
20
-2.5967198818897637
11
3.6333034251968503
21
-2.6032801181102361
0
LINE
8
BLACK
6
CONTINUOUS
10
3.6333034251968503
20
-2.6032801181102361
11
3.6320235826771654
21
-2.6097142519685037
0
LINE
8
BLACK
6
CONTINUOUS
10
3.6320235826771654
20
-2.6097142519685037
11
3.6295131102362204
21
-2.6157750787401572
0
LINE
8
BLACK
6
CONTINUOUS
10
3.6295131102362204
20
-2.6157750787401572
11
3.625868464566929
21
-2.6212296850393701
0
LINE
8
BLACK
6
CONTINUOUS
10
3.625868464566929
20
-2.6212296850393701
11
3.6212296850393701
21
-2.625868464566929
0
LINE
8
BLACK
6
CONTINUOUS
10
3.6212296850393701
20
-2.625868464566929
11
3.6157750787401572
21
-2.6295131102362204
0
LINE
8
BLACK
6
CONTINUOUS
10
3.6157750787401572
20
-2.6295131102362204
11
3.6097142519685037
21
-2.6320235826771654
0
LINE
8
BLACK
6
CONTINUOUS
10
3.6097142519685037
20
-2.6320235826771654
11
3.6032801181102361
21
-2.6333034251968503
0
LINE
8
BLACK
6
CONTINUOUS
10
3.6032801181102361
20
-2.6333034251968503
11
3.5967198818897637
21
-2.6333034251968503
0
LINE
8
BLACK
6
CONTINUOUS
10
3.5967198818897637
20
-2.6333034251968503
11
3.590285748031496
21
-2.6320235826771654
0
LINE
8
BLACK
6
CONTINUOUS
10
3.590285748031496
20
-2.6320235826771654
11
3.5842249212598425
21
-2.6295131102362204
0
LINE
8
BLACK
6
CONTINUOUS
10
3.5842249212598425
20
-2.6295131102362204
11
3.57877031496063
21
-2.625868464566929
0
LINE
8
BLACK
6
CONTINUOUS
10
3.57877031496063
20
-2.625868464566929
11
3.5741315354330707
21
-2.6212296850393701
0
LINE
8
BLACK
6
CONTINUOUS
10
3.5741315354330707
20
-2.6212296850393701
11
3.5704868897637794
21
-2.6157750787401572
0
LINE
8
BLACK
6
CONTINUOUS
10
3.5704868897637794
20
-2.6157750787401572
11
3.5679764173228348
21
-2.6097142519685037
0
LINE
8
BLACK
6
CONTINUOUS
10
3.5679764173228348
20
-2.6097142519685037
11
3.5666965748031494
21
-2.6032801181102361
0
LINE
8
BLACK
6
CONTINUOUS
10
3.5666965748031494
20
-2.6032801181102361
11
3.5666965748031494
21
-2.5967198818897637
0
LINE
8
BLACK
6
CONTINUOUS
10
3.5666965748031494
20
-2.5967198818897637
11
3.5679764173228348
21
-2.590285748031496
0
LINE
8
BLACK
6
CONTINUOUS
10
3.5679764173228348
20
-2.590285748031496
11
3.5704868897637794
21
-2.5842249212598425
0
LINE
8
BLACK
6
CONTINUOUS
10
3.5704868897637794
20
-2.5842249212598425
11
3.5741315354330707
21
-2.57877031496063
0
LINE
8
BLACK
6
CONTINUOUS
10
3.5741315354330707
20
-2.57877031496063
11
3.57877031496063
21
-2.5741315354330707
0
LINE
8
BLACK
6
CONTINUOUS
10
3.57877031496063
20
-2.5741315354330707
11
3.5842249212598425
21
-2.5704868897637794
0
LINE
8
BLACK
6
CONTINUOUS
10
3.5842249212598425
20
-2.5704868897637794
11
3.590285748031496
21
-2.5679764173228348
0
LINE
8
BLACK
6
CONTINUOUS
10
3.590285748031496
20
-2.5679764173228348
11
3.5967198818897637
21
-2.5666965748031494
0
LINE
8
BLACK
6
CONTINUOUS
10
3.5967198818897637
20
-2.5666965748031494
11
3.6032801181102361
21
-2.5666965748031494
0
LINE
8
BLACK
6
CONTINUOUS
10
3.6032801181102361
20
-2.5666965748031494
11
3.6097142519685037
21
-2.5679764173228348
0
LINE
8
BLACK
6
CONTINUOUS
10
5.2097142519685038
20
-2.5679764173228348
11
5.2157750787401573
21
-2.5704868897637794
0
LINE
8
BLACK
6
CONTINUOUS
10
5.2157750787401573
20
-2.5704868897637794
11
5.2212296850393702
21
-2.5741315354330707
0
LINE
8
BLACK
6
CONTINUOUS
10
5.2212296850393702
20
-2.5741315354330707
11
5.2258684645669291
21
-2.57877031496063
0
LINE
8
BLACK
6
CONTINUOUS
10
5.2258684645669291
20
-2.57877031496063
11
5.22951311023622
21
-2.5842249212598425
0
LINE
8
BLACK
6
CONTINUOUS
10
5.22951311023622
20
-2.5842249212598425
11
5.2320235826771651
21
-2.590285748031496
0
LINE
8
BLACK
6
CONTINUOUS
10
5.2320235826771651
20
-2.590285748031496
11
5.2333034251968504
21
-2.5967198818897637
0
LINE
8
BLACK
6
CONTINUOUS
10
5.2333034251968504
20
-2.5967198818897637
11
5.2333034251968504
21
-2.6032801181102361
0
LINE
8
BLACK
6
CONTINUOUS
10
5.2333034251968504
20
-2.6032801181102361
11
5.2320235826771651
21
-2.6097142519685037
0
LINE
8
BLACK
6
CONTINUOUS
10
5.2320235826771651
20
-2.6097142519685037
11
5.22951311023622
21
-2.6157750787401572
0
LINE
8
BLACK
6
CONTINUOUS
10
5.22951311023622
20
-2.6157750787401572
11
5.2258684645669291
21
-2.6212296850393701
0
LINE
8
BLACK
6
CONTINUOUS
10
5.2258684645669291
20
-2.6212296850393701
11
5.2212296850393702
21
-2.625868464566929
0
LINE
8
BLACK
6
CONTINUOUS
10
5.2212296850393702
20
-2.625868464566929
11
5.2157750787401573
21
-2.6295131102362204
0
LINE
8
BLACK
6
CONTINUOUS
10
5.2157750787401573
20
-2.6295131102362204
11
5.2097142519685038
21
-2.6320235826771654
0
LINE
8
BLACK
6
CONTINUOUS
10
5.2097142519685038
20
-2.6320235826771654
11
5.2032801181102357
21
-2.6333034251968503
0
LINE
8
BLACK
6
CONTINUOUS
10
5.2032801181102357
20
-2.6333034251968503
11
5.1967198818897637
21
-2.6333034251968503
0
LINE
8
BLACK
6
CONTINUOUS
10
5.1967198818897637
20
-2.6333034251968503
11
5.1902857480314957
21
-2.6320235826771654
0
LINE
8
BLACK
6
CONTINUOUS
10
5.1902857480314957
20
-2.6320235826771654
11
5.1842249212598421
21
-2.6295131102362204
0
LINE
8
BLACK
6
CONTINUOUS
10
5.1842249212598421
20
-2.6295131102362204
11
5.1787703149606301
21
-2.625868464566929
0
LINE
8
BLACK
6
CONTINUOUS
10
5.1787703149606301
20
-2.625868464566929
11
5.1741315354330704
21
-2.6212296850393701
0
LINE
8
BLACK
6
CONTINUOUS
10
5.1741315354330704
20
-2.6212296850393701
11
5.1704868897637795
21
-2.6157750787401572
0
LINE
8
BLACK
6
CONTINUOUS
10
5.1704868897637795
20
-2.6157750787401572
11
5.1679764173228344
21
-2.6097142519685037
0
LINE
8
BLACK
6
CONTINUOUS
10
5.1679764173228344
20
-2.6097142519685037
11
5.1666965748031499
21
-2.6032801181102361
0
LINE
8
BLACK
6
CONTINUOUS
10
5.1666965748031499
20
-2.6032801181102361
11
5.1666965748031499
21
-2.5967198818897637
0
LINE
8
BLACK
6
CONTINUOUS
10
5.1666965748031499
20
-2.5967198818897637
11
5.1679764173228344
21
-2.590285748031496
0
LINE
8
BLACK
6
CONTINUOUS
10
5.1679764173228344
20
-2.590285748031496
11
5.1704868897637795
21
-2.5842249212598425
0
LINE
8
BLACK
6
CONTINUOUS
10
5.1704868897637795
20
-2.5842249212598425
11
5.1741315354330704
21
-2.57877031496063
0
LINE
8
BLACK
6
CONTINUOUS
10
5.1741315354330704
20
-2.57877031496063
11
5.1787703149606301
21
-2.5741315354330707
0
LINE
8
BLACK
6
CONTINUOUS
10
5.1787703149606301
20
-2.5741315354330707
11
5.1842249212598421
21
-2.5704868897637794
0
LINE
8
BLACK
6
CONTINUOUS
10
5.1842249212598421
20
-2.5704868897637794
11
5.1902857480314957
21
-2.5679764173228348
0
LINE
8
BLACK
6
CONTINUOUS
10
5.1902857480314957
20
-2.5679764173228348
11
5.1967198818897637
21
-2.5666965748031494
0
LINE
8
BLACK
6
CONTINUOUS
10
5.1967198818897637
20
-2.5666965748031494
11
5.2032801181102357
21
-2.5666965748031494
0
LINE
8
BLACK
6
CONTINUOUS
10
5.2032801181102357
20
-2.5666965748031494
11
5.2097142519685038
21
-2.5679764173228348
0
LINE
8
BLACK
6
CONTINUOUS
10
5.6108856692913385
20
-2.4641147244094488
11
5.6176773622047245
21
-2.4669279527559054
0
LINE
8
BLACK
6
CONTINUOUS
10
5.6176773622047245
20
-2.4669279527559054
11
5.6237897637795271
21
-2.4710121259842519
0
LINE
8
BLACK
6
CONTINUOUS
10
5.6237897637795271
20
-2.4710121259842519
11
5.6289878740157482
21
-2.4762102362204725
0
LINE
8
BLACK
6
CONTINUOUS
10
5.6289878740157482
20
-2.4762102362204725
11
5.6330720472440943
21
-2.4823226377952756
0
LINE
8
BLACK
6
CONTINUOUS
10
5.6330720472440943
20
-2.4823226377952756
11
5.6358852755905513
21
-2.4891143307086612
0
LINE
8
BLACK
6
CONTINUOUS
10
5.6358852755905513
20
-2.4891143307086612
11
5.6373194094488186
21
-2.4963243700787401
0
LINE
8
BLACK
6
CONTINUOUS
10
5.6373194094488186
20
-2.4963243700787401
11
5.6373194094488186
21
-2.5036756299212599
0
LINE
8
BLACK
6
CONTINUOUS
10
5.6373194094488186
20
-2.5036756299212599
11
5.6358852755905513
21
-2.5108856692913384
0
LINE
8
BLACK
6
CONTINUOUS
10
5.6358852755905513
20
-2.5108856692913384
11
5.6330720472440943
21
-2.5176773622047244
0
LINE
8
BLACK
6
CONTINUOUS
10
5.6330720472440943
20
-2.5176773622047244
11
5.6289878740157482
21
-2.5237897637795275
0
LINE
8
BLACK
6
CONTINUOUS
10
5.6289878740157482
20
-2.5237897637795275
11
5.6237897637795271
21
-2.5289878740157481
0
LINE
8
BLACK
6
CONTINUOUS
10
5.6237897637795271
20
-2.5289878740157481
11
5.6176773622047245
21
-2.5330720472440946
0
LINE
8
BLACK
6
CONTINUOUS
10
5.6176773622047245
20
-2.5330720472440946
11
5.6108856692913385
21
-2.5358852755905512
0
LINE
8
BLACK
6
CONTINUOUS
10
5.6108856692913385
20
-2.5358852755905512
11
5.60367562992126
21
-2.537319409448819
0
LINE
8
BLACK
6
CONTINUOUS
10
5.60367562992126
20
-2.537319409448819
11
5.5963243700787402
21
-2.537319409448819
0
LINE
8
BLACK
6
CONTINUOUS
10
5.5963243700787402
20
-2.537319409448819
11
5.5891143307086617
21
-2.5358852755905512
0
LINE
8
BLACK
6
CONTINUOUS
10
5.5891143307086617
20
-2.5358852755905512
11
5.5823226377952757
21
-2.5330720472440946
0
LINE
8
BLACK
6
CONTINUOUS
10
5.5823226377952757
20
-2.5330720472440946
11
5.5762102362204722
21
-2.5289878740157481
0
LINE
8
BLACK
6
CONTINUOUS
10
5.5762102362204722
20
-2.5289878740157481
11
5.571012125984252
21
-2.5237897637795275
0
LINE
8
BLACK
6
CONTINUOUS
10
5.571012125984252
20
-2.5237897637795275
11
5.566927952755905
21
-2.5176773622047244
0
LINE
8
BLACK
6
CONTINUOUS
10
5.566927952755905
20
-2.5176773622047244
11
5.5641147244094489
21
-2.5108856692913384
0
LINE
8
BLACK
6
CONTINUOUS
10
5.5641147244094489
20
-2.5108856692913384
11
5.5626805905511807
21
-2.5036756299212599
0
LINE
8
BLACK
6
CONTINUOUS
10
5.5626805905511807
20
-2.5036756299212599
11
5.5626805905511807
21
-2.4963243700787401
0
LINE
8
BLACK
6
CONTINUOUS
10
5.5626805905511807
20
-2.4963243700787401
11
5.5641147244094489
21
-2.4891143307086612
0
LINE
8
BLACK
6
CONTINUOUS
10
5.5641147244094489
20
-2.4891143307086612
11
5.566927952755905
21
-2.4823226377952756
0
LINE
8
BLACK
6
CONTINUOUS
10
5.566927952755905
20
-2.4823226377952756
11
5.571012125984252
21
-2.4762102362204725
0
LINE
8
BLACK
6
CONTINUOUS
10
5.571012125984252
20
-2.4762102362204725
11
5.5762102362204722
21
-2.4710121259842519
0
LINE
8
BLACK
6
CONTINUOUS
10
5.5762102362204722
20
-2.4710121259842519
11
5.5823226377952757
21
-2.4669279527559054
0
LINE
8
BLACK
6
CONTINUOUS
10
5.5823226377952757
20
-2.4669279527559054
11
5.5891143307086617
21
-2.4641147244094488
0
LINE
8
BLACK
6
CONTINUOUS
10
5.5891143307086617
20
-2.4641147244094488
11
5.5963243700787402
21
-2.462680590551181
0
LINE
8
BLACK
6
CONTINUOUS
10
5.5963243700787402
20
-2.462680590551181
11
5.60367562992126
21
-2.462680590551181
0
LINE
8
BLACK
6
CONTINUOUS
10
5.60367562992126
20
-2.462680590551181
11
5.6108856692913385
21
-2.4641147244094488
0
LINE
8
BLACK
6
CONTINUOUS
10
6.2108856692913381
20
-2.4641147244094488
11
6.2176773622047241
21
-2.4669279527559054
0
LINE
8
BLACK
6
CONTINUOUS
10
6.2176773622047241
20
-2.4669279527559054
11
6.2237897637795276
21
-2.4710121259842519
0
LINE
8
BLACK
6
CONTINUOUS
10
6.2237897637795276
20
-2.4710121259842519
11
6.2289878740157478
21
-2.4762102362204725
0
LINE
8
BLACK
6
CONTINUOUS
10
6.2289878740157478
20
-2.4762102362204725
11
6.2330720472440939
21
-2.4823226377952756
0
LINE
8
BLACK
6
CONTINUOUS
10
6.2330720472440939
20
-2.4823226377952756
11
6.2358852755905509
21
-2.4891143307086612
0
LINE
8
BLACK
6
CONTINUOUS
10
6.2358852755905509
20
-2.4891143307086612
11
6.2373194094488191
21
-2.4963243700787401
0
LINE
8
BLACK
6
CONTINUOUS
10
6.2373194094488191
20
-2.4963243700787401
11
6.2373194094488191
21
-2.5036756299212599
0
LINE
8
BLACK
6
CONTINUOUS
10
6.2373194094488191
20
-2.5036756299212599
11
6.2358852755905509
21
-2.5108856692913384
0
LINE
8
BLACK
6
CONTINUOUS
10
6.2358852755905509
20
-2.5108856692913384
11
6.2330720472440939
21
-2.5176773622047244
0
LINE
8
BLACK
6
CONTINUOUS
10
6.2330720472440939
20
-2.5176773622047244
11
6.2289878740157478
21
-2.5237897637795275
0
LINE
8
BLACK
6
CONTINUOUS
10
6.2289878740157478
20
-2.5237897637795275
11
6.2237897637795276
21
-2.5289878740157481
0
LINE
8
BLACK
6
CONTINUOUS
10
6.2237897637795276
20
-2.5289878740157481
11
6.2176773622047241
21
-2.5330720472440946
0
LINE
8
BLACK
6
CONTINUOUS
10
6.2176773622047241
20
-2.5330720472440946
11
6.2108856692913381
21
-2.5358852755905512
0
LINE
8
BLACK
6
CONTINUOUS
10
6.2108856692913381
20
-2.5358852755905512
11
6.2036756299212596
21
-2.537319409448819
0
LINE
8
BLACK
6
CONTINUOUS
10
6.2036756299212596
20
-2.537319409448819
11
6.1963243700787398
21
-2.537319409448819
0
LINE
8
BLACK
6
CONTINUOUS
10
6.1963243700787398
20
-2.537319409448819
11
6.1891143307086613
21
-2.5358852755905512
0
LINE
8
BLACK
6
CONTINUOUS
10
6.1891143307086613
20
-2.5358852755905512
11
6.1823226377952754
21
-2.5330720472440946
0
LINE
8
BLACK
6
CONTINUOUS
10
6.1823226377952754
20
-2.5330720472440946
11
6.1762102362204727
21
-2.5289878740157481
0
LINE
8
BLACK
6
CONTINUOUS
10
6.1762102362204727
20
-2.5289878740157481
11
6.1710121259842516
21
-2.5237897637795275
0
LINE
8
BLACK
6
CONTINUOUS
10
6.1710121259842516
20
-2.5237897637795275
11
6.1669279527559056
21
-2.5176773622047244
0
LINE
8
BLACK
6
CONTINUOUS
10
6.1669279527559056
20
-2.5176773622047244
11
6.1641147244094485
21
-2.5108856692913384
0
LINE
8
BLACK
6
CONTINUOUS
10
6.1641147244094485
20
-2.5108856692913384
11
6.1626805905511812
21
-2.5036756299212599
0
LINE
8
BLACK
6
CONTINUOUS
10
6.1626805905511812
20
-2.5036756299212599
11
6.1626805905511812
21
-2.4963243700787401
0
LINE
8
BLACK
6
CONTINUOUS
10
6.1626805905511812
20
-2.4963243700787401
11
6.1641147244094485
21
-2.4891143307086612
0
LINE
8
BLACK
6
CONTINUOUS
10
6.1641147244094485
20
-2.4891143307086612
11
6.1669279527559056
21
-2.4823226377952756
0
LINE
8
BLACK
6
CONTINUOUS
10
6.1669279527559056
20
-2.4823226377952756
11
6.1710121259842516
21
-2.4762102362204725
0
LINE
8
BLACK
6
CONTINUOUS
10
6.1710121259842516
20
-2.4762102362204725
11
6.1762102362204727
21
-2.4710121259842519
0
LINE
8
BLACK
6
CONTINUOUS
10
6.1762102362204727
20
-2.4710121259842519
11
6.1823226377952754
21
-2.4669279527559054
0
LINE
8
BLACK
6
CONTINUOUS
10
6.1823226377952754
20
-2.4669279527559054
11
6.1891143307086613
21
-2.4641147244094488
0
LINE
8
BLACK
6
CONTINUOUS
10
6.1891143307086613
20
-2.4641147244094488
11
6.1963243700787398
21
-2.462680590551181
0
LINE
8
BLACK
6
CONTINUOUS
10
6.1963243700787398
20
-2.462680590551181
11
6.2036756299212596
21
-2.462680590551181
0
LINE
8
BLACK
6
CONTINUOUS
10
6.2036756299212596
20
-2.462680590551181
11
6.2108856692913381
21
-2.4641147244094488
0
LINE
8
BLACK
6
CONTINUOUS
10
4.2055612598425194
20
-2.4676674803149607
11
4.2119786220472442
21
-2.4703256299212599
0
LINE
8
BLACK
6
CONTINUOUS
10
4.2119786220472442
20
-2.4703256299212599
11
4.2177540944881891
21
-2.4741846850393698
0
LINE
8
BLACK
6
CONTINUOUS
10
4.2177540944881891
20
-2.4741846850393698
11
4.2226657086614177
21
-2.4790962992125984
0
LINE
8
BLACK
6
CONTINUOUS
10
4.2226657086614177
20
-2.4790962992125984
11
4.2265247637795271
21
-2.4848717716535433
0
LINE
8
BLACK
6
CONTINUOUS
10
4.2265247637795271
20
-2.4848717716535433
11
4.2291829133858263
21
-2.4912891338582677
0
LINE
8
BLACK
6
CONTINUOUS
10
4.2291829133858263
20
-2.4912891338582677
11
4.2305380314960628
21
-2.4981017716535434
0
LINE
8
BLACK
6
CONTINUOUS
10
4.2305380314960628
20
-2.4981017716535434
11
4.2305380314960628
21
-2.5050478346456693
0
LINE
8
BLACK
6
CONTINUOUS
10
4.2305380314960628
20
-2.5050478346456693
11
4.2291829133858263
21
-2.511860472440945
0
LINE
8
BLACK
6
CONTINUOUS
10
4.2291829133858263
20
-2.511860472440945
11
4.2265247637795271
21
-2.5182778346456693
0
LINE
8
BLACK
6
CONTINUOUS
10
4.2265247637795271
20
-2.5182778346456693
11
4.2226657086614177
21
-2.5240533070866142
0
LINE
8
BLACK
6
CONTINUOUS
10
4.2226657086614177
20
-2.5240533070866142
11
4.2177540944881891
21
-2.5289649212598424
0
LINE
8
BLACK
6
CONTINUOUS
10
4.2177540944881891
20
-2.5289649212598424
11
4.2119786220472442
21
-2.5328239763779528
0
LINE
8
BLACK
6
CONTINUOUS
10
4.2119786220472442
20
-2.5328239763779528
11
4.2055612598425194
21
-2.5354821259842519
0
LINE
8
BLACK
6
CONTINUOUS
10
4.2055612598425194
20
-2.5354821259842519
11
4.1987486220472441
21
-2.536837244094488
0
LINE
8
BLACK
6
CONTINUOUS
10
4.1987486220472441
20
-2.536837244094488
11
4.1918025590551178
21
-2.536837244094488
0
LINE
8
BLACK
6
CONTINUOUS
10
4.1918025590551178
20
-2.536837244094488
11
4.1849899212598425
21
-2.5354821259842519
0
LINE
8
BLACK
6
CONTINUOUS
10
4.1849899212598425
20
-2.5354821259842519
11
4.1785725590551177
21
-2.5328239763779528
0
LINE
8
BLACK
6
CONTINUOUS
10
4.1785725590551177
20
-2.5328239763779528
11
4.1727970866141728
21
-2.5289649212598424
0
LINE
8
BLACK
6
CONTINUOUS
10
4.1727970866141728
20
-2.5289649212598424
11
4.1678854724409451
21
-2.5240533070866142
0
LINE
8
BLACK
6
CONTINUOUS
10
4.1678854724409451
20
-2.5240533070866142
11
4.1640264173228347
21
-2.5182778346456693
0
LINE
8
BLACK
6
CONTINUOUS
10
4.1640264173228347
20
-2.5182778346456693
11
4.1613682677165356
21
-2.511860472440945
0
LINE
8
BLACK
6
CONTINUOUS
10
4.1613682677165356
20
-2.511860472440945
11
4.1600131496062991
21
-2.5050478346456693
0
LINE
8
BLACK
6
CONTINUOUS
10
4.1600131496062991
20
-2.5050478346456693
11
4.1600131496062991
21
-2.4981017716535434
0
LINE
8
BLACK
6
CONTINUOUS
10
4.1600131496062991
20
-2.4981017716535434
11
4.1613682677165356
21
-2.4912891338582677
0
LINE
8
BLACK
6
CONTINUOUS
10
4.1613682677165356
20
-2.4912891338582677
11
4.1640264173228347
21
-2.4848717716535433
0
LINE
8
BLACK
6
CONTINUOUS
10
4.1640264173228347
20
-2.4848717716535433
11
4.1678854724409451
21
-2.4790962992125984
0
LINE
8
BLACK
6
CONTINUOUS
10
4.1678854724409451
20
-2.4790962992125984
11
4.1727970866141728
21
-2.4741846850393698
0
LINE
8
BLACK
6
CONTINUOUS
10
4.1727970866141728
20
-2.4741846850393698
11
4.1785725590551177
21
-2.4703256299212599
0
LINE
8
BLACK
6
CONTINUOUS
10
4.1785725590551177
20
-2.4703256299212599
11
4.1849899212598425
21
-2.4676674803149607
0
LINE
8
BLACK
6
CONTINUOUS
10
4.1849899212598425
20
-2.4676674803149607
11
4.1918025590551178
21
-2.4663123622047243
0
LINE
8
BLACK
6
CONTINUOUS
10
4.1918025590551178
20
-2.4663123622047243
11
4.1987486220472441
21
-2.4663123622047243
0
LINE
8
BLACK
6
CONTINUOUS
10
4.1987486220472441
20
-2.4663123622047243
11
4.2055612598425194
21
-2.4676674803149607
0
LINE
8
BLACK
6
CONTINUOUS
10
3.6097142519685037
20
-2.4679764173228347
11
3.6157750787401572
21
-2.4704868897637793
0
LINE
8
BLACK
6
CONTINUOUS
10
3.6157750787401572
20
-2.4704868897637793
11
3.6212296850393701
21
-2.4741315354330706
0
LINE
8
BLACK
6
CONTINUOUS
10
3.6212296850393701
20
-2.4741315354330706
11
3.625868464566929
21
-2.4787703149606299
0
LINE
8
BLACK
6
CONTINUOUS
10
3.625868464566929
20
-2.4787703149606299
11
3.6295131102362204
21
-2.4842249212598424
0
LINE
8
BLACK
6
CONTINUOUS
10
3.6295131102362204
20
-2.4842249212598424
11
3.6320235826771654
21
-2.4902857480314959
0
LINE
8
BLACK
6
CONTINUOUS
10
3.6320235826771654
20
-2.4902857480314959
11
3.6333034251968503
21
-2.4967198818897636
0
LINE
8
BLACK
6
CONTINUOUS
10
3.6333034251968503
20
-2.4967198818897636
11
3.6333034251968503
21
-2.503280118110236
0
LINE
8
BLACK
6
CONTINUOUS
10
3.6333034251968503
20
-2.503280118110236
11
3.6320235826771654
21
-2.5097142519685041
0
LINE
8
BLACK
6
CONTINUOUS
10
3.6320235826771654
20
-2.5097142519685041
11
3.6295131102362204
21
-2.5157750787401576
0
LINE
8
BLACK
6
CONTINUOUS
10
3.6295131102362204
20
-2.5157750787401576
11
3.625868464566929
21
-2.5212296850393701
0
LINE
8
BLACK
6
CONTINUOUS
10
3.625868464566929
20
-2.5212296850393701
11
3.6212296850393701
21
-2.5258684645669289
0
LINE
8
BLACK
6
CONTINUOUS
10
3.6212296850393701
20
-2.5258684645669289
11
3.6157750787401572
21
-2.5295131102362203
0
LINE
8
BLACK
6
CONTINUOUS
10
3.6157750787401572
20
-2.5295131102362203
11
3.6097142519685037
21
-2.5320235826771653
0
LINE
8
BLACK
6
CONTINUOUS
10
3.6097142519685037
20
-2.5320235826771653
11
3.6032801181102361
21
-2.5333034251968503
0
LINE
8
BLACK
6
CONTINUOUS
10
3.6032801181102361
20
-2.5333034251968503
11
3.5967198818897637
21
-2.5333034251968503
0
LINE
8
BLACK
6
CONTINUOUS
10
3.5967198818897637
20
-2.5333034251968503
11
3.590285748031496
21
-2.5320235826771653
0
LINE
8
BLACK
6
CONTINUOUS
10
3.590285748031496
20
-2.5320235826771653
11
3.5842249212598425
21
-2.5295131102362203
0
LINE
8
BLACK
6
CONTINUOUS
10
3.5842249212598425
20
-2.5295131102362203
11
3.57877031496063
21
-2.5258684645669289
0
LINE
8
BLACK
6
CONTINUOUS
10
3.57877031496063
20
-2.5258684645669289
11
3.5741315354330707
21
-2.5212296850393701
0
LINE
8
BLACK
6
CONTINUOUS
10
3.5741315354330707
20
-2.5212296850393701
11
3.5704868897637794
21
-2.5157750787401576
0
LINE
8
BLACK
6
CONTINUOUS
10
3.5704868897637794
20
-2.5157750787401576
11
3.5679764173228348
21
-2.5097142519685041
0
LINE
8
BLACK
6
CONTINUOUS
10
3.5679764173228348
20
-2.5097142519685041
11
3.5666965748031494
21
-2.503280118110236
0
LINE
8
BLACK
6
CONTINUOUS
10
3.5666965748031494
20
-2.503280118110236
11
3.5666965748031494
21
-2.4967198818897636
0
LINE
8
BLACK
6
CONTINUOUS
10
3.5666965748031494
20
-2.4967198818897636
11
3.5679764173228348
21
-2.4902857480314959
0
LINE
8
BLACK
6
CONTINUOUS
10
3.5679764173228348
20
-2.4902857480314959
11
3.5704868897637794
21
-2.4842249212598424
0
LINE
8
BLACK
6
CONTINUOUS
10
3.5704868897637794
20
-2.4842249212598424
11
3.5741315354330707
21
-2.4787703149606299
0
LINE
8
BLACK
6
CONTINUOUS
10
3.5741315354330707
20
-2.4787703149606299
11
3.57877031496063
21
-2.4741315354330706
0
LINE
8
BLACK
6
CONTINUOUS
10
3.57877031496063
20
-2.4741315354330706
11
3.5842249212598425
21
-2.4704868897637793
0
LINE
8
BLACK
6
CONTINUOUS
10
3.5842249212598425
20
-2.4704868897637793
11
3.590285748031496
21
-2.4679764173228347
0
LINE
8
BLACK
6
CONTINUOUS
10
3.590285748031496
20
-2.4679764173228347
11
3.5967198818897637
21
-2.4666965748031497
0
LINE
8
BLACK
6
CONTINUOUS
10
3.5967198818897637
20
-2.4666965748031497
11
3.6032801181102361
21
-2.4666965748031497
0
LINE
8
BLACK
6
CONTINUOUS
10
3.6032801181102361
20
-2.4666965748031497
11
3.6097142519685037
21
-2.4679764173228347
0
LINE
8
BLACK
6
CONTINUOUS
10
5.2097142519685038
20
-2.4679764173228347
11
5.2157750787401573
21
-2.4704868897637793
0
LINE
8
BLACK
6
CONTINUOUS
10
5.2157750787401573
20
-2.4704868897637793
11
5.2212296850393702
21
-2.4741315354330706
0
LINE
8
BLACK
6
CONTINUOUS
10
5.2212296850393702
20
-2.4741315354330706
11
5.2258684645669291
21
-2.4787703149606299
0
LINE
8
BLACK
6
CONTINUOUS
10
5.2258684645669291
20
-2.4787703149606299
11
5.22951311023622
21
-2.4842249212598424
0
LINE
8
BLACK
6
CONTINUOUS
10
5.22951311023622
20
-2.4842249212598424
11
5.2320235826771651
21
-2.4902857480314959
0
LINE
8
BLACK
6
CONTINUOUS
10
5.2320235826771651
20
-2.4902857480314959
11
5.2333034251968504
21
-2.4967198818897636
0
LINE
8
BLACK
6
CONTINUOUS
10
5.2333034251968504
20
-2.4967198818897636
11
5.2333034251968504
21
-2.503280118110236
0
LINE
8
BLACK
6
CONTINUOUS
10
5.2333034251968504
20
-2.503280118110236
11
5.2320235826771651
21
-2.5097142519685041
0
LINE
8
BLACK
6
CONTINUOUS
10
5.2320235826771651
20
-2.5097142519685041
11
5.22951311023622
21
-2.5157750787401576
0
LINE
8
BLACK
6
CONTINUOUS
10
5.22951311023622
20
-2.5157750787401576
11
5.2258684645669291
21
-2.5212296850393701
0
LINE
8
BLACK
6
CONTINUOUS
10
5.2258684645669291
20
-2.5212296850393701
11
5.2212296850393702
21
-2.5258684645669289
0
LINE
8
BLACK
6
CONTINUOUS
10
5.2212296850393702
20
-2.5258684645669289
11
5.2157750787401573
21
-2.5295131102362203
0
LINE
8
BLACK
6
CONTINUOUS
10
5.2157750787401573
20
-2.5295131102362203
11
5.2097142519685038
21
-2.5320235826771653
0
LINE
8
BLACK
6
CONTINUOUS
10
5.2097142519685038
20
-2.5320235826771653
11
5.2032801181102357
21
-2.5333034251968503
0
LINE
8
BLACK
6
CONTINUOUS
10
5.2032801181102357
20
-2.5333034251968503
11
5.1967198818897637
21
-2.5333034251968503
0
LINE
8
BLACK
6
CONTINUOUS
10
5.1967198818897637
20
-2.5333034251968503
11
5.1902857480314957
21
-2.5320235826771653
0
LINE
8
BLACK
6
CONTINUOUS
10
5.1902857480314957
20
-2.5320235826771653
11
5.1842249212598421
21
-2.5295131102362203
0
LINE
8
BLACK
6
CONTINUOUS
10
5.1842249212598421
20
-2.5295131102362203
11
5.1787703149606301
21
-2.5258684645669289
0
LINE
8
BLACK
6
CONTINUOUS
10
5.1787703149606301
20
-2.5258684645669289
11
5.1741315354330704
21
-2.5212296850393701
0
LINE
8
BLACK
6
CONTINUOUS
10
5.1741315354330704
20
-2.5212296850393701
11
5.1704868897637795
21
-2.5157750787401576
0
LINE
8
BLACK
6
CONTINUOUS
10
5.1704868897637795
20
-2.5157750787401576
11
5.1679764173228344
21
-2.5097142519685041
0
LINE
8
BLACK
6
CONTINUOUS
10
5.1679764173228344
20
-2.5097142519685041
11
5.1666965748031499
21
-2.503280118110236
0
LINE
8
BLACK
6
CONTINUOUS
10
5.1666965748031499
20
-2.503280118110236
11
5.1666965748031499
21
-2.4967198818897636
0
LINE
8
BLACK
6
CONTINUOUS
10
5.1666965748031499
20
-2.4967198818897636
11
5.1679764173228344
21
-2.4902857480314959
0
LINE
8
BLACK
6
CONTINUOUS
10
5.1679764173228344
20
-2.4902857480314959
11
5.1704868897637795
21
-2.4842249212598424
0
LINE
8
BLACK
6
CONTINUOUS
10
5.1704868897637795
20
-2.4842249212598424
11
5.1741315354330704
21
-2.4787703149606299
0
LINE
8
BLACK
6
CONTINUOUS
10
5.1741315354330704
20
-2.4787703149606299
11
5.1787703149606301
21
-2.4741315354330706
0
LINE
8
BLACK
6
CONTINUOUS
10
5.1787703149606301
20
-2.4741315354330706
11
5.1842249212598421
21
-2.4704868897637793
0
LINE
8
BLACK
6
CONTINUOUS
10
5.1842249212598421
20
-2.4704868897637793
11
5.1902857480314957
21
-2.4679764173228347
0
LINE
8
BLACK
6
CONTINUOUS
10
5.1902857480314957
20
-2.4679764173228347
11
5.1967198818897637
21
-2.4666965748031497
0
LINE
8
BLACK
6
CONTINUOUS
10
5.1967198818897637
20
-2.4666965748031497
11
5.2032801181102357
21
-2.4666965748031497
0
LINE
8
BLACK
6
CONTINUOUS
10
5.2032801181102357
20
-2.4666965748031497
11
5.2097142519685038
21
-2.4679764173228347
0
LINE
8
BLACK
6
CONTINUOUS
10
3.9144371653543306
20
-2.3576453543307085
11
3.9227356692913387
21
-2.3589597244094489
0
LINE
8
BLACK
6
CONTINUOUS
10
3.9227356692913387
20
-2.3589597244094489
11
3.9307263385826769
21
-2.3615560629921259
0
LINE
8
BLACK
6
CONTINUOUS
10
3.9307263385826769
20
-2.3615560629921259
11
3.9382125196850395
21
-2.3653704330708663
0
LINE
8
BLACK
6
CONTINUOUS
10
3.9382125196850395
20
-2.3653704330708663
11
3.9450098031496061
21
-2.3703089763779528
0
LINE
8
BLACK
6
CONTINUOUS
10
3.9450098031496061
20
-2.3703089763779528
11
3.9509508661417323
21
-2.3762500393700785
0
LINE
8
BLACK
6
CONTINUOUS
10
3.9509508661417323
20
-2.3762500393700785
11
3.9558894094488188
21
-2.3830473228346456
0
LINE
8
BLACK
6
CONTINUOUS
10
3.9558894094488188
20
-2.3830473228346456
11
3.9597037795275591
21
-2.3905335039370077
0
LINE
8
BLACK
6
CONTINUOUS
10
3.9597037795275591
20
-2.3905335039370077
11
3.9623001181102362
21
-2.3985241732283464
0
LINE
8
BLACK
6
CONTINUOUS
10
3.9623001181102362
20
-2.3985241732283464
11
3.9636144881889761
21
-2.4068226771653545
0
LINE
8
BLACK
6
CONTINUOUS
10
3.9636144881889761
20
-2.4068226771653545
11
3.9636144881889761
21
-2.4152245669291337
0
LINE
8
BLACK
6
CONTINUOUS
10
3.9636144881889761
20
-2.4152245669291337
11
3.9623001181102362
21
-2.4235230708661417
0
LINE
8
BLACK
6
CONTINUOUS
10
3.9623001181102362
20
-2.4235230708661417
11
3.9597037795275591
21
-2.4315137401574805
0
LINE
8
BLACK
6
CONTINUOUS
10
3.9597037795275591
20
-2.4315137401574805
11
3.9558894094488188
21
-2.4389999212598426
0
LINE
8
BLACK
6
CONTINUOUS
10
3.9558894094488188
20
-2.4389999212598426
11
3.9509508661417323
21
-2.4457972047244092
0
LINE
8
BLACK
6
CONTINUOUS
10
3.9509508661417323
20
-2.4457972047244092
11
3.9450098031496061
21
-2.4517382677165354
0
LINE
8
BLACK
6
CONTINUOUS
10
3.9450098031496061
20
-2.4517382677165354
11
3.9382125196850395
21
-2.4566768110236219
0
LINE
8
BLACK
6
CONTINUOUS
10
3.9382125196850395
20
-2.4566768110236219
11
3.9307263385826769
21
-2.4604911811023622
0
LINE
8
BLACK
6
CONTINUOUS
10
3.9307263385826769
20
-2.4604911811023622
11
3.9227356692913387
21
-2.4630875196850393
0
LINE
8
BLACK
6
CONTINUOUS
10
3.9227356692913387
20
-2.4630875196850393
11
3.9144371653543306
21
-2.4644018897637796
0
LINE
8
BLACK
6
CONTINUOUS
10
3.9144371653543306
20
-2.4644018897637796
11
3.910236220472441
21
-2.4645669291338583
0
LINE
8
BLACK
6
CONTINUOUS
10
3.910236220472441
20
-2.4645669291338583
11
3.8897637795275588
21
-2.4645669291338583
0
LINE
8
BLACK
6
CONTINUOUS
10
3.8897637795275588
20
-2.4645669291338583
11
3.8855628346456692
21
-2.4644018897637796
0
LINE
8
BLACK
6
CONTINUOUS
10
3.8855628346456692
20
-2.4644018897637796
11
3.8772643307086612
21
-2.4630875196850393
0
LINE
8
BLACK
6
CONTINUOUS
10
3.8772643307086612
20
-2.4630875196850393
11
3.8692736614173229
21
-2.4604911811023622
0
LINE
8
BLACK
6
CONTINUOUS
10
3.8692736614173229
20
-2.4604911811023622
11
3.8617874803149603
21
-2.4566768110236219
0
LINE
8
BLACK
6
CONTINUOUS
10
3.8617874803149603
20
-2.4566768110236219
11
3.8549901968503937
21
-2.4517382677165354
0
LINE
8
BLACK
6
CONTINUOUS
10
3.8549901968503937
20
-2.4517382677165354
11
3.8490491338582675
21
-2.4457972047244092
0
LINE
8
BLACK
6
CONTINUOUS
10
3.8490491338582675
20
-2.4457972047244092
11
3.844110590551181
21
-2.4389999212598426
0
LINE
8
BLACK
6
CONTINUOUS
10
3.844110590551181
20
-2.4389999212598426
11
3.8402962204724407
21
-2.4315137401574805
0
LINE
8
BLACK
6
CONTINUOUS
10
3.8402962204724407
20
-2.4315137401574805
11
3.8376998818897636
21
-2.4235230708661417
0
LINE
8
BLACK
6
CONTINUOUS
10
3.8376998818897636
20
-2.4235230708661417
11
3.8363855118110237
21
-2.4152245669291337
0
LINE
8
BLACK
6
CONTINUOUS
10
3.8363855118110237
20
-2.4152245669291337
11
3.8363855118110237
21
-2.4068226771653545
0
LINE
8
BLACK
6
CONTINUOUS
10
3.8363855118110237
20
-2.4068226771653545
11
3.8376998818897636
21
-2.3985241732283464
0
LINE
8
BLACK
6
CONTINUOUS
10
3.8376998818897636
20
-2.3985241732283464
11
3.8402962204724407
21
-2.3905335039370077
0
LINE
8
BLACK
6
CONTINUOUS
10
3.8402962204724407
20
-2.3905335039370077
11
3.844110590551181
21
-2.3830473228346456
0
LINE
8
BLACK
6
CONTINUOUS
10
3.844110590551181
20
-2.3830473228346456
11
3.8490491338582675
21
-2.3762500393700785
0
LINE
8
BLACK
6
CONTINUOUS
10
3.8490491338582675
20
-2.3762500393700785
11
3.8549901968503937
21
-2.3703089763779528
0
LINE
8
BLACK
6
CONTINUOUS
10
3.8549901968503937
20
-2.3703089763779528
11
3.8617874803149603
21
-2.3653704330708663
0
LINE
8
BLACK
6
CONTINUOUS
10
3.8617874803149603
20
-2.3653704330708663
11
3.8692736614173229
21
-2.3615560629921259
0
LINE
8
BLACK
6
CONTINUOUS
10
3.8692736614173229
20
-2.3615560629921259
11
3.8772643307086612
21
-2.3589597244094489
0
LINE
8
BLACK
6
CONTINUOUS
10
3.8772643307086612
20
-2.3589597244094489
11
3.8855628346456692
21
-2.3576453543307085
0
LINE
8
BLACK
6
CONTINUOUS
10
3.8855628346456692
20
-2.3576453543307085
11
3.8897637795275588
21
-2.3574803149606298
0
LINE
8
BLACK
6
CONTINUOUS
10
3.8897637795275588
20
-2.3574803149606298
11
3.910236220472441
21
-2.3574803149606298
0
LINE
8
BLACK
6
CONTINUOUS
10
3.910236220472441
20
-2.3574803149606298
11
3.9144371653543306
21
-2.3576453543307085
0
LINE
8
BLACK
6
CONTINUOUS
10
5.6108856692913385
20
-2.3641147244094487
11
5.6176773622047245
21
-2.3669279527559053
0
LINE
8
BLACK
6
CONTINUOUS
10
5.6176773622047245
20
-2.3669279527559053
11
5.6237897637795271
21
-2.3710121259842518
0
LINE
8
BLACK
6
CONTINUOUS
10
5.6237897637795271
20
-2.3710121259842518
11
5.6289878740157482
21
-2.3762102362204724
0
LINE
8
BLACK
6
CONTINUOUS
10
5.6289878740157482
20
-2.3762102362204724
11
5.6330720472440943
21
-2.3823226377952755
0
LINE
8
BLACK
6
CONTINUOUS
10
5.6330720472440943
20
-2.3823226377952755
11
5.6358852755905513
21
-2.3891143307086615
0
LINE
8
BLACK
6
CONTINUOUS
10
5.6358852755905513
20
-2.3891143307086615
11
5.6373194094488186
21
-2.39632437007874
0
LINE
8
BLACK
6
CONTINUOUS
10
5.6373194094488186
20
-2.39632437007874
11
5.6373194094488186
21
-2.4036756299212598
0
LINE
8
BLACK
6
CONTINUOUS
10
5.6373194094488186
20
-2.4036756299212598
11
5.6358852755905513
21
-2.4108856692913387
0
LINE
8
BLACK
6
CONTINUOUS
10
5.6358852755905513
20
-2.4108856692913387
11
5.6330720472440943
21
-2.4176773622047243
0
LINE
8
BLACK
6
CONTINUOUS
10
5.6330720472440943
20
-2.4176773622047243
11
5.6289878740157482
21
-2.4237897637795274
0
LINE
8
BLACK
6
CONTINUOUS
10
5.6289878740157482
20
-2.4237897637795274
11
5.6237897637795271
21
-2.428987874015748
0
LINE
8
BLACK
6
CONTINUOUS
10
5.6237897637795271
20
-2.428987874015748
11
5.6176773622047245
21
-2.4330720472440945
0
LINE
8
BLACK
6
CONTINUOUS
10
5.6176773622047245
20
-2.4330720472440945
11
5.6108856692913385
21
-2.4358852755905511
0
LINE
8
BLACK
6
CONTINUOUS
10
5.6108856692913385
20
-2.4358852755905511
11
5.60367562992126
21
-2.4373194094488189
0
LINE
8
BLACK
6
CONTINUOUS
10
5.60367562992126
20
-2.4373194094488189
11
5.5963243700787402
21
-2.4373194094488189
0
LINE
8
BLACK
6
CONTINUOUS
10
5.5963243700787402
20
-2.4373194094488189
11
5.5891143307086617
21
-2.4358852755905511
0
LINE
8
BLACK
6
CONTINUOUS
10
5.5891143307086617
20
-2.4358852755905511
11
5.5823226377952757
21
-2.4330720472440945
0
LINE
8
BLACK
6
CONTINUOUS
10
5.5823226377952757
20
-2.4330720472440945
11
5.5762102362204722
21
-2.428987874015748
0
LINE
8
BLACK
6
CONTINUOUS
10
5.5762102362204722
20
-2.428987874015748
11
5.571012125984252
21
-2.4237897637795274
0
LINE
8
BLACK
6
CONTINUOUS
10
5.571012125984252
20
-2.4237897637795274
11
5.566927952755905
21
-2.4176773622047243
0
LINE
8
BLACK
6
CONTINUOUS
10
5.566927952755905
20
-2.4176773622047243
11
5.5641147244094489
21
-2.4108856692913387
0
LINE
8
BLACK
6
CONTINUOUS
10
5.5641147244094489
20
-2.4108856692913387
11
5.5626805905511807
21
-2.4036756299212598
0
LINE
8
BLACK
6
CONTINUOUS
10
5.5626805905511807
20
-2.4036756299212598
11
5.5626805905511807
21
-2.39632437007874
0
LINE
8
BLACK
6
CONTINUOUS
10
5.5626805905511807
20
-2.39632437007874
11
5.5641147244094489
21
-2.3891143307086615
0
LINE
8
BLACK
6
CONTINUOUS
10
5.5641147244094489
20
-2.3891143307086615
11
5.566927952755905
21
-2.3823226377952755
0
LINE
8
BLACK
6
CONTINUOUS
10
5.566927952755905
20
-2.3823226377952755
11
5.571012125984252
21
-2.3762102362204724
0
LINE
8
BLACK
6
CONTINUOUS
10
5.571012125984252
20
-2.3762102362204724
11
5.5762102362204722
21
-2.3710121259842518
0
LINE
8
BLACK
6
CONTINUOUS
10
5.5762102362204722
20
-2.3710121259842518
11
5.5823226377952757
21
-2.3669279527559053
0
LINE
8
BLACK
6
CONTINUOUS
10
5.5823226377952757
20
-2.3669279527559053
11
5.5891143307086617
21
-2.3641147244094487
0
LINE
8
BLACK
6
CONTINUOUS
10
5.5891143307086617
20
-2.3641147244094487
11
5.5963243700787402
21
-2.362680590551181
0
LINE
8
BLACK
6
CONTINUOUS
10
5.5963243700787402
20
-2.362680590551181
11
5.60367562992126
21
-2.362680590551181
0
LINE
8
BLACK
6
CONTINUOUS
10
5.60367562992126
20
-2.362680590551181
11
5.6108856692913385
21
-2.3641147244094487
0
LINE
8
BLACK
6
CONTINUOUS
10
6.2108856692913381
20
-2.3641147244094487
11
6.2176773622047241
21
-2.3669279527559053
0
LINE
8
BLACK
6
CONTINUOUS
10
6.2176773622047241
20
-2.3669279527559053
11
6.2237897637795276
21
-2.3710121259842518
0
LINE
8
BLACK
6
CONTINUOUS
10
6.2237897637795276
20
-2.3710121259842518
11
6.2289878740157478
21
-2.3762102362204724
0
LINE
8
BLACK
6
CONTINUOUS
10
6.2289878740157478
20
-2.3762102362204724
11
6.2330720472440939
21
-2.3823226377952755
0
LINE
8
BLACK
6
CONTINUOUS
10
6.2330720472440939
20
-2.3823226377952755
11
6.2358852755905509
21
-2.3891143307086615
0
LINE
8
BLACK
6
CONTINUOUS
10
6.2358852755905509
20
-2.3891143307086615
11
6.2373194094488191
21
-2.39632437007874
0
LINE
8
BLACK
6
CONTINUOUS
10
6.2373194094488191
20
-2.39632437007874
11
6.2373194094488191
21
-2.4036756299212598
0
LINE
8
BLACK
6
CONTINUOUS
10
6.2373194094488191
20
-2.4036756299212598
11
6.2358852755905509
21
-2.4108856692913387
0
LINE
8
BLACK
6
CONTINUOUS
10
6.2358852755905509
20
-2.4108856692913387
11
6.2330720472440939
21
-2.4176773622047243
0
LINE
8
BLACK
6
CONTINUOUS
10
6.2330720472440939
20
-2.4176773622047243
11
6.2289878740157478
21
-2.4237897637795274
0
LINE
8
BLACK
6
CONTINUOUS
10
6.2289878740157478
20
-2.4237897637795274
11
6.2237897637795276
21
-2.428987874015748
0
LINE
8
BLACK
6
CONTINUOUS
10
6.2237897637795276
20
-2.428987874015748
11
6.2176773622047241
21
-2.4330720472440945
0
LINE
8
BLACK
6
CONTINUOUS
10
6.2176773622047241
20
-2.4330720472440945
11
6.2108856692913381
21
-2.4358852755905511
0
LINE
8
BLACK
6
CONTINUOUS
10
6.2108856692913381
20
-2.4358852755905511
11
6.2036756299212596
21
-2.4373194094488189
0
LINE
8
BLACK
6
CONTINUOUS
10
6.2036756299212596
20
-2.4373194094488189
11
6.1963243700787398
21
-2.4373194094488189
0
LINE
8
BLACK
6
CONTINUOUS
10
6.1963243700787398
20
-2.4373194094488189
11
6.1891143307086613
21
-2.4358852755905511
0
LINE
8
BLACK
6
CONTINUOUS
10
6.1891143307086613
20
-2.4358852755905511
11
6.1823226377952754
21
-2.4330720472440945
0
LINE
8
BLACK
6
CONTINUOUS
10
6.1823226377952754
20
-2.4330720472440945
11
6.1762102362204727
21
-2.428987874015748
0
LINE
8
BLACK
6
CONTINUOUS
10
6.1762102362204727
20
-2.428987874015748
11
6.1710121259842516
21
-2.4237897637795274
0
LINE
8
BLACK
6
CONTINUOUS
10
6.1710121259842516
20
-2.4237897637795274
11
6.1669279527559056
21
-2.4176773622047243
0
LINE
8
BLACK
6
CONTINUOUS
10
6.1669279527559056
20
-2.4176773622047243
11
6.1641147244094485
21
-2.4108856692913387
0
LINE
8
BLACK
6
CONTINUOUS
10
6.1641147244094485
20
-2.4108856692913387
11
6.1626805905511812
21
-2.4036756299212598
0
LINE
8
BLACK
6
CONTINUOUS
10
6.1626805905511812
20
-2.4036756299212598
11
6.1626805905511812
21
-2.39632437007874
0
LINE
8
BLACK
6
CONTINUOUS
10
6.1626805905511812
20
-2.39632437007874
11
6.1641147244094485
21
-2.3891143307086615
0
LINE
8
BLACK
6
CONTINUOUS
10
6.1641147244094485
20
-2.3891143307086615
11
6.1669279527559056
21
-2.3823226377952755
0
LINE
8
BLACK
6
CONTINUOUS
10
6.1669279527559056
20
-2.3823226377952755
11
6.1710121259842516
21
-2.3762102362204724
0
LINE
8
BLACK
6
CONTINUOUS
10
6.1710121259842516
20
-2.3762102362204724
11
6.1762102362204727
21
-2.3710121259842518
0
LINE
8
BLACK
6
CONTINUOUS
10
6.1762102362204727
20
-2.3710121259842518
11
6.1823226377952754
21
-2.3669279527559053
0
LINE
8
BLACK
6
CONTINUOUS
10
6.1823226377952754
20
-2.3669279527559053
11
6.1891143307086613
21
-2.3641147244094487
0
LINE
8
BLACK
6
CONTINUOUS
10
6.1891143307086613
20
-2.3641147244094487
11
6.1963243700787398
21
-2.362680590551181
0
LINE
8
BLACK
6
CONTINUOUS
10
6.1963243700787398
20
-2.362680590551181
11
6.2036756299212596
21
-2.362680590551181
0
LINE
8
BLACK
6
CONTINUOUS
10
6.2036756299212596
20
-2.362680590551181
11
6.2108856692913381
21
-2.3641147244094487
0
LINE
8
BLACK
6
CONTINUOUS
10
3.6097142519685037
20
-2.3679764173228346
11
3.6157750787401572
21
-2.3704868897637796
0
LINE
8
BLACK
6
CONTINUOUS
10
3.6157750787401572
20
-2.3704868897637796
11
3.6212296850393701
21
-2.374131535433071
0
LINE
8
BLACK
6
CONTINUOUS
10
3.6212296850393701
20
-2.374131535433071
11
3.625868464566929
21
-2.3787703149606299
0
LINE
8
BLACK
6
CONTINUOUS
10
3.625868464566929
20
-2.3787703149606299
11
3.6295131102362204
21
-2.3842249212598423
0
LINE
8
BLACK
6
CONTINUOUS
10
3.6295131102362204
20
-2.3842249212598423
11
3.6320235826771654
21
-2.3902857480314958
0
LINE
8
BLACK
6
CONTINUOUS
10
3.6320235826771654
20
-2.3902857480314958
11
3.6333034251968503
21
-2.3967198818897639
0
LINE
8
BLACK
6
CONTINUOUS
10
3.6333034251968503
20
-2.3967198818897639
11
3.6333034251968503
21
-2.4032801181102363
0
LINE
8
BLACK
6
CONTINUOUS
10
3.6333034251968503
20
-2.4032801181102363
11
3.6320235826771654
21
-2.409714251968504
0
LINE
8
BLACK
6
CONTINUOUS
10
3.6320235826771654
20
-2.409714251968504
11
3.6295131102362204
21
-2.4157750787401575
0
LINE
8
BLACK
6
CONTINUOUS
10
3.6295131102362204
20
-2.4157750787401575
11
3.625868464566929
21
-2.42122968503937
0
LINE
8
BLACK
6
CONTINUOUS
10
3.625868464566929
20
-2.42122968503937
11
3.6212296850393701
21
-2.4258684645669293
0
LINE
8
BLACK
6
CONTINUOUS
10
3.6212296850393701
20
-2.4258684645669293
11
3.6157750787401572
21
-2.4295131102362206
0
LINE
8
BLACK
6
CONTINUOUS
10
3.6157750787401572
20
-2.4295131102362206
11
3.6097142519685037
21
-2.4320235826771652
0
LINE
8
BLACK
6
CONTINUOUS
10
3.6097142519685037
20
-2.4320235826771652
11
3.6032801181102361
21
-2.4333034251968502
0
LINE
8
BLACK
6
CONTINUOUS
10
3.6032801181102361
20
-2.4333034251968502
11
3.5967198818897637
21
-2.4333034251968502
0
LINE
8
BLACK
6
CONTINUOUS
10
3.5967198818897637
20
-2.4333034251968502
11
3.590285748031496
21
-2.4320235826771652
0
LINE
8
BLACK
6
CONTINUOUS
10
3.590285748031496
20
-2.4320235826771652
11
3.5842249212598425
21
-2.4295131102362206
0
LINE
8
BLACK
6
CONTINUOUS
10
3.5842249212598425
20
-2.4295131102362206
11
3.57877031496063
21
-2.4258684645669293
0
LINE
8
BLACK
6
CONTINUOUS
10
3.57877031496063
20
-2.4258684645669293
11
3.5741315354330707
21
-2.42122968503937
0
LINE
8
BLACK
6
CONTINUOUS
10
3.5741315354330707
20
-2.42122968503937
11
3.5704868897637794
21
-2.4157750787401575
0
LINE
8
BLACK
6
CONTINUOUS
10
3.5704868897637794
20
-2.4157750787401575
11
3.5679764173228348
21
-2.409714251968504
0
LINE
8
BLACK
6
CONTINUOUS
10
3.5679764173228348
20
-2.409714251968504
11
3.5666965748031494
21
-2.4032801181102363
0
LINE
8
BLACK
6
CONTINUOUS
10
3.5666965748031494
20
-2.4032801181102363
11
3.5666965748031494
21
-2.3967198818897639
0
LINE
8
BLACK
6
CONTINUOUS
10
3.5666965748031494
20
-2.3967198818897639
11
3.5679764173228348
21
-2.3902857480314958
0
LINE
8
BLACK
6
CONTINUOUS
10
3.5679764173228348
20
-2.3902857480314958
11
3.5704868897637794
21
-2.3842249212598423
0
LINE
8
BLACK
6
CONTINUOUS
10
3.5704868897637794
20
-2.3842249212598423
11
3.5741315354330707
21
-2.3787703149606299
0
LINE
8
BLACK
6
CONTINUOUS
10
3.5741315354330707
20
-2.3787703149606299
11
3.57877031496063
21
-2.374131535433071
0
LINE
8
BLACK
6
CONTINUOUS
10
3.57877031496063
20
-2.374131535433071
11
3.5842249212598425
21
-2.3704868897637796
0
LINE
8
BLACK
6
CONTINUOUS
10
3.5842249212598425
20
-2.3704868897637796
11
3.590285748031496
21
-2.3679764173228346
0
LINE
8
BLACK
6
CONTINUOUS
10
3.590285748031496
20
-2.3679764173228346
11
3.5967198818897637
21
-2.3666965748031497
0
LINE
8
BLACK
6
CONTINUOUS
10
3.5967198818897637
20
-2.3666965748031497
11
3.6032801181102361
21
-2.3666965748031497
0
LINE
8
BLACK
6
CONTINUOUS
10
3.6032801181102361
20
-2.3666965748031497
11
3.6097142519685037
21
-2.3679764173228346
0
LINE
8
BLACK
6
CONTINUOUS
10
5.2097142519685038
20
-2.3679764173228346
11
5.2157750787401573
21
-2.3704868897637796
0
LINE
8
BLACK
6
CONTINUOUS
10
5.2157750787401573
20
-2.3704868897637796
11
5.2212296850393702
21
-2.374131535433071
0
LINE
8
BLACK
6
CONTINUOUS
10
5.2212296850393702
20
-2.374131535433071
11
5.2258684645669291
21
-2.3787703149606299
0
LINE
8
BLACK
6
CONTINUOUS
10
5.2258684645669291
20
-2.3787703149606299
11
5.22951311023622
21
-2.3842249212598423
0
LINE
8
BLACK
6
CONTINUOUS
10
5.22951311023622
20
-2.3842249212598423
11
5.2320235826771651
21
-2.3902857480314958
0
LINE
8
BLACK
6
CONTINUOUS
10
5.2320235826771651
20
-2.3902857480314958
11
5.2333034251968504
21
-2.3967198818897639
0
LINE
8
BLACK
6
CONTINUOUS
10
5.2333034251968504
20
-2.3967198818897639
11
5.2333034251968504
21
-2.4032801181102363
0
LINE
8
BLACK
6
CONTINUOUS
10
5.2333034251968504
20
-2.4032801181102363
11
5.2320235826771651
21
-2.409714251968504
0
LINE
8
BLACK
6
CONTINUOUS
10
5.2320235826771651
20
-2.409714251968504
11
5.22951311023622
21
-2.4157750787401575
0
LINE
8
BLACK
6
CONTINUOUS
10
5.22951311023622
20
-2.4157750787401575
11
5.2258684645669291
21
-2.42122968503937
0
LINE
8
BLACK
6
CONTINUOUS
10
5.2258684645669291
20
-2.42122968503937
11
5.2212296850393702
21
-2.4258684645669293
0
LINE
8
BLACK
6
CONTINUOUS
10
5.2212296850393702
20
-2.4258684645669293
11
5.2157750787401573
21
-2.4295131102362206
0
LINE
8
BLACK
6
CONTINUOUS
10
5.2157750787401573
20
-2.4295131102362206
11
5.2097142519685038
21
-2.4320235826771652
0
LINE
8
BLACK
6
CONTINUOUS
10
5.2097142519685038
20
-2.4320235826771652
11
5.2032801181102357
21
-2.4333034251968502
0
LINE
8
BLACK
6
CONTINUOUS
10
5.2032801181102357
20
-2.4333034251968502
11
5.1967198818897637
21
-2.4333034251968502
0
LINE
8
BLACK
6
CONTINUOUS
10
5.1967198818897637
20
-2.4333034251968502
11
5.1902857480314957
21
-2.4320235826771652
0
LINE
8
BLACK
6
CONTINUOUS
10
5.1902857480314957
20
-2.4320235826771652
11
5.1842249212598421
21
-2.4295131102362206
0
LINE
8
BLACK
6
CONTINUOUS
10
5.1842249212598421
20
-2.4295131102362206
11
5.1787703149606301
21
-2.4258684645669293
0
LINE
8
BLACK
6
CONTINUOUS
10
5.1787703149606301
20
-2.4258684645669293
11
5.1741315354330704
21
-2.42122968503937
0
LINE
8
BLACK
6
CONTINUOUS
10
5.1741315354330704
20
-2.42122968503937
11
5.1704868897637795
21
-2.4157750787401575
0
LINE
8
BLACK
6
CONTINUOUS
10
5.1704868897637795
20
-2.4157750787401575
11
5.1679764173228344
21
-2.409714251968504
0
LINE
8
BLACK
6
CONTINUOUS
10
5.1679764173228344
20
-2.409714251968504
11
5.1666965748031499
21
-2.4032801181102363
0
LINE
8
BLACK
6
CONTINUOUS
10
5.1666965748031499
20
-2.4032801181102363
11
5.1666965748031499
21
-2.3967198818897639
0
LINE
8
BLACK
6
CONTINUOUS
10
5.1666965748031499
20
-2.3967198818897639
11
5.1679764173228344
21
-2.3902857480314958
0
LINE
8
BLACK
6
CONTINUOUS
10
5.1679764173228344
20
-2.3902857480314958
11
5.1704868897637795
21
-2.3842249212598423
0
LINE
8
BLACK
6
CONTINUOUS
10
5.1704868897637795
20
-2.3842249212598423
11
5.1741315354330704
21
-2.3787703149606299
0
LINE
8
BLACK
6
CONTINUOUS
10
5.1741315354330704
20
-2.3787703149606299
11
5.1787703149606301
21
-2.374131535433071
0
LINE
8
BLACK
6
CONTINUOUS
10
5.1787703149606301
20
-2.374131535433071
11
5.1842249212598421
21
-2.3704868897637796
0
LINE
8
BLACK
6
CONTINUOUS
10
5.1842249212598421
20
-2.3704868897637796
11
5.1902857480314957
21
-2.3679764173228346
0
LINE
8
BLACK
6
CONTINUOUS
10
5.1902857480314957
20
-2.3679764173228346
11
5.1967198818897637
21
-2.3666965748031497
0
LINE
8
BLACK
6
CONTINUOUS
10
5.1967198818897637
20
-2.3666965748031497
11
5.2032801181102357
21
-2.3666965748031497
0
LINE
8
BLACK
6
CONTINUOUS
10
5.2032801181102357
20
-2.3666965748031497
11
5.2097142519685038
21
-2.3679764173228346
0
LINE
8
BLACK
6
CONTINUOUS
10
3.6097142519685037
20
-2.2679764173228345
11
3.6157750787401572
21
-2.2704868897637795
0
LINE
8
BLACK
6
CONTINUOUS
10
3.6157750787401572
20
-2.2704868897637795
11
3.6212296850393701
21
-2.2741315354330709
0
LINE
8
BLACK
6
CONTINUOUS
10
3.6212296850393701
20
-2.2741315354330709
11
3.625868464566929
21
-2.2787703149606298
0
LINE
8
BLACK
6
CONTINUOUS
10
3.625868464566929
20
-2.2787703149606298
11
3.6295131102362204
21
-2.2842249212598427
0
LINE
8
BLACK
6
CONTINUOUS
10
3.6295131102362204
20
-2.2842249212598427
11
3.6320235826771654
21
-2.2902857480314962
0
LINE
8
BLACK
6
CONTINUOUS
10
3.6320235826771654
20
-2.2902857480314962
11
3.6333034251968503
21
-2.2967198818897638
0
LINE
8
BLACK
6
CONTINUOUS
10
3.6333034251968503
20
-2.2967198818897638
11
3.6333034251968503
21
-2.3032801181102363
0
LINE
8
BLACK
6
CONTINUOUS
10
3.6333034251968503
20
-2.3032801181102363
11
3.6320235826771654
21
-2.3097142519685039
0
LINE
8
BLACK
6
CONTINUOUS
10
3.6320235826771654
20
-2.3097142519685039
11
3.6295131102362204
21
-2.3157750787401574
0
LINE
8
BLACK
6
CONTINUOUS
10
3.6295131102362204
20
-2.3157750787401574
11
3.625868464566929
21
-2.3212296850393699
0
LINE
8
BLACK
6
CONTINUOUS
10
3.625868464566929
20
-2.3212296850393699
11
3.6212296850393701
21
-2.3258684645669292
0
LINE
8
BLACK
6
CONTINUOUS
10
3.6212296850393701
20
-2.3258684645669292
11
3.6157750787401572
21
-2.3295131102362205
0
LINE
8
BLACK
6
CONTINUOUS
10
3.6157750787401572
20
-2.3295131102362205
11
3.6097142519685037
21
-2.3320235826771651
0
LINE
8
BLACK
6
CONTINUOUS
10
3.6097142519685037
20
-2.3320235826771651
11
3.6032801181102361
21
-2.3333034251968505
0
LINE
8
BLACK
6
CONTINUOUS
10
3.6032801181102361
20
-2.3333034251968505
11
3.5967198818897637
21
-2.3333034251968505
0
LINE
8
BLACK
6
CONTINUOUS
10
3.5967198818897637
20
-2.3333034251968505
11
3.590285748031496
21
-2.3320235826771651
0
LINE
8
BLACK
6
CONTINUOUS
10
3.590285748031496
20
-2.3320235826771651
11
3.5842249212598425
21
-2.3295131102362205
0
LINE
8
BLACK
6
CONTINUOUS
10
3.5842249212598425
20
-2.3295131102362205
11
3.57877031496063
21
-2.3258684645669292
0
LINE
8
BLACK
6
CONTINUOUS
10
3.57877031496063
20
-2.3258684645669292
11
3.5741315354330707
21
-2.3212296850393699
0
LINE
8
BLACK
6
CONTINUOUS
10
3.5741315354330707
20
-2.3212296850393699
11
3.5704868897637794
21
-2.3157750787401574
0
LINE
8
BLACK
6
CONTINUOUS
10
3.5704868897637794
20
-2.3157750787401574
11
3.5679764173228348
21
-2.3097142519685039
0
LINE
8
BLACK
6
CONTINUOUS
10
3.5679764173228348
20
-2.3097142519685039
11
3.5666965748031494
21
-2.3032801181102363
0
LINE
8
BLACK
6
CONTINUOUS
10
3.5666965748031494
20
-2.3032801181102363
11
3.5666965748031494
21
-2.2967198818897638
0
LINE
8
BLACK
6
CONTINUOUS
10
3.5666965748031494
20
-2.2967198818897638
11
3.5679764173228348
21
-2.2902857480314962
0
LINE
8
BLACK
6
CONTINUOUS
10
3.5679764173228348
20
-2.2902857480314962
11
3.5704868897637794
21
-2.2842249212598427
0
LINE
8
BLACK
6
CONTINUOUS
10
3.5704868897637794
20
-2.2842249212598427
11
3.5741315354330707
21
-2.2787703149606298
0
LINE
8
BLACK
6
CONTINUOUS
10
3.5741315354330707
20
-2.2787703149606298
11
3.57877031496063
21
-2.2741315354330709
0
LINE
8
BLACK
6
CONTINUOUS
10
3.57877031496063
20
-2.2741315354330709
11
3.5842249212598425
21
-2.2704868897637795
0
LINE
8
BLACK
6
CONTINUOUS
10
3.5842249212598425
20
-2.2704868897637795
11
3.590285748031496
21
-2.2679764173228345
0
LINE
8
BLACK
6
CONTINUOUS
10
3.590285748031496
20
-2.2679764173228345
11
3.5967198818897637
21
-2.2666965748031496
0
LINE
8
BLACK
6
CONTINUOUS
10
3.5967198818897637
20
-2.2666965748031496
11
3.6032801181102361
21
-2.2666965748031496
0
LINE
8
BLACK
6
CONTINUOUS
10
3.6032801181102361
20
-2.2666965748031496
11
3.6097142519685037
21
-2.2679764173228345
0
LINE
8
BLACK
6
CONTINUOUS
10
5.2097142519685038
20
-2.2679764173228345
11
5.2157750787401573
21
-2.2704868897637795
0
LINE
8
BLACK
6
CONTINUOUS
10
5.2157750787401573
20
-2.2704868897637795
11
5.2212296850393702
21
-2.2741315354330709
0
LINE
8
BLACK
6
CONTINUOUS
10
5.2212296850393702
20
-2.2741315354330709
11
5.2258684645669291
21
-2.2787703149606298
0
LINE
8
BLACK
6
CONTINUOUS
10
5.2258684645669291
20
-2.2787703149606298
11
5.22951311023622
21
-2.2842249212598427
0
LINE
8
BLACK
6
CONTINUOUS
10
5.22951311023622
20
-2.2842249212598427
11
5.2320235826771651
21
-2.2902857480314962
0
LINE
8
BLACK
6
CONTINUOUS
10
5.2320235826771651
20
-2.2902857480314962
11
5.2333034251968504
21
-2.2967198818897638
0
LINE
8
BLACK
6
CONTINUOUS
10
5.2333034251968504
20
-2.2967198818897638
11
5.2333034251968504
21
-2.3032801181102363
0
LINE
8
BLACK
6
CONTINUOUS
10
5.2333034251968504
20
-2.3032801181102363
11
5.2320235826771651
21
-2.3097142519685039
0
LINE
8
BLACK
6
CONTINUOUS
10
5.2320235826771651
20
-2.3097142519685039
11
5.22951311023622
21
-2.3157750787401574
0
LINE
8
BLACK
6
CONTINUOUS
10
5.22951311023622
20
-2.3157750787401574
11
5.2258684645669291
21
-2.3212296850393699
0
LINE
8
BLACK
6
CONTINUOUS
10
5.2258684645669291
20
-2.3212296850393699
11
5.2212296850393702
21
-2.3258684645669292
0
LINE
8
BLACK
6
CONTINUOUS
10
5.2212296850393702
20
-2.3258684645669292
11
5.2157750787401573
21
-2.3295131102362205
0
LINE
8
BLACK
6
CONTINUOUS
10
5.2157750787401573
20
-2.3295131102362205
11
5.2097142519685038
21
-2.3320235826771651
0
LINE
8
BLACK
6
CONTINUOUS
10
5.2097142519685038
20
-2.3320235826771651
11
5.2032801181102357
21
-2.3333034251968505
0
LINE
8
BLACK
6
CONTINUOUS
10
5.2032801181102357
20
-2.3333034251968505
11
5.1967198818897637
21
-2.3333034251968505
0
LINE
8
BLACK
6
CONTINUOUS
10
5.1967198818897637
20
-2.3333034251968505
11
5.1902857480314957
21
-2.3320235826771651
0
LINE
8
BLACK
6
CONTINUOUS
10
5.1902857480314957
20
-2.3320235826771651
11
5.1842249212598421
21
-2.3295131102362205
0
LINE
8
BLACK
6
CONTINUOUS
10
5.1842249212598421
20
-2.3295131102362205
11
5.1787703149606301
21
-2.3258684645669292
0
LINE
8
BLACK
6
CONTINUOUS
10
5.1787703149606301
20
-2.3258684645669292
11
5.1741315354330704
21
-2.3212296850393699
0
LINE
8
BLACK
6
CONTINUOUS
10
5.1741315354330704
20
-2.3212296850393699
11
5.1704868897637795
21
-2.3157750787401574
0
LINE
8
BLACK
6
CONTINUOUS
10
5.1704868897637795
20
-2.3157750787401574
11
5.1679764173228344
21
-2.3097142519685039
0
LINE
8
BLACK
6
CONTINUOUS
10
5.1679764173228344
20
-2.3097142519685039
11
5.1666965748031499
21
-2.3032801181102363
0
LINE
8
BLACK
6
CONTINUOUS
10
5.1666965748031499
20
-2.3032801181102363
11
5.1666965748031499
21
-2.2967198818897638
0
LINE
8
BLACK
6
CONTINUOUS
10
5.1666965748031499
20
-2.2967198818897638
11
5.1679764173228344
21
-2.2902857480314962
0
LINE
8
BLACK
6
CONTINUOUS
10
5.1679764173228344
20
-2.2902857480314962
11
5.1704868897637795
21
-2.2842249212598427
0
LINE
8
BLACK
6
CONTINUOUS
10
5.1704868897637795
20
-2.2842249212598427
11
5.1741315354330704
21
-2.2787703149606298
0
LINE
8
BLACK
6
CONTINUOUS
10
5.1741315354330704
20
-2.2787703149606298
11
5.1787703149606301
21
-2.2741315354330709
0
LINE
8
BLACK
6
CONTINUOUS
10
5.1787703149606301
20
-2.2741315354330709
11
5.1842249212598421
21
-2.2704868897637795
0
LINE
8
BLACK
6
CONTINUOUS
10
5.1842249212598421
20
-2.2704868897637795
11
5.1902857480314957
21
-2.2679764173228345
0
LINE
8
BLACK
6
CONTINUOUS
10
5.1902857480314957
20
-2.2679764173228345
11
5.1967198818897637
21
-2.2666965748031496
0
LINE
8
BLACK
6
CONTINUOUS
10
5.1967198818897637
20
-2.2666965748031496
11
5.2032801181102357
21
-2.2666965748031496
0
LINE
8
BLACK
6
CONTINUOUS
10
5.2032801181102357
20
-2.2666965748031496
11
5.2097142519685038
21
-2.2679764173228345
0
LINE
8
BLACK
6
CONTINUOUS
10
3.1144371653543308
20
-2.1371729133858266
11
3.1227356692913384
21
-2.138487283464567
0
LINE
8
BLACK
6
CONTINUOUS
10
3.1227356692913384
20
-2.138487283464567
11
3.1307263385826771
21
-2.141083622047244
0
LINE
8
BLACK
6
CONTINUOUS
10
3.1307263385826771
20
-2.141083622047244
11
3.1382125196850392
21
-2.1448979921259843
0
LINE
8
BLACK
6
CONTINUOUS
10
3.1382125196850392
20
-2.1448979921259843
11
3.1450098031496063
21
-2.1498365354330708
0
LINE
8
BLACK
6
CONTINUOUS
10
3.1450098031496063
20
-2.1498365354330708
11
3.150950866141732
21
-2.155777598425197
0
LINE
8
BLACK
6
CONTINUOUS
10
3.150950866141732
20
-2.155777598425197
11
3.155889409448819
21
-2.1625748818897637
0
LINE
8
BLACK
6
CONTINUOUS
10
3.155889409448819
20
-2.1625748818897637
11
3.1597037795275589
21
-2.1700610629921258
0
LINE
8
BLACK
6
CONTINUOUS
10
3.1597037795275589
20
-2.1700610629921258
11
3.1623001181102364
21
-2.1780517322834645
0
LINE
8
BLACK
6
CONTINUOUS
10
3.1623001181102364
20
-2.1780517322834645
11
3.1636144881889763
21
-2.1863502362204725
0
LINE
8
BLACK
6
CONTINUOUS
10
3.1636144881889763
20
-2.1863502362204725
11
3.1636144881889763
21
-2.1947521259842517
0
LINE
8
BLACK
6
CONTINUOUS
10
3.1636144881889763
20
-2.1947521259842517
11
3.1623001181102364
21
-2.2030506299212598
0
LINE
8
BLACK
6
CONTINUOUS
10
3.1623001181102364
20
-2.2030506299212598
11
3.1597037795275589
21
-2.2110412992125985
0
LINE
8
BLACK
6
CONTINUOUS
10
3.1597037795275589
20
-2.2110412992125985
11
3.155889409448819
21
-2.2185274803149606
0
LINE
8
BLACK
6
CONTINUOUS
10
3.155889409448819
20
-2.2185274803149606
11
3.150950866141732
21
-2.2253247637795277
0
LINE
8
BLACK
6
CONTINUOUS
10
3.150950866141732
20
-2.2253247637795277
11
3.1450098031496063
21
-2.2312658267716534
0
LINE
8
BLACK
6
CONTINUOUS
10
3.1450098031496063
20
-2.2312658267716534
11
3.1382125196850392
21
-2.23620437007874
0
LINE
8
BLACK
6
CONTINUOUS
10
3.1382125196850392
20
-2.23620437007874
11
3.1307263385826771
21
-2.2400187401574803
0
LINE
8
BLACK
6
CONTINUOUS
10
3.1307263385826771
20
-2.2400187401574803
11
3.1227356692913384
21
-2.2426150787401573
0
LINE
8
BLACK
6
CONTINUOUS
10
3.1227356692913384
20
-2.2426150787401573
11
3.1144371653543308
21
-2.2439294488188977
0
LINE
8
BLACK
6
CONTINUOUS
10
3.1144371653543308
20
-2.2439294488188977
11
3.1102362204724407
21
-2.2440944881889764
0
LINE
8
BLACK
6
CONTINUOUS
10
3.1102362204724407
20
-2.2440944881889764
11
3.089763779527559
21
-2.2440944881889764
0
LINE
8
BLACK
6
CONTINUOUS
10
3.089763779527559
20
-2.2440944881889764
11
3.0855628346456694
21
-2.2439294488188977
0
LINE
8
BLACK
6
CONTINUOUS
10
3.0855628346456694
20
-2.2439294488188977
11
3.0772643307086613
21
-2.2426150787401573
0
LINE
8
BLACK
6
CONTINUOUS
10
3.0772643307086613
20
-2.2426150787401573
11
3.0692736614173226
21
-2.2400187401574803
0
LINE
8
BLACK
6
CONTINUOUS
10
3.0692736614173226
20
-2.2400187401574803
11
3.0617874803149605
21
-2.23620437007874
0
LINE
8
BLACK
6
CONTINUOUS
10
3.0617874803149605
20
-2.23620437007874
11
3.0549901968503934
21
-2.2312658267716534
0
LINE
8
BLACK
6
CONTINUOUS
10
3.0549901968503934
20
-2.2312658267716534
11
3.0490491338582677
21
-2.2253247637795277
0
LINE
8
BLACK
6
CONTINUOUS
10
3.0490491338582677
20
-2.2253247637795277
11
3.0441105905511812
21
-2.2185274803149606
0
LINE
8
BLACK
6
CONTINUOUS
10
3.0441105905511812
20
-2.2185274803149606
11
3.0402962204724409
21
-2.2110412992125985
0
LINE
8
BLACK
6
CONTINUOUS
10
3.0402962204724409
20
-2.2110412992125985
11
3.0376998818897638
21
-2.2030506299212598
0
LINE
8
BLACK
6
CONTINUOUS
10
3.0376998818897638
20
-2.2030506299212598
11
3.0363855118110235
21
-2.1947521259842517
0
LINE
8
BLACK
6
CONTINUOUS
10
3.0363855118110235
20
-2.1947521259842517
11
3.0363855118110235
21
-2.1863502362204725
0
LINE
8
BLACK
6
CONTINUOUS
10
3.0363855118110235
20
-2.1863502362204725
11
3.0376998818897638
21
-2.1780517322834645
0
LINE
8
BLACK
6
CONTINUOUS
10
3.0376998818897638
20
-2.1780517322834645
11
3.0402962204724409
21
-2.1700610629921258
0
LINE
8
BLACK
6
CONTINUOUS
10
3.0402962204724409
20
-2.1700610629921258
11
3.0441105905511812
21
-2.1625748818897637
0
LINE
8
BLACK
6
CONTINUOUS
10
3.0441105905511812
20
-2.1625748818897637
11
3.0490491338582677
21
-2.155777598425197
0
LINE
8
BLACK
6
CONTINUOUS
10
3.0490491338582677
20
-2.155777598425197
11
3.0549901968503934
21
-2.1498365354330708
0
LINE
8
BLACK
6
CONTINUOUS
10
3.0549901968503934
20
-2.1498365354330708
11
3.0617874803149605
21
-2.1448979921259843
0
LINE
8
BLACK
6
CONTINUOUS
10
3.0617874803149605
20
-2.1448979921259843
11
3.0692736614173226
21
-2.141083622047244
0
LINE
8
BLACK
6
CONTINUOUS
10
3.0692736614173226
20
-2.141083622047244
11
3.0772643307086613
21
-2.138487283464567
0
LINE
8
BLACK
6
CONTINUOUS
10
3.0772643307086613
20
-2.138487283464567
11
3.0855628346456694
21
-2.1371729133858266
0
LINE
8
BLACK
6
CONTINUOUS
10
3.0855628346456694
20
-2.1371729133858266
11
3.089763779527559
21
-2.1370078740157479
0
LINE
8
BLACK
6
CONTINUOUS
10
3.089763779527559
20
-2.1370078740157479
11
3.1102362204724407
21
-2.1370078740157479
0
LINE
8
BLACK
6
CONTINUOUS
10
3.1102362204724407
20
-2.1370078740157479
11
3.1144371653543308
21
-2.1371729133858266
0
LINE
8
BLACK
6
CONTINUOUS
10
4.7144371653543304
20
-2.1340233070866139
11
4.722735669291338
21
-2.1353376771653543
0
LINE
8
BLACK
6
CONTINUOUS
10
4.722735669291338
20
-2.1353376771653543
11
4.7307263385826772
21
-2.1379340157480313
0
LINE
8
BLACK
6
CONTINUOUS
10
4.7307263385826772
20
-2.1379340157480313
11
4.7382125196850389
21
-2.1417483858267716
0
LINE
8
BLACK
6
CONTINUOUS
10
4.7382125196850389
20
-2.1417483858267716
11
4.745009803149606
21
-2.1466869291338582
0
LINE
8
BLACK
6
CONTINUOUS
10
4.745009803149606
20
-2.1466869291338582
11
4.7509508661417321
21
-2.1526279921259843
0
LINE
8
BLACK
6
CONTINUOUS
10
4.7509508661417321
20
-2.1526279921259843
11
4.7558894094488187
21
-2.159425275590551
0
LINE
8
BLACK
6
CONTINUOUS
10
4.7558894094488187
20
-2.159425275590551
11
4.759703779527559
21
-2.1669114566929135
0
LINE
8
BLACK
6
CONTINUOUS
10
4.759703779527559
20
-2.1669114566929135
11
4.762300118110236
21
-2.1749021259842518
0
LINE
8
BLACK
6
CONTINUOUS
10
4.762300118110236
20
-2.1749021259842518
11
4.7636144881889759
21
-2.1832006299212598
0
LINE
8
BLACK
6
CONTINUOUS
10
4.7636144881889759
20
-2.1832006299212598
11
4.7636144881889759
21
-2.1916025196850395
0
LINE
8
BLACK
6
CONTINUOUS
10
4.7636144881889759
20
-2.1916025196850395
11
4.762300118110236
21
-2.1999010236220471
0
LINE
8
BLACK
6
CONTINUOUS
10
4.762300118110236
20
-2.1999010236220471
11
4.759703779527559
21
-2.2078916929133858
0
LINE
8
BLACK
6
CONTINUOUS
10
4.759703779527559
20
-2.2078916929133858
11
4.7558894094488187
21
-2.2153778740157479
0
LINE
8
BLACK
6
CONTINUOUS
10
4.7558894094488187
20
-2.2153778740157479
11
4.7509508661417321
21
-2.222175157480315
0
LINE
8
BLACK
6
CONTINUOUS
10
4.7509508661417321
20
-2.222175157480315
11
4.745009803149606
21
-2.2281162204724407
0
LINE
8
BLACK
6
CONTINUOUS
10
4.745009803149606
20
-2.2281162204724407
11
4.7382125196850389
21
-2.2330547637795277
0
LINE
8
BLACK
6
CONTINUOUS
10
4.7382125196850389
20
-2.2330547637795277
11
4.7307263385826772
21
-2.2368691338582676
0
LINE
8
BLACK
6
CONTINUOUS
10
4.7307263385826772
20
-2.2368691338582676
11
4.722735669291338
21
-2.2394654724409446
0
LINE
8
BLACK
6
CONTINUOUS
10
4.722735669291338
20
-2.2394654724409446
11
4.7144371653543304
21
-2.240779842519685
0
LINE
8
BLACK
6
CONTINUOUS
10
4.7144371653543304
20
-2.240779842519685
11
4.7102362204724404
21
-2.2409448818897637
0
LINE
8
BLACK
6
CONTINUOUS
10
4.7102362204724404
20
-2.2409448818897637
11
4.6897637795275591
21
-2.2409448818897637
0
LINE
8
BLACK
6
CONTINUOUS
10
4.6897637795275591
20
-2.2409448818897637
11
4.685562834645669
21
-2.240779842519685
0
LINE
8
BLACK
6
CONTINUOUS
10
4.685562834645669
20
-2.240779842519685
11
4.6772643307086614
21
-2.2394654724409446
0
LINE
8
BLACK
6
CONTINUOUS
10
4.6772643307086614
20
-2.2394654724409446
11
4.6692736614173231
21
-2.2368691338582676
0
LINE
8
BLACK
6
CONTINUOUS
10
4.6692736614173231
20
-2.2368691338582676
11
4.6617874803149606
21
-2.2330547637795277
0
LINE
8
BLACK
6
CONTINUOUS
10
4.6617874803149606
20
-2.2330547637795277
11
4.6549901968503935
21
-2.2281162204724407
0
LINE
8
BLACK
6
CONTINUOUS
10
4.6549901968503935
20
-2.2281162204724407
11
4.6490491338582673
21
-2.222175157480315
0
LINE
8
BLACK
6
CONTINUOUS
10
4.6490491338582673
20
-2.222175157480315
11
4.6441105905511808
21
-2.2153778740157479
0
LINE
8
BLACK
6
CONTINUOUS
10
4.6441105905511808
20
-2.2153778740157479
11
4.6402962204724405
21
-2.2078916929133858
0
LINE
8
BLACK
6
CONTINUOUS
10
4.6402962204724405
20
-2.2078916929133858
11
4.6376998818897635
21
-2.1999010236220471
0
LINE
8
BLACK
6
CONTINUOUS
10
4.6376998818897635
20
-2.1999010236220471
11
4.6363855118110235
21
-2.1916025196850395
0
LINE
8
BLACK
6
CONTINUOUS
10
4.6363855118110235
20
-2.1916025196850395
11
4.6363855118110235
21
-2.1832006299212598
0
LINE
8
BLACK
6
CONTINUOUS
10
4.6363855118110235
20
-2.1832006299212598
11
4.6376998818897635
21
-2.1749021259842518
0
LINE
8
BLACK
6
CONTINUOUS
10
4.6376998818897635
20
-2.1749021259842518
11
4.6402962204724405
21
-2.1669114566929135
0
LINE
8
BLACK
6
CONTINUOUS
10
4.6402962204724405
20
-2.1669114566929135
11
4.6441105905511808
21
-2.159425275590551
0
LINE
8
BLACK
6
CONTINUOUS
10
4.6441105905511808
20
-2.159425275590551
11
4.6490491338582673
21
-2.1526279921259843
0
LINE
8
BLACK
6
CONTINUOUS
10
4.6490491338582673
20
-2.1526279921259843
11
4.6549901968503935
21
-2.1466869291338582
0
LINE
8
BLACK
6
CONTINUOUS
10
4.6549901968503935
20
-2.1466869291338582
11
4.6617874803149606
21
-2.1417483858267716
0
LINE
8
BLACK
6
CONTINUOUS
10
4.6617874803149606
20
-2.1417483858267716
11
4.6692736614173231
21
-2.1379340157480313
0
LINE
8
BLACK
6
CONTINUOUS
10
4.6692736614173231
20
-2.1379340157480313
11
4.6772643307086614
21
-2.1353376771653543
0
LINE
8
BLACK
6
CONTINUOUS
10
4.6772643307086614
20
-2.1353376771653543
11
4.685562834645669
21
-2.1340233070866139
0
LINE
8
BLACK
6
CONTINUOUS
10
4.685562834645669
20
-2.1340233070866139
11
4.6897637795275591
21
-2.1338582677165352
0
LINE
8
BLACK
6
CONTINUOUS
10
4.6897637795275591
20
-2.1338582677165352
11
4.7102362204724404
21
-2.1338582677165352
0
LINE
8
BLACK
6
CONTINUOUS
10
4.7102362204724404
20
-2.1338582677165352
11
4.7144371653543304
21
-2.1340233070866139
0
LINE
8
BLACK
6
CONTINUOUS
10
3.6097142519685037
20
-2.1679764173228344
11
3.6157750787401572
21
-2.1704868897637795
0
LINE
8
BLACK
6
CONTINUOUS
10
3.6157750787401572
20
-2.1704868897637795
11
3.6212296850393701
21
-2.1741315354330708
0
LINE
8
BLACK
6
CONTINUOUS
10
3.6212296850393701
20
-2.1741315354330708
11
3.625868464566929
21
-2.1787703149606297
0
LINE
8
BLACK
6
CONTINUOUS
10
3.625868464566929
20
-2.1787703149606297
11
3.6295131102362204
21
-2.1842249212598426
0
LINE
8
BLACK
6
CONTINUOUS
10
3.6295131102362204
20
-2.1842249212598426
11
3.6320235826771654
21
-2.1902857480314961
0
LINE
8
BLACK
6
CONTINUOUS
10
3.6320235826771654
20
-2.1902857480314961
11
3.6333034251968503
21
-2.1967198818897637
0
LINE
8
BLACK
6
CONTINUOUS
10
3.6333034251968503
20
-2.1967198818897637
11
3.6333034251968503
21
-2.2032801181102362
0
LINE
8
BLACK
6
CONTINUOUS
10
3.6333034251968503
20
-2.2032801181102362
11
3.6320235826771654
21
-2.2097142519685038
0
LINE
8
BLACK
6
CONTINUOUS
10
3.6320235826771654
20
-2.2097142519685038
11
3.6295131102362204
21
-2.2157750787401573
0
LINE
8
BLACK
6
CONTINUOUS
10
3.6295131102362204
20
-2.2157750787401573
11
3.625868464566929
21
-2.2212296850393702
0
LINE
8
BLACK
6
CONTINUOUS
10
3.625868464566929
20
-2.2212296850393702
11
3.6212296850393701
21
-2.2258684645669291
0
LINE
8
BLACK
6
CONTINUOUS
10
3.6212296850393701
20
-2.2258684645669291
11
3.6157750787401572
21
-2.2295131102362205
0
LINE
8
BLACK
6
CONTINUOUS
10
3.6157750787401572
20
-2.2295131102362205
11
3.6097142519685037
21
-2.2320235826771655
0
LINE
8
BLACK
6
CONTINUOUS
10
3.6097142519685037
20
-2.2320235826771655
11
3.6032801181102361
21
-2.2333034251968504
0
LINE
8
BLACK
6
CONTINUOUS
10
3.6032801181102361
20
-2.2333034251968504
11
3.5967198818897637
21
-2.2333034251968504
0
LINE
8
BLACK
6
CONTINUOUS
10
3.5967198818897637
20
-2.2333034251968504
11
3.590285748031496
21
-2.2320235826771655
0
LINE
8
BLACK
6
CONTINUOUS
10
3.590285748031496
20
-2.2320235826771655
11
3.5842249212598425
21
-2.2295131102362205
0
LINE
8
BLACK
6
CONTINUOUS
10
3.5842249212598425
20
-2.2295131102362205
11
3.57877031496063
21
-2.2258684645669291
0
LINE
8
BLACK
6
CONTINUOUS
10
3.57877031496063
20
-2.2258684645669291
11
3.5741315354330707
21
-2.2212296850393702
0
LINE
8
BLACK
6
CONTINUOUS
10
3.5741315354330707
20
-2.2212296850393702
11
3.5704868897637794
21
-2.2157750787401573
0
LINE
8
BLACK
6
CONTINUOUS
10
3.5704868897637794
20
-2.2157750787401573
11
3.5679764173228348
21
-2.2097142519685038
0
LINE
8
BLACK
6
CONTINUOUS
10
3.5679764173228348
20
-2.2097142519685038
11
3.5666965748031494
21
-2.2032801181102362
0
LINE
8
BLACK
6
CONTINUOUS
10
3.5666965748031494
20
-2.2032801181102362
11
3.5666965748031494
21
-2.1967198818897637
0
LINE
8
BLACK
6
CONTINUOUS
10
3.5666965748031494
20
-2.1967198818897637
11
3.5679764173228348
21
-2.1902857480314961
0
LINE
8
BLACK
6
CONTINUOUS
10
3.5679764173228348
20
-2.1902857480314961
11
3.5704868897637794
21
-2.1842249212598426
0
LINE
8
BLACK
6
CONTINUOUS
10
3.5704868897637794
20
-2.1842249212598426
11
3.5741315354330707
21
-2.1787703149606297
0
LINE
8
BLACK
6
CONTINUOUS
10
3.5741315354330707
20
-2.1787703149606297
11
3.57877031496063
21
-2.1741315354330708
0
LINE
8
BLACK
6
CONTINUOUS
10
3.57877031496063
20
-2.1741315354330708
11
3.5842249212598425
21
-2.1704868897637795
0
LINE
8
BLACK
6
CONTINUOUS
10
3.5842249212598425
20
-2.1704868897637795
11
3.590285748031496
21
-2.1679764173228344
0
LINE
8
BLACK
6
CONTINUOUS
10
3.590285748031496
20
-2.1679764173228344
11
3.5967198818897637
21
-2.1666965748031495
0
LINE
8
BLACK
6
CONTINUOUS
10
3.5967198818897637
20
-2.1666965748031495
11
3.6032801181102361
21
-2.1666965748031495
0
LINE
8
BLACK
6
CONTINUOUS
10
3.6032801181102361
20
-2.1666965748031495
11
3.6097142519685037
21
-2.1679764173228344
0
LINE
8
BLACK
6
CONTINUOUS
10
5.2097142519685038
20
-2.1679764173228344
11
5.2157750787401573
21
-2.1704868897637795
0
LINE
8
BLACK
6
CONTINUOUS
10
5.2157750787401573
20
-2.1704868897637795
11
5.2212296850393702
21
-2.1741315354330708
0
LINE
8
BLACK
6
CONTINUOUS
10
5.2212296850393702
20
-2.1741315354330708
11
5.2258684645669291
21
-2.1787703149606297
0
LINE
8
BLACK
6
CONTINUOUS
10
5.2258684645669291
20
-2.1787703149606297
11
5.22951311023622
21
-2.1842249212598426
0
LINE
8
BLACK
6
CONTINUOUS
10
5.22951311023622
20
-2.1842249212598426
11
5.2320235826771651
21
-2.1902857480314961
0
LINE
8
BLACK
6
CONTINUOUS
10
5.2320235826771651
20
-2.1902857480314961
11
5.2333034251968504
21
-2.1967198818897637
0
LINE
8
BLACK
6
CONTINUOUS
10
5.2333034251968504
20
-2.1967198818897637
11
5.2333034251968504
21
-2.2032801181102362
0
LINE
8
BLACK
6
CONTINUOUS
10
5.2333034251968504
20
-2.2032801181102362
11
5.2320235826771651
21
-2.2097142519685038
0
LINE
8
BLACK
6
CONTINUOUS
10
5.2320235826771651
20
-2.2097142519685038
11
5.22951311023622
21
-2.2157750787401573
0
LINE
8
BLACK
6
CONTINUOUS
10
5.22951311023622
20
-2.2157750787401573
11
5.2258684645669291
21
-2.2212296850393702
0
LINE
8
BLACK
6
CONTINUOUS
10
5.2258684645669291
20
-2.2212296850393702
11
5.2212296850393702
21
-2.2258684645669291
0
LINE
8
BLACK
6
CONTINUOUS
10
5.2212296850393702
20
-2.2258684645669291
11
5.2157750787401573
21
-2.2295131102362205
0
LINE
8
BLACK
6
CONTINUOUS
10
5.2157750787401573
20
-2.2295131102362205
11
5.2097142519685038
21
-2.2320235826771655
0
LINE
8
BLACK
6
CONTINUOUS
10
5.2097142519685038
20
-2.2320235826771655
11
5.2032801181102357
21
-2.2333034251968504
0
LINE
8
BLACK
6
CONTINUOUS
10
5.2032801181102357
20
-2.2333034251968504
11
5.1967198818897637
21
-2.2333034251968504
0
LINE
8
BLACK
6
CONTINUOUS
10
5.1967198818897637
20
-2.2333034251968504
11
5.1902857480314957
21
-2.2320235826771655
0
LINE
8
BLACK
6
CONTINUOUS
10
5.1902857480314957
20
-2.2320235826771655
11
5.1842249212598421
21
-2.2295131102362205
0
LINE
8
BLACK
6
CONTINUOUS
10
5.1842249212598421
20
-2.2295131102362205
11
5.1787703149606301
21
-2.2258684645669291
0
LINE
8
BLACK
6
CONTINUOUS
10
5.1787703149606301
20
-2.2258684645669291
11
5.1741315354330704
21
-2.2212296850393702
0
LINE
8
BLACK
6
CONTINUOUS
10
5.1741315354330704
20
-2.2212296850393702
11
5.1704868897637795
21
-2.2157750787401573
0
LINE
8
BLACK
6
CONTINUOUS
10
5.1704868897637795
20
-2.2157750787401573
11
5.1679764173228344
21
-2.2097142519685038
0
LINE
8
BLACK
6
CONTINUOUS
10
5.1679764173228344
20
-2.2097142519685038
11
5.1666965748031499
21
-2.2032801181102362
0
LINE
8
BLACK
6
CONTINUOUS
10
5.1666965748031499
20
-2.2032801181102362
11
5.1666965748031499
21
-2.1967198818897637
0
LINE
8
BLACK
6
CONTINUOUS
10
5.1666965748031499
20
-2.1967198818897637
11
5.1679764173228344
21
-2.1902857480314961
0
LINE
8
BLACK
6
CONTINUOUS
10
5.1679764173228344
20
-2.1902857480314961
11
5.1704868897637795
21
-2.1842249212598426
0
LINE
8
BLACK
6
CONTINUOUS
10
5.1704868897637795
20
-2.1842249212598426
11
5.1741315354330704
21
-2.1787703149606297
0
LINE
8
BLACK
6
CONTINUOUS
10
5.1741315354330704
20
-2.1787703149606297
11
5.1787703149606301
21
-2.1741315354330708
0
LINE
8
BLACK
6
CONTINUOUS
10
5.1787703149606301
20
-2.1741315354330708
11
5.1842249212598421
21
-2.1704868897637795
0
LINE
8
BLACK
6
CONTINUOUS
10
5.1842249212598421
20
-2.1704868897637795
11
5.1902857480314957
21
-2.1679764173228344
0
LINE
8
BLACK
6
CONTINUOUS
10
5.1902857480314957
20
-2.1679764173228344
11
5.1967198818897637
21
-2.1666965748031495
0
LINE
8
BLACK
6
CONTINUOUS
10
5.1967198818897637
20
-2.1666965748031495
11
5.2032801181102357
21
-2.1666965748031495
0
LINE
8
BLACK
6
CONTINUOUS
10
5.2032801181102357
20
-2.1666965748031495
11
5.2097142519685038
21
-2.1679764173228344
0
LINE
8
BLACK
6
CONTINUOUS
10
6.6593700787401575
20
-2.2093700787401573
11
6.5806299212598427
21
-2.2093700787401573
0
LINE
8
BLACK
6
CONTINUOUS
10
6.5806299212598427
20
-2.2093700787401573
11
6.5806299212598427
21
-2.1306299212598425
0
LINE
8
BLACK
6
CONTINUOUS
10
6.5806299212598427
20
-2.1306299212598425
11
6.6593700787401575
21
-2.1306299212598425
0
LINE
8
BLACK
6
CONTINUOUS
10
6.6593700787401575
20
-2.1306299212598425
11
6.6593700787401575
21
-2.2093700787401573
0
LINE
8
BLACK
6
CONTINUOUS
10
6.8214285433070865
20
-2.1323251968503936
11
6.8285589370078741
21
-2.1352787007874015
0
LINE
8
BLACK
6
CONTINUOUS
10
6.8285589370078741
20
-2.1352787007874015
11
6.8349761023622042
21
-2.1395665354330706
0
LINE
8
BLACK
6
CONTINUOUS
10
6.8349761023622042
20
-2.1395665354330706
11
6.8404334645669289
21
-2.1450238976377953
0
LINE
8
BLACK
6
CONTINUOUS
10
6.8404334645669289
20
-2.1450238976377953
11
6.8447212992125985
21
-2.1514410629921259
0
LINE
8
BLACK
6
CONTINUOUS
10
6.8447212992125985
20
-2.1514410629921259
11
6.847674803149606
21
-2.1585714566929135
0
LINE
8
BLACK
6
CONTINUOUS
10
6.847674803149606
20
-2.1585714566929135
11
6.8491805118110234
21
-2.1661410629921258
0
LINE
8
BLACK
6
CONTINUOUS
10
6.8491805118110234
20
-2.1661410629921258
11
6.8491805118110234
21
-2.173858937007874
0
LINE
8
BLACK
6
CONTINUOUS
10
6.8491805118110234
20
-2.173858937007874
11
6.847674803149606
21
-2.1814285433070864
0
LINE
8
BLACK
6
CONTINUOUS
10
6.847674803149606
20
-2.1814285433070864
11
6.8447212992125985
21
-2.188558937007874
0
LINE
8
BLACK
6
CONTINUOUS
10
6.8447212992125985
20
-2.188558937007874
11
6.8404334645669289
21
-2.1949761023622045
0
LINE
8
BLACK
6
CONTINUOUS
10
6.8404334645669289
20
-2.1949761023622045
11
6.8349761023622042
21
-2.2004334645669292
0
LINE
8
BLACK
6
CONTINUOUS
10
6.8349761023622042
20
-2.2004334645669292
11
6.8285589370078741
21
-2.2047212992125984
0
LINE
8
BLACK
6
CONTINUOUS
10
6.8285589370078741
20
-2.2047212992125984
11
6.8214285433070865
21
-2.2076748031496063
0
LINE
8
BLACK
6
CONTINUOUS
10
6.8214285433070865
20
-2.2076748031496063
11
6.8138589370078737
21
-2.2091805118110237
0
LINE
8
BLACK
6
CONTINUOUS
10
6.8138589370078737
20
-2.2091805118110237
11
6.8061410629921255
21
-2.2091805118110237
0
LINE
8
BLACK
6
CONTINUOUS
10
6.8061410629921255
20
-2.2091805118110237
11
6.7985714566929136
21
-2.2076748031496063
0
LINE
8
BLACK
6
CONTINUOUS
10
6.7985714566929136
20
-2.2076748031496063
11
6.791441062992126
21
-2.2047212992125984
0
LINE
8
BLACK
6
CONTINUOUS
10
6.791441062992126
20
-2.2047212992125984
11
6.785023897637795
21
-2.2004334645669292
0
LINE
8
BLACK
6
CONTINUOUS
10
6.785023897637795
20
-2.2004334645669292
11
6.7795665354330703
21
-2.1949761023622045
0
LINE
8
BLACK
6
CONTINUOUS
10
6.7795665354330703
20
-2.1949761023622045
11
6.7752787007874016
21
-2.188558937007874
0
LINE
8
BLACK
6
CONTINUOUS
10
6.7752787007874016
20
-2.188558937007874
11
6.7723251968503932
21
-2.1814285433070864
0
LINE
8
BLACK
6
CONTINUOUS
10
6.7723251968503932
20
-2.1814285433070864
11
6.7708194881889758
21
-2.173858937007874
0
LINE
8
BLACK
6
CONTINUOUS
10
6.7708194881889758
20
-2.173858937007874
11
6.7708194881889758
21
-2.1661410629921258
0
LINE
8
BLACK
6
CONTINUOUS
10
6.7708194881889758
20
-2.1661410629921258
11
6.7723251968503932
21
-2.1585714566929135
0
LINE
8
BLACK
6
CONTINUOUS
10
6.7723251968503932
20
-2.1585714566929135
11
6.7752787007874016
21
-2.1514410629921259
0
LINE
8
BLACK
6
CONTINUOUS
10
6.7752787007874016
20
-2.1514410629921259
11
6.7795665354330703
21
-2.1450238976377953
0
LINE
8
BLACK
6
CONTINUOUS
10
6.7795665354330703
20
-2.1450238976377953
11
6.785023897637795
21
-2.1395665354330706
0
LINE
8
BLACK
6
CONTINUOUS
10
6.785023897637795
20
-2.1395665354330706
11
6.791441062992126
21
-2.1352787007874015
0
LINE
8
BLACK
6
CONTINUOUS
10
6.791441062992126
20
-2.1352787007874015
11
6.7985714566929136
21
-2.1323251968503936
0
LINE
8
BLACK
6
CONTINUOUS
10
6.7985714566929136
20
-2.1323251968503936
11
6.8061410629921255
21
-2.1308194881889762
0
LINE
8
BLACK
6
CONTINUOUS
10
6.8061410629921255
20
-2.1308194881889762
11
6.8138589370078737
21
-2.1308194881889762
0
LINE
8
BLACK
6
CONTINUOUS
10
6.8138589370078737
20
-2.1308194881889762
11
6.8214285433070865
21
-2.1323251968503936
0
LINE
8
BLACK
6
CONTINUOUS
10
7.0114285433070869
20
-2.1323251968503936
11
7.0185589370078736
21
-2.1352787007874015
0
LINE
8
BLACK
6
CONTINUOUS
10
7.0185589370078736
20
-2.1352787007874015
11
7.0249761023622046
21
-2.1395665354330706
0
LINE
8
BLACK
6
CONTINUOUS
10
7.0249761023622046
20
-2.1395665354330706
11
7.0304334645669293
21
-2.1450238976377953
0
LINE
8
BLACK
6
CONTINUOUS
10
7.0304334645669293
20
-2.1450238976377953
11
7.034721299212598
21
-2.1514410629921259
0
LINE
8
BLACK
6
CONTINUOUS
10
7.034721299212598
20
-2.1514410629921259
11
7.0376748031496064
21
-2.1585714566929135
0
LINE
8
BLACK
6
CONTINUOUS
10
7.0376748031496064
20
-2.1585714566929135
11
7.0391805118110238
21
-2.1661410629921258
0
LINE
8
BLACK
6
CONTINUOUS
10
7.0391805118110238
20
-2.1661410629921258
11
7.0391805118110238
21
-2.173858937007874
0
LINE
8
BLACK
6
CONTINUOUS
10
7.0391805118110238
20
-2.173858937007874
11
7.0376748031496064
21
-2.1814285433070864
0
LINE
8
BLACK
6
CONTINUOUS
10
7.0376748031496064
20
-2.1814285433070864
11
7.034721299212598
21
-2.188558937007874
0
LINE
8
BLACK
6
CONTINUOUS
10
7.034721299212598
20
-2.188558937007874
11
7.0304334645669293
21
-2.1949761023622045
0
LINE
8
BLACK
6
CONTINUOUS
10
7.0304334645669293
20
-2.1949761023622045
11
7.0249761023622046
21
-2.2004334645669292
0
LINE
8
BLACK
6
CONTINUOUS
10
7.0249761023622046
20
-2.2004334645669292
11
7.0185589370078736
21
-2.2047212992125984
0
LINE
8
BLACK
6
CONTINUOUS
10
7.0185589370078736
20
-2.2047212992125984
11
7.0114285433070869
21
-2.2076748031496063
0
LINE
8
BLACK
6
CONTINUOUS
10
7.0114285433070869
20
-2.2076748031496063
11
7.0038589370078741
21
-2.2091805118110237
0
LINE
8
BLACK
6
CONTINUOUS
10
7.0038589370078741
20
-2.2091805118110237
11
6.9961410629921259
21
-2.2091805118110237
0
LINE
8
BLACK
6
CONTINUOUS
10
6.9961410629921259
20
-2.2091805118110237
11
6.9885714566929131
21
-2.2076748031496063
0
LINE
8
BLACK
6
CONTINUOUS
10
6.9885714566929131
20
-2.2076748031496063
11
6.9814410629921255
21
-2.2047212992125984
0
LINE
8
BLACK
6
CONTINUOUS
10
6.9814410629921255
20
-2.2047212992125984
11
6.9750238976377954
21
-2.2004334645669292
0
LINE
8
BLACK
6
CONTINUOUS
10
6.9750238976377954
20
-2.2004334645669292
11
6.9695665354330707
21
-2.1949761023622045
0
LINE
8
BLACK
6
CONTINUOUS
10
6.9695665354330707
20
-2.1949761023622045
11
6.9652787007874011
21
-2.188558937007874
0
LINE
8
BLACK
6
CONTINUOUS
10
6.9652787007874011
20
-2.188558937007874
11
6.9623251968503936
21
-2.1814285433070864
0
LINE
8
BLACK
6
CONTINUOUS
10
6.9623251968503936
20
-2.1814285433070864
11
6.9608194881889762
21
-2.173858937007874
0
LINE
8
BLACK
6
CONTINUOUS
10
6.9608194881889762
20
-2.173858937007874
11
6.9608194881889762
21
-2.1661410629921258
0
LINE
8
BLACK
6
CONTINUOUS
10
6.9608194881889762
20
-2.1661410629921258
11
6.9623251968503936
21
-2.1585714566929135
0
LINE
8
BLACK
6
CONTINUOUS
10
6.9623251968503936
20
-2.1585714566929135
11
6.9652787007874011
21
-2.1514410629921259
0
LINE
8
BLACK
6
CONTINUOUS
10
6.9652787007874011
20
-2.1514410629921259
11
6.9695665354330707
21
-2.1450238976377953
0
LINE
8
BLACK
6
CONTINUOUS
10
6.9695665354330707
20
-2.1450238976377953
11
6.9750238976377954
21
-2.1395665354330706
0
LINE
8
BLACK
6
CONTINUOUS
10
6.9750238976377954
20
-2.1395665354330706
11
6.9814410629921255
21
-2.1352787007874015
0
LINE
8
BLACK
6
CONTINUOUS
10
6.9814410629921255
20
-2.1352787007874015
11
6.9885714566929131
21
-2.1323251968503936
0
LINE
8
BLACK
6
CONTINUOUS
10
6.9885714566929131
20
-2.1323251968503936
11
6.9961410629921259
21
-2.1308194881889762
0
LINE
8
BLACK
6
CONTINUOUS
10
6.9961410629921259
20
-2.1308194881889762
11
7.0038589370078741
21
-2.1308194881889762
0
LINE
8
BLACK
6
CONTINUOUS
10
7.0038589370078741
20
-2.1308194881889762
11
7.0114285433070869
21
-2.1323251968503936
0
LINE
8
BLACK
6
CONTINUOUS
10
3.4307086614173228
20
-2.1354330708661418
11
3.3598425196850394
21
-2.1354330708661418
0
LINE
8
BLACK
6
CONTINUOUS
10
3.3598425196850394
20
-2.1354330708661418
11
3.3598425196850394
21
-2.0645669291338584
0
LINE
8
BLACK
6
CONTINUOUS
10
3.3598425196850394
20
-2.0645669291338584
11
3.4307086614173228
21
-2.0645669291338584
0
LINE
8
BLACK
6
CONTINUOUS
10
3.4307086614173228
20
-2.0645669291338584
11
3.4307086614173228
21
-2.1354330708661418
0
LINE
8
BLACK
6
CONTINUOUS
10
3.6097142519685037
20
-2.0679764173228348
11
3.6157750787401572
21
-2.0704868897637794
0
LINE
8
BLACK
6
CONTINUOUS
10
3.6157750787401572
20
-2.0704868897637794
11
3.6212296850393701
21
-2.0741315354330707
0
LINE
8
BLACK
6
CONTINUOUS
10
3.6212296850393701
20
-2.0741315354330707
11
3.625868464566929
21
-2.07877031496063
0
LINE
8
BLACK
6
CONTINUOUS
10
3.625868464566929
20
-2.07877031496063
11
3.6295131102362204
21
-2.0842249212598425
0
LINE
8
BLACK
6
CONTINUOUS
10
3.6295131102362204
20
-2.0842249212598425
11
3.6320235826771654
21
-2.090285748031496
0
LINE
8
BLACK
6
CONTINUOUS
10
3.6320235826771654
20
-2.090285748031496
11
3.6333034251968503
21
-2.0967198818897637
0
LINE
8
BLACK
6
CONTINUOUS
10
3.6333034251968503
20
-2.0967198818897637
11
3.6333034251968503
21
-2.1032801181102361
0
LINE
8
BLACK
6
CONTINUOUS
10
3.6333034251968503
20
-2.1032801181102361
11
3.6320235826771654
21
-2.1097142519685037
0
LINE
8
BLACK
6
CONTINUOUS
10
3.6320235826771654
20
-2.1097142519685037
11
3.6295131102362204
21
-2.1157750787401572
0
LINE
8
BLACK
6
CONTINUOUS
10
3.6295131102362204
20
-2.1157750787401572
11
3.625868464566929
21
-2.1212296850393701
0
LINE
8
BLACK
6
CONTINUOUS
10
3.625868464566929
20
-2.1212296850393701
11
3.6212296850393701
21
-2.125868464566929
0
LINE
8
BLACK
6
CONTINUOUS
10
3.6212296850393701
20
-2.125868464566929
11
3.6157750787401572
21
-2.1295131102362204
0
LINE
8
BLACK
6
CONTINUOUS
10
3.6157750787401572
20
-2.1295131102362204
11
3.6097142519685037
21
-2.1320235826771654
0
LINE
8
BLACK
6
CONTINUOUS
10
3.6097142519685037
20
-2.1320235826771654
11
3.6032801181102361
21
-2.1333034251968503
0
LINE
8
BLACK
6
CONTINUOUS
10
3.6032801181102361
20
-2.1333034251968503
11
3.5967198818897637
21
-2.1333034251968503
0
LINE
8
BLACK
6
CONTINUOUS
10
3.5967198818897637
20
-2.1333034251968503
11
3.590285748031496
21
-2.1320235826771654
0
LINE
8
BLACK
6
CONTINUOUS
10
3.590285748031496
20
-2.1320235826771654
11
3.5842249212598425
21
-2.1295131102362204
0
LINE
8
BLACK
6
CONTINUOUS
10
3.5842249212598425
20
-2.1295131102362204
11
3.57877031496063
21
-2.125868464566929
0
LINE
8
BLACK
6
CONTINUOUS
10
3.57877031496063
20
-2.125868464566929
11
3.5741315354330707
21
-2.1212296850393701
0
LINE
8
BLACK
6
CONTINUOUS
10
3.5741315354330707
20
-2.1212296850393701
11
3.5704868897637794
21
-2.1157750787401572
0
LINE
8
BLACK
6
CONTINUOUS
10
3.5704868897637794
20
-2.1157750787401572
11
3.5679764173228348
21
-2.1097142519685037
0
LINE
8
BLACK
6
CONTINUOUS
10
3.5679764173228348
20
-2.1097142519685037
11
3.5666965748031494
21
-2.1032801181102361
0
LINE
8
BLACK
6
CONTINUOUS
10
3.5666965748031494
20
-2.1032801181102361
11
3.5666965748031494
21
-2.0967198818897637
0
LINE
8
BLACK
6
CONTINUOUS
10
3.5666965748031494
20
-2.0967198818897637
11
3.5679764173228348
21
-2.090285748031496
0
LINE
8
BLACK
6
CONTINUOUS
10
3.5679764173228348
20
-2.090285748031496
11
3.5704868897637794
21
-2.0842249212598425
0
LINE
8
BLACK
6
CONTINUOUS
10
3.5704868897637794
20
-2.0842249212598425
11
3.5741315354330707
21
-2.07877031496063
0
LINE
8
BLACK
6
CONTINUOUS
10
3.5741315354330707
20
-2.07877031496063
11
3.57877031496063
21
-2.0741315354330707
0
LINE
8
BLACK
6
CONTINUOUS
10
3.57877031496063
20
-2.0741315354330707
11
3.5842249212598425
21
-2.0704868897637794
0
LINE
8
BLACK
6
CONTINUOUS
10
3.5842249212598425
20
-2.0704868897637794
11
3.590285748031496
21
-2.0679764173228348
0
LINE
8
BLACK
6
CONTINUOUS
10
3.590285748031496
20
-2.0679764173228348
11
3.5967198818897637
21
-2.0666965748031494
0
LINE
8
BLACK
6
CONTINUOUS
10
3.5967198818897637
20
-2.0666965748031494
11
3.6032801181102361
21
-2.0666965748031494
0
LINE
8
BLACK
6
CONTINUOUS
10
3.6032801181102361
20
-2.0666965748031494
11
3.6097142519685037
21
-2.0679764173228348
0
LINE
8
BLACK
6
CONTINUOUS
10
5.2097142519685038
20
-2.0679764173228348
11
5.2157750787401573
21
-2.0704868897637794
0
LINE
8
BLACK
6
CONTINUOUS
10
5.2157750787401573
20
-2.0704868897637794
11
5.2212296850393702
21
-2.0741315354330707
0
LINE
8
BLACK
6
CONTINUOUS
10
5.2212296850393702
20
-2.0741315354330707
11
5.2258684645669291
21
-2.07877031496063
0
LINE
8
BLACK
6
CONTINUOUS
10
5.2258684645669291
20
-2.07877031496063
11
5.22951311023622
21
-2.0842249212598425
0
LINE
8
BLACK
6
CONTINUOUS
10
5.22951311023622
20
-2.0842249212598425
11
5.2320235826771651
21
-2.090285748031496
0
LINE
8
BLACK
6
CONTINUOUS
10
5.2320235826771651
20
-2.090285748031496
11
5.2333034251968504
21
-2.0967198818897637
0
LINE
8
BLACK
6
CONTINUOUS
10
5.2333034251968504
20
-2.0967198818897637
11
5.2333034251968504
21
-2.1032801181102361
0
LINE
8
BLACK
6
CONTINUOUS
10
5.2333034251968504
20
-2.1032801181102361
11
5.2320235826771651
21
-2.1097142519685037
0
LINE
8
BLACK
6
CONTINUOUS
10
5.2320235826771651
20
-2.1097142519685037
11
5.22951311023622
21
-2.1157750787401572
0
LINE
8
BLACK
6
CONTINUOUS
10
5.22951311023622
20
-2.1157750787401572
11
5.2258684645669291
21
-2.1212296850393701
0
LINE
8
BLACK
6
CONTINUOUS
10
5.2258684645669291
20
-2.1212296850393701
11
5.2212296850393702
21
-2.125868464566929
0
LINE
8
BLACK
6
CONTINUOUS
10
5.2212296850393702
20
-2.125868464566929
11
5.2157750787401573
21
-2.1295131102362204
0
LINE
8
BLACK
6
CONTINUOUS
10
5.2157750787401573
20
-2.1295131102362204
11
5.2097142519685038
21
-2.1320235826771654
0
LINE
8
BLACK
6
CONTINUOUS
10
5.2097142519685038
20
-2.1320235826771654
11
5.2032801181102357
21
-2.1333034251968503
0
LINE
8
BLACK
6
CONTINUOUS
10
5.2032801181102357
20
-2.1333034251968503
11
5.1967198818897637
21
-2.1333034251968503
0
LINE
8
BLACK
6
CONTINUOUS
10
5.1967198818897637
20
-2.1333034251968503
11
5.1902857480314957
21
-2.1320235826771654
0
LINE
8
BLACK
6
CONTINUOUS
10
5.1902857480314957
20
-2.1320235826771654
11
5.1842249212598421
21
-2.1295131102362204
0
LINE
8
BLACK
6
CONTINUOUS
10
5.1842249212598421
20
-2.1295131102362204
11
5.1787703149606301
21
-2.125868464566929
0
LINE
8
BLACK
6
CONTINUOUS
10
5.1787703149606301
20
-2.125868464566929
11
5.1741315354330704
21
-2.1212296850393701
0
LINE
8
BLACK
6
CONTINUOUS
10
5.1741315354330704
20
-2.1212296850393701
11
5.1704868897637795
21
-2.1157750787401572
0
LINE
8
BLACK
6
CONTINUOUS
10
5.1704868897637795
20
-2.1157750787401572
11
5.1679764173228344
21
-2.1097142519685037
0
LINE
8
BLACK
6
CONTINUOUS
10
5.1679764173228344
20
-2.1097142519685037
11
5.1666965748031499
21
-2.1032801181102361
0
LINE
8
BLACK
6
CONTINUOUS
10
5.1666965748031499
20
-2.1032801181102361
11
5.1666965748031499
21
-2.0967198818897637
0
LINE
8
BLACK
6
CONTINUOUS
10
5.1666965748031499
20
-2.0967198818897637
11
5.1679764173228344
21
-2.090285748031496
0
LINE
8
BLACK
6
CONTINUOUS
10
5.1679764173228344
20
-2.090285748031496
11
5.1704868897637795
21
-2.0842249212598425
0
LINE
8
BLACK
6
CONTINUOUS
10
5.1704868897637795
20
-2.0842249212598425
11
5.1741315354330704
21
-2.07877031496063
0
LINE
8
BLACK
6
CONTINUOUS
10
5.1741315354330704
20
-2.07877031496063
11
5.1787703149606301
21
-2.0741315354330707
0
LINE
8
BLACK
6
CONTINUOUS
10
5.1787703149606301
20
-2.0741315354330707
11
5.1842249212598421
21
-2.0704868897637794
0
LINE
8
BLACK
6
CONTINUOUS
10
5.1842249212598421
20
-2.0704868897637794
11
5.1902857480314957
21
-2.0679764173228348
0
LINE
8
BLACK
6
CONTINUOUS
10
5.1902857480314957
20
-2.0679764173228348
11
5.1967198818897637
21
-2.0666965748031494
0
LINE
8
BLACK
6
CONTINUOUS
10
5.1967198818897637
20
-2.0666965748031494
11
5.2032801181102357
21
-2.0666965748031494
0
LINE
8
BLACK
6
CONTINUOUS
10
5.2032801181102357
20
-2.0666965748031494
11
5.2097142519685038
21
-2.0679764173228348
0
LINE
8
BLACK
6
CONTINUOUS
10
5.0307086614173224
20
-2.1322834645669291
11
4.9598425196850391
21
-2.1322834645669291
0
LINE
8
BLACK
6
CONTINUOUS
10
4.9598425196850391
20
-2.1322834645669291
11
4.9598425196850391
21
-2.0614173228346457
0
LINE
8
BLACK
6
CONTINUOUS
10
4.9598425196850391
20
-2.0614173228346457
11
5.0307086614173224
21
-2.0614173228346457
0
LINE
8
BLACK
6
CONTINUOUS
10
5.0307086614173224
20
-2.0614173228346457
11
5.0307086614173224
21
-2.1322834645669291
0
LINE
8
BLACK
6
CONTINUOUS
10
5.4147787401574803
20
-1.9384420866141732
11
5.4242265748031491
21
-1.9415118897637795
0
LINE
8
BLACK
6
CONTINUOUS
10
5.4242265748031491
20
-1.9415118897637795
11
5.4330778740157477
21
-1.9460218503937008
0
LINE
8
BLACK
6
CONTINUOUS
10
5.4330778740157477
20
-1.9460218503937008
11
5.4411146456692911
21
-1.951860905511811
0
LINE
8
BLACK
6
CONTINUOUS
10
5.4411146456692911
20
-1.951860905511811
11
5.4481390944881891
21
-1.9588853543307085
0
LINE
8
BLACK
6
CONTINUOUS
10
5.4481390944881891
20
-1.9588853543307085
11
5.4539781496062991
21
-1.966922125984252
0
LINE
8
BLACK
6
CONTINUOUS
10
5.4539781496062991
20
-1.966922125984252
11
5.4584881102362202
21
-1.9757734251968504
0
LINE
8
BLACK
6
CONTINUOUS
10
5.4584881102362202
20
-1.9757734251968504
11
5.4615579133858265
21
-1.9852212598425196
0
LINE
8
BLACK
6
CONTINUOUS
10
5.4615579133858265
20
-1.9852212598425196
11
5.4631119291338583
21
-1.9950329921259842
0
LINE
8
BLACK
6
CONTINUOUS
10
5.4631119291338583
20
-1.9950329921259842
11
5.4631119291338583
21
-2.0049670078740158
0
LINE
8
BLACK
6
CONTINUOUS
10
5.4631119291338583
20
-2.0049670078740158
11
5.4615579133858265
21
-2.0147787401574804
0
LINE
8
BLACK
6
CONTINUOUS
10
5.4615579133858265
20
-2.0147787401574804
11
5.4584881102362202
21
-2.0242265748031496
0
LINE
8
BLACK
6
CONTINUOUS
10
5.4584881102362202
20
-2.0242265748031496
11
5.4539781496062991
21
-2.0330778740157478
0
LINE
8
BLACK
6
CONTINUOUS
10
5.4539781496062991
20
-2.0330778740157478
11
5.4481390944881891
21
-2.0411146456692912
0
LINE
8
BLACK
6
CONTINUOUS
10
5.4481390944881891
20
-2.0411146456692912
11
5.4411146456692911
21
-2.0481390944881888
0
LINE
8
BLACK
6
CONTINUOUS
10
5.4411146456692911
20
-2.0481390944881888
11
5.4330778740157477
21
-2.0539781496062992
0
LINE
8
BLACK
6
CONTINUOUS
10
5.4330778740157477
20
-2.0539781496062992
11
5.4242265748031491
21
-2.0584881102362202
0
LINE
8
BLACK
6
CONTINUOUS
10
5.4242265748031491
20
-2.0584881102362202
11
5.4147787401574803
21
-2.0615579133858266
0
LINE
8
BLACK
6
CONTINUOUS
10
5.4147787401574803
20
-2.0615579133858266
11
5.4049670078740153
21
-2.0631119291338584
0
LINE
8
BLACK
6
CONTINUOUS
10
5.4049670078740153
20
-2.0631119291338584
11
5.3950329921259845
21
-2.0631119291338584
0
LINE
8
BLACK
6
CONTINUOUS
10
5.3950329921259845
20
-2.0631119291338584
11
5.3852212598425195
21
-2.0615579133858266
0
LINE
8
BLACK
6
CONTINUOUS
10
5.3852212598425195
20
-2.0615579133858266
11
5.3757734251968499
21
-2.0584881102362202
0
LINE
8
BLACK
6
CONTINUOUS
10
5.3757734251968499
20
-2.0584881102362202
11
5.3669221259842521
21
-2.0539781496062992
0
LINE
8
BLACK
6
CONTINUOUS
10
5.3669221259842521
20
-2.0539781496062992
11
5.3588853543307087
21
-2.0481390944881888
0
LINE
8
BLACK
6
CONTINUOUS
10
5.3588853543307087
20
-2.0481390944881888
11
5.3518609055118107
21
-2.0411146456692912
0
LINE
8
BLACK
6
CONTINUOUS
10
5.3518609055118107
20
-2.0411146456692912
11
5.3460218503937007
21
-2.0330778740157478
0
LINE
8
BLACK
6
CONTINUOUS
10
5.3460218503937007
20
-2.0330778740157478
11
5.3415118897637797
21
-2.0242265748031496
0
LINE
8
BLACK
6
CONTINUOUS
10
5.3415118897637797
20
-2.0242265748031496
11
5.3384420866141733
21
-2.0147787401574804
0
LINE
8
BLACK
6
CONTINUOUS
10
5.3384420866141733
20
-2.0147787401574804
11
5.3368880708661415
21
-2.0049670078740158
0
LINE
8
BLACK
6
CONTINUOUS
10
5.3368880708661415
20
-2.0049670078740158
11
5.3368880708661415
21
-1.9950329921259842
0
LINE
8
BLACK
6
CONTINUOUS
10
5.3368880708661415
20
-1.9950329921259842
11
5.3384420866141733
21
-1.9852212598425196
0
LINE
8
BLACK
6
CONTINUOUS
10
5.3384420866141733
20
-1.9852212598425196
11
5.3415118897637797
21
-1.9757734251968504
0
LINE
8
BLACK
6
CONTINUOUS
10
5.3415118897637797
20
-1.9757734251968504
11
5.3460218503937007
21
-1.966922125984252
0
LINE
8
BLACK
6
CONTINUOUS
10
5.3460218503937007
20
-1.966922125984252
11
5.3518609055118107
21
-1.9588853543307085
0
LINE
8
BLACK
6
CONTINUOUS
10
5.3518609055118107
20
-1.9588853543307085
11
5.3588853543307087
21
-1.951860905511811
0
LINE
8
BLACK
6
CONTINUOUS
10
5.3588853543307087
20
-1.951860905511811
11
5.3669221259842521
21
-1.9460218503937008
0
LINE
8
BLACK
6
CONTINUOUS
10
5.3669221259842521
20
-1.9460218503937008
11
5.3757734251968499
21
-1.9415118897637795
0
LINE
8
BLACK
6
CONTINUOUS
10
5.3757734251968499
20
-1.9415118897637795
11
5.3852212598425195
21
-1.9384420866141732
0
LINE
8
BLACK
6
CONTINUOUS
10
5.3852212598425195
20
-1.9384420866141732
11
5.3950329921259845
21
-1.9368880708661418
0
LINE
8
BLACK
6
CONTINUOUS
10
5.3950329921259845
20
-1.9368880708661418
11
5.4049670078740153
21
-1.9368880708661418
0
LINE
8
BLACK
6
CONTINUOUS
10
5.4049670078740153
20
-1.9368880708661418
11
5.4147787401574803
21
-1.9384420866141732
0
LINE
8
BLACK
6
CONTINUOUS
10
6.0147787401574799
20
-1.9384420866141732
11
6.0242265748031496
21
-1.9415118897637795
0
LINE
8
BLACK
6
CONTINUOUS
10
6.0242265748031496
20
-1.9415118897637795
11
6.0330778740157482
21
-1.9460218503937008
0
LINE
8
BLACK
6
CONTINUOUS
10
6.0330778740157482
20
-1.9460218503937008
11
6.0411146456692908
21
-1.951860905511811
0
LINE
8
BLACK
6
CONTINUOUS
10
6.0411146456692908
20
-1.951860905511811
11
6.0481390944881888
21
-1.9588853543307085
0
LINE
8
BLACK
6
CONTINUOUS
10
6.0481390944881888
20
-1.9588853543307085
11
6.0539781496062988
21
-1.966922125984252
0
LINE
8
BLACK
6
CONTINUOUS
10
6.0539781496062988
20
-1.966922125984252
11
6.0584881102362207
21
-1.9757734251968504
0
LINE
8
BLACK
6
CONTINUOUS
10
6.0584881102362207
20
-1.9757734251968504
11
6.0615579133858271
21
-1.9852212598425196
0
LINE
8
BLACK
6
CONTINUOUS
10
6.0615579133858271
20
-1.9852212598425196
11
6.063111929133858
21
-1.9950329921259842
0
LINE
8
BLACK
6
CONTINUOUS
10
6.063111929133858
20
-1.9950329921259842
11
6.063111929133858
21
-2.0049670078740158
0
LINE
8
BLACK
6
CONTINUOUS
10
6.063111929133858
20
-2.0049670078740158
11
6.0615579133858271
21
-2.0147787401574804
0
LINE
8
BLACK
6
CONTINUOUS
10
6.0615579133858271
20
-2.0147787401574804
11
6.0584881102362207
21
-2.0242265748031496
0
LINE
8
BLACK
6
CONTINUOUS
10
6.0584881102362207
20
-2.0242265748031496
11
6.0539781496062988
21
-2.0330778740157478
0
LINE
8
BLACK
6
CONTINUOUS
10
6.0539781496062988
20
-2.0330778740157478
11
6.0481390944881888
21
-2.0411146456692912
0
LINE
8
BLACK
6
CONTINUOUS
10
6.0481390944881888
20
-2.0411146456692912
11
6.0411146456692908
21
-2.0481390944881888
0
LINE
8
BLACK
6
CONTINUOUS
10
6.0411146456692908
20
-2.0481390944881888
11
6.0330778740157482
21
-2.0539781496062992
0
LINE
8
BLACK
6
CONTINUOUS
10
6.0330778740157482
20
-2.0539781496062992
11
6.0242265748031496
21
-2.0584881102362202
0
LINE
8
BLACK
6
CONTINUOUS
10
6.0242265748031496
20
-2.0584881102362202
11
6.0147787401574799
21
-2.0615579133858266
0
LINE
8
BLACK
6
CONTINUOUS
10
6.0147787401574799
20
-2.0615579133858266
11
6.0049670078740158
21
-2.0631119291338584
0
LINE
8
BLACK
6
CONTINUOUS
10
6.0049670078740158
20
-2.0631119291338584
11
5.9950329921259842
21
-2.0631119291338584
0
LINE
8
BLACK
6
CONTINUOUS
10
5.9950329921259842
20
-2.0631119291338584
11
5.9852212598425192
21
-2.0615579133858266
0
LINE
8
BLACK
6
CONTINUOUS
10
5.9852212598425192
20
-2.0615579133858266
11
5.9757734251968504
21
-2.0584881102362202
0
LINE
8
BLACK
6
CONTINUOUS
10
5.9757734251968504
20
-2.0584881102362202
11
5.9669221259842518
21
-2.0539781496062992
0
LINE
8
BLACK
6
CONTINUOUS
10
5.9669221259842518
20
-2.0539781496062992
11
5.9588853543307083
21
-2.0481390944881888
0
LINE
8
BLACK
6
CONTINUOUS
10
5.9588853543307083
20
-2.0481390944881888
11
5.9518609055118112
21
-2.0411146456692912
0
LINE
8
BLACK
6
CONTINUOUS
10
5.9518609055118112
20
-2.0411146456692912
11
5.9460218503937003
21
-2.0330778740157478
0
LINE
8
BLACK
6
CONTINUOUS
10
5.9460218503937003
20
-2.0330778740157478
11
5.9415118897637793
21
-2.0242265748031496
0
LINE
8
BLACK
6
CONTINUOUS
10
5.9415118897637793
20
-2.0242265748031496
11
5.9384420866141729
21
-2.0147787401574804
0
LINE
8
BLACK
6
CONTINUOUS
10
5.9384420866141729
20
-2.0147787401574804
11
5.936888070866142
21
-2.0049670078740158
0
LINE
8
BLACK
6
CONTINUOUS
10
5.936888070866142
20
-2.0049670078740158
11
5.936888070866142
21
-1.9950329921259842
0
LINE
8
BLACK
6
CONTINUOUS
10
5.936888070866142
20
-1.9950329921259842
11
5.9384420866141729
21
-1.9852212598425196
0
LINE
8
BLACK
6
CONTINUOUS
10
5.9384420866141729
20
-1.9852212598425196
11
5.9415118897637793
21
-1.9757734251968504
0
LINE
8
BLACK
6
CONTINUOUS
10
5.9415118897637793
20
-1.9757734251968504
11
5.9460218503937003
21
-1.966922125984252
0
LINE
8
BLACK
6
CONTINUOUS
10
5.9460218503937003
20
-1.966922125984252
11
5.9518609055118112
21
-1.9588853543307085
0
LINE
8
BLACK
6
CONTINUOUS
10
5.9518609055118112
20
-1.9588853543307085
11
5.9588853543307083
21
-1.951860905511811
0
LINE
8
BLACK
6
CONTINUOUS
10
5.9588853543307083
20
-1.951860905511811
11
5.9669221259842518
21
-1.9460218503937008
0
LINE
8
BLACK
6
CONTINUOUS
10
5.9669221259842518
20
-1.9460218503937008
11
5.9757734251968504
21
-1.9415118897637795
0
LINE
8
BLACK
6
CONTINUOUS
10
5.9757734251968504
20
-1.9415118897637795
11
5.9852212598425192
21
-1.9384420866141732
0
LINE
8
BLACK
6
CONTINUOUS
10
5.9852212598425192
20
-1.9384420866141732
11
5.9950329921259842
21
-1.9368880708661418
0
LINE
8
BLACK
6
CONTINUOUS
10
5.9950329921259842
20
-1.9368880708661418
11
6.0049670078740158
21
-1.9368880708661418
0
LINE
8
BLACK
6
CONTINUOUS
10
6.0049670078740158
20
-1.9368880708661418
11
6.0147787401574799
21
-1.9384420866141732
0
LINE
8
BLACK
6
CONTINUOUS
10
5.5987861417322833
20
-1.9425765748031496
11
5.6075994094488184
21
-1.9454401968503936
0
LINE
8
BLACK
6
CONTINUOUS
10
5.6075994094488184
20
-1.9454401968503936
11
5.6158562204724412
21
-1.9496472440944881
0
LINE
8
BLACK
6
CONTINUOUS
10
5.6158562204724412
20
-1.9496472440944881
11
5.6233532283464562
21
-1.9550941338582677
0
LINE
8
BLACK
6
CONTINUOUS
10
5.6233532283464562
20
-1.9550941338582677
11
5.6299058661417325
21
-1.9616467716535433
0
LINE
8
BLACK
6
CONTINUOUS
10
5.6299058661417325
20
-1.9616467716535433
11
5.6353527559055117
21
-1.969143779527559
0
LINE
8
BLACK
6
CONTINUOUS
10
5.6353527559055117
20
-1.969143779527559
11
5.6395598031496066
21
-1.9774005905511811
0
LINE
8
BLACK
6
CONTINUOUS
10
5.6395598031496066
20
-1.9774005905511811
11
5.6424234251968501
21
-1.9862138582677165
0
LINE
8
BLACK
6
CONTINUOUS
10
5.6424234251968501
20
-1.9862138582677165
11
5.6438730708661415
21
-1.9953665748031495
0
LINE
8
BLACK
6
CONTINUOUS
10
5.6438730708661415
20
-1.9953665748031495
11
5.6438730708661415
21
-2.0046334251968503
0
LINE
8
BLACK
6
CONTINUOUS
10
5.6438730708661415
20
-2.0046334251968503
11
5.6424234251968501
21
-2.0137861417322833
0
LINE
8
BLACK
6
CONTINUOUS
10
5.6424234251968501
20
-2.0137861417322833
11
5.6395598031496066
21
-2.0225994094488189
0
LINE
8
BLACK
6
CONTINUOUS
10
5.6395598031496066
20
-2.0225994094488189
11
5.6353527559055117
21
-2.0308562204724407
0
LINE
8
BLACK
6
CONTINUOUS
10
5.6353527559055117
20
-2.0308562204724407
11
5.6299058661417325
21
-2.0383532283464567
0
LINE
8
BLACK
6
CONTINUOUS
10
5.6299058661417325
20
-2.0383532283464567
11
5.6233532283464562
21
-2.0449058661417321
0
LINE
8
BLACK
6
CONTINUOUS
10
5.6233532283464562
20
-2.0449058661417321
11
5.6158562204724412
21
-2.0503527559055117
0
LINE
8
BLACK
6
CONTINUOUS
10
5.6158562204724412
20
-2.0503527559055117
11
5.6075994094488184
21
-2.0545598031496062
0
LINE
8
BLACK
6
CONTINUOUS
10
5.6075994094488184
20
-2.0545598031496062
11
5.5987861417322833
21
-2.0574234251968502
0
LINE
8
BLACK
6
CONTINUOUS
10
5.5987861417322833
20
-2.0574234251968502
11
5.5896334251968502
21
-2.0588730708661416
0
LINE
8
BLACK
6
CONTINUOUS
10
5.5896334251968502
20
-2.0588730708661416
11
5.5803665748031497
21
-2.0588730708661416
0
LINE
8
BLACK
6
CONTINUOUS
10
5.5803665748031497
20
-2.0588730708661416
11
5.5712138582677166
21
-2.0574234251968502
0
LINE
8
BLACK
6
CONTINUOUS
10
5.5712138582677166
20
-2.0574234251968502
11
5.5624005905511806
21
-2.0545598031496062
0
LINE
8
BLACK
6
CONTINUOUS
10
5.5624005905511806
20
-2.0545598031496062
11
5.5541437795275588
21
-2.0503527559055117
0
LINE
8
BLACK
6
CONTINUOUS
10
5.5541437795275588
20
-2.0503527559055117
11
5.5466467716535428
21
-2.0449058661417321
0
LINE
8
BLACK
6
CONTINUOUS
10
5.5466467716535428
20
-2.0449058661417321
11
5.5400941338582674
21
-2.0383532283464567
0
LINE
8
BLACK
6
CONTINUOUS
10
5.5400941338582674
20
-2.0383532283464567
11
5.5346472440944883
21
-2.0308562204724407
0
LINE
8
BLACK
6
CONTINUOUS
10
5.5346472440944883
20
-2.0308562204724407
11
5.5304401968503933
21
-2.0225994094488189
0
LINE
8
BLACK
6
CONTINUOUS
10
5.5304401968503933
20
-2.0225994094488189
11
5.5275765748031498
21
-2.0137861417322833
0
LINE
8
BLACK
6
CONTINUOUS
10
5.5275765748031498
20
-2.0137861417322833
11
5.5261269291338584
21
-2.0046334251968503
0
LINE
8
BLACK
6
CONTINUOUS
10
5.5261269291338584
20
-2.0046334251968503
11
5.5261269291338584
21
-1.9953665748031495
0
LINE
8
BLACK
6
CONTINUOUS
10
5.5261269291338584
20
-1.9953665748031495
11
5.5275765748031498
21
-1.9862138582677165
0
LINE
8
BLACK
6
CONTINUOUS
10
5.5275765748031498
20
-1.9862138582677165
11
5.5304401968503933
21
-1.9774005905511811
0
LINE
8
BLACK
6
CONTINUOUS
10
5.5304401968503933
20
-1.9774005905511811
11
5.5346472440944883
21
-1.969143779527559
0
LINE
8
BLACK
6
CONTINUOUS
10
5.5346472440944883
20
-1.969143779527559
11
5.5400941338582674
21
-1.9616467716535433
0
LINE
8
BLACK
6
CONTINUOUS
10
5.5400941338582674
20
-1.9616467716535433
11
5.5466467716535428
21
-1.9550941338582677
0
LINE
8
BLACK
6
CONTINUOUS
10
5.5466467716535428
20
-1.9550941338582677
11
5.5541437795275588
21
-1.9496472440944881
0
LINE
8
BLACK
6
CONTINUOUS
10
5.5541437795275588
20
-1.9496472440944881
11
5.5624005905511806
21
-1.9454401968503936
0
LINE
8
BLACK
6
CONTINUOUS
10
5.5624005905511806
20
-1.9454401968503936
11
5.5712138582677166
21
-1.9425765748031496
0
LINE
8
BLACK
6
CONTINUOUS
10
5.5712138582677166
20
-1.9425765748031496
11
5.5803665748031497
21
-1.9411269291338582
0
LINE
8
BLACK
6
CONTINUOUS
10
5.5803665748031497
20
-1.9411269291338582
11
5.5896334251968502
21
-1.9411269291338582
0
LINE
8
BLACK
6
CONTINUOUS
10
5.5896334251968502
20
-1.9411269291338582
11
5.5987861417322833
21
-1.9425765748031496
0
LINE
8
BLACK
6
CONTINUOUS
10
5.7837861417322829
20
-1.9425765748031496
11
5.7925994094488189
21
-1.9454401968503936
0
LINE
8
BLACK
6
CONTINUOUS
10
5.7925994094488189
20
-1.9454401968503936
11
5.8008562204724408
21
-1.9496472440944881
0
LINE
8
BLACK
6
CONTINUOUS
10
5.8008562204724408
20
-1.9496472440944881
11
5.8083532283464567
21
-1.9550941338582677
0
LINE
8
BLACK
6
CONTINUOUS
10
5.8083532283464567
20
-1.9550941338582677
11
5.8149058661417321
21
-1.9616467716535433
0
LINE
8
BLACK
6
CONTINUOUS
10
5.8149058661417321
20
-1.9616467716535433
11
5.8203527559055113
21
-1.969143779527559
0
LINE
8
BLACK
6
CONTINUOUS
10
5.8203527559055113
20
-1.969143779527559
11
5.8245598031496062
21
-1.9774005905511811
0
LINE
8
BLACK
6
CONTINUOUS
10
5.8245598031496062
20
-1.9774005905511811
11
5.8274234251968506
21
-1.9862138582677165
0
LINE
8
BLACK
6
CONTINUOUS
10
5.8274234251968506
20
-1.9862138582677165
11
5.828873070866142
21
-1.9953665748031495
0
LINE
8
BLACK
6
CONTINUOUS
10
5.828873070866142
20
-1.9953665748031495
11
5.828873070866142
21
-2.0046334251968503
0
LINE
8
BLACK
6
CONTINUOUS
10
5.828873070866142
20
-2.0046334251968503
11
5.8274234251968506
21
-2.0137861417322833
0
LINE
8
BLACK
6
CONTINUOUS
10
5.8274234251968506
20
-2.0137861417322833
11
5.8245598031496062
21
-2.0225994094488189
0
LINE
8
BLACK
6
CONTINUOUS
10
5.8245598031496062
20
-2.0225994094488189
11
5.8203527559055113
21
-2.0308562204724407
0
LINE
8
BLACK
6
CONTINUOUS
10
5.8203527559055113
20
-2.0308562204724407
11
5.8149058661417321
21
-2.0383532283464567
0
LINE
8
BLACK
6
CONTINUOUS
10
5.8149058661417321
20
-2.0383532283464567
11
5.8083532283464567
21
-2.0449058661417321
0
LINE
8
BLACK
6
CONTINUOUS
10
5.8083532283464567
20
-2.0449058661417321
11
5.8008562204724408
21
-2.0503527559055117
0
LINE
8
BLACK
6
CONTINUOUS
10
5.8008562204724408
20
-2.0503527559055117
11
5.7925994094488189
21
-2.0545598031496062
0
LINE
8
BLACK
6
CONTINUOUS
10
5.7925994094488189
20
-2.0545598031496062
11
5.7837861417322829
21
-2.0574234251968502
0
LINE
8
BLACK
6
CONTINUOUS
10
5.7837861417322829
20
-2.0574234251968502
11
5.7746334251968499
21
-2.0588730708661416
0
LINE
8
BLACK
6
CONTINUOUS
10
5.7746334251968499
20
-2.0588730708661416
11
5.7653665748031493
21
-2.0588730708661416
0
LINE
8
BLACK
6
CONTINUOUS
10
5.7653665748031493
20
-2.0588730708661416
11
5.7562138582677163
21
-2.0574234251968502
0
LINE
8
BLACK
6
CONTINUOUS
10
5.7562138582677163
20
-2.0574234251968502
11
5.7474005905511811
21
-2.0545598031496062
0
LINE
8
BLACK
6
CONTINUOUS
10
5.7474005905511811
20
-2.0545598031496062
11
5.7391437795275593
21
-2.0503527559055117
0
LINE
8
BLACK
6
CONTINUOUS
10
5.7391437795275593
20
-2.0503527559055117
11
5.7316467716535433
21
-2.0449058661417321
0
LINE
8
BLACK
6
CONTINUOUS
10
5.7316467716535433
20
-2.0449058661417321
11
5.7250941338582679
21
-2.0383532283464567
0
LINE
8
BLACK
6
CONTINUOUS
10
5.7250941338582679
20
-2.0383532283464567
11
5.7196472440944879
21
-2.0308562204724407
0
LINE
8
BLACK
6
CONTINUOUS
10
5.7196472440944879
20
-2.0308562204724407
11
5.7154401968503938
21
-2.0225994094488189
0
LINE
8
BLACK
6
CONTINUOUS
10
5.7154401968503938
20
-2.0225994094488189
11
5.7125765748031494
21
-2.0137861417322833
0
LINE
8
BLACK
6
CONTINUOUS
10
5.7125765748031494
20
-2.0137861417322833
11
5.711126929133858
21
-2.0046334251968503
0
LINE
8
BLACK
6
CONTINUOUS
10
5.711126929133858
20
-2.0046334251968503
11
5.711126929133858
21
-1.9953665748031495
0
LINE
8
BLACK
6
CONTINUOUS
10
5.711126929133858
20
-1.9953665748031495
11
5.7125765748031494
21
-1.9862138582677165
0
LINE
8
BLACK
6
CONTINUOUS
10
5.7125765748031494
20
-1.9862138582677165
11
5.7154401968503938
21
-1.9774005905511811
0
LINE
8
BLACK
6
CONTINUOUS
10
5.7154401968503938
20
-1.9774005905511811
11
5.7196472440944879
21
-1.969143779527559
0
LINE
8
BLACK
6
CONTINUOUS
10
5.7196472440944879
20
-1.969143779527559
11
5.7250941338582679
21
-1.9616467716535433
0
LINE
8
BLACK
6
CONTINUOUS
10
5.7250941338582679
20
-1.9616467716535433
11
5.7316467716535433
21
-1.9550941338582677
0
LINE
8
BLACK
6
CONTINUOUS
10
5.7316467716535433
20
-1.9550941338582677
11
5.7391437795275593
21
-1.9496472440944881
0
LINE
8
BLACK
6
CONTINUOUS
10
5.7391437795275593
20
-1.9496472440944881
11
5.7474005905511811
21
-1.9454401968503936
0
LINE
8
BLACK
6
CONTINUOUS
10
5.7474005905511811
20
-1.9454401968503936
11
5.7562138582677163
21
-1.9425765748031496
0
LINE
8
BLACK
6
CONTINUOUS
10
5.7562138582677163
20
-1.9425765748031496
11
5.7653665748031493
21
-1.9411269291338582
0
LINE
8
BLACK
6
CONTINUOUS
10
5.7653665748031493
20
-1.9411269291338582
11
5.7746334251968499
21
-1.9411269291338582
0
LINE
8
BLACK
6
CONTINUOUS
10
5.7746334251968499
20
-1.9411269291338582
11
5.7837861417322829
21
-1.9425765748031496
0
LINE
8
BLACK
6
CONTINUOUS
10
6.1987861417322829
20
-1.9425765748031496
11
6.2075994094488189
21
-1.9454401968503936
0
LINE
8
BLACK
6
CONTINUOUS
10
6.2075994094488189
20
-1.9454401968503936
11
6.2158562204724408
21
-1.9496472440944881
0
LINE
8
BLACK
6
CONTINUOUS
10
6.2158562204724408
20
-1.9496472440944881
11
6.2233532283464568
21
-1.9550941338582677
0
LINE
8
BLACK
6
CONTINUOUS
10
6.2233532283464568
20
-1.9550941338582677
11
6.2299058661417321
21
-1.9616467716535433
0
LINE
8
BLACK
6
CONTINUOUS
10
6.2299058661417321
20
-1.9616467716535433
11
6.2353527559055113
21
-1.969143779527559
0
LINE
8
BLACK
6
CONTINUOUS
10
6.2353527559055113
20
-1.969143779527559
11
6.2395598031496062
21
-1.9774005905511811
0
LINE
8
BLACK
6
CONTINUOUS
10
6.2395598031496062
20
-1.9774005905511811
11
6.2424234251968507
21
-1.9862138582677165
0
LINE
8
BLACK
6
CONTINUOUS
10
6.2424234251968507
20
-1.9862138582677165
11
6.2438730708661412
21
-1.9953665748031495
0
LINE
8
BLACK
6
CONTINUOUS
10
6.2438730708661412
20
-1.9953665748031495
11
6.2438730708661412
21
-2.0046334251968503
0
LINE
8
BLACK
6
CONTINUOUS
10
6.2438730708661412
20
-2.0046334251968503
11
6.2424234251968507
21
-2.0137861417322833
0
LINE
8
BLACK
6
CONTINUOUS
10
6.2424234251968507
20
-2.0137861417322833
11
6.2395598031496062
21
-2.0225994094488189
0
LINE
8
BLACK
6
CONTINUOUS
10
6.2395598031496062
20
-2.0225994094488189
11
6.2353527559055113
21
-2.0308562204724407
0
LINE
8
BLACK
6
CONTINUOUS
10
6.2353527559055113
20
-2.0308562204724407
11
6.2299058661417321
21
-2.0383532283464567
0
LINE
8
BLACK
6
CONTINUOUS
10
6.2299058661417321
20
-2.0383532283464567
11
6.2233532283464568
21
-2.0449058661417321
0
LINE
8
BLACK
6
CONTINUOUS
10
6.2233532283464568
20
-2.0449058661417321
11
6.2158562204724408
21
-2.0503527559055117
0
LINE
8
BLACK
6
CONTINUOUS
10
6.2158562204724408
20
-2.0503527559055117
11
6.2075994094488189
21
-2.0545598031496062
0
LINE
8
BLACK
6
CONTINUOUS
10
6.2075994094488189
20
-2.0545598031496062
11
6.1987861417322829
21
-2.0574234251968502
0
LINE
8
BLACK
6
CONTINUOUS
10
6.1987861417322829
20
-2.0574234251968502
11
6.1896334251968499
21
-2.0588730708661416
0
LINE
8
BLACK
6
CONTINUOUS
10
6.1896334251968499
20
-2.0588730708661416
11
6.1803665748031493
21
-2.0588730708661416
0
LINE
8
BLACK
6
CONTINUOUS
10
6.1803665748031493
20
-2.0588730708661416
11
6.1712138582677163
21
-2.0574234251968502
0
LINE
8
BLACK
6
CONTINUOUS
10
6.1712138582677163
20
-2.0574234251968502
11
6.1624005905511812
21
-2.0545598031496062
0
LINE
8
BLACK
6
CONTINUOUS
10
6.1624005905511812
20
-2.0545598031496062
11
6.1541437795275593
21
-2.0503527559055117
0
LINE
8
BLACK
6
CONTINUOUS
10
6.1541437795275593
20
-2.0503527559055117
11
6.1466467716535433
21
-2.0449058661417321
0
LINE
8
BLACK
6
CONTINUOUS
10
6.1466467716535433
20
-2.0449058661417321
11
6.140094133858268
21
-2.0383532283464567
0
LINE
8
BLACK
6
CONTINUOUS
10
6.140094133858268
20
-2.0383532283464567
11
6.1346472440944879
21
-2.0308562204724407
0
LINE
8
BLACK
6
CONTINUOUS
10
6.1346472440944879
20
-2.0308562204724407
11
6.1304401968503939
21
-2.0225994094488189
0
LINE
8
BLACK
6
CONTINUOUS
10
6.1304401968503939
20
-2.0225994094488189
11
6.1275765748031494
21
-2.0137861417322833
0
LINE
8
BLACK
6
CONTINUOUS
10
6.1275765748031494
20
-2.0137861417322833
11
6.126126929133858
21
-2.0046334251968503
0
LINE
8
BLACK
6
CONTINUOUS
10
6.126126929133858
20
-2.0046334251968503
11
6.126126929133858
21
-1.9953665748031495
0
LINE
8
BLACK
6
CONTINUOUS
10
6.126126929133858
20
-1.9953665748031495
11
6.1275765748031494
21
-1.9862138582677165
0
LINE
8
BLACK
6
CONTINUOUS
10
6.1275765748031494
20
-1.9862138582677165
11
6.1304401968503939
21
-1.9774005905511811
0
LINE
8
BLACK
6
CONTINUOUS
10
6.1304401968503939
20
-1.9774005905511811
11
6.1346472440944879
21
-1.969143779527559
0
LINE
8
BLACK
6
CONTINUOUS
10
6.1346472440944879
20
-1.969143779527559
11
6.140094133858268
21
-1.9616467716535433
0
LINE
8
BLACK
6
CONTINUOUS
10
6.140094133858268
20
-1.9616467716535433
11
6.1466467716535433
21
-1.9550941338582677
0
LINE
8
BLACK
6
CONTINUOUS
10
6.1466467716535433
20
-1.9550941338582677
11
6.1541437795275593
21
-1.9496472440944881
0
LINE
8
BLACK
6
CONTINUOUS
10
6.1541437795275593
20
-1.9496472440944881
11
6.1624005905511812
21
-1.9454401968503936
0
LINE
8
BLACK
6
CONTINUOUS
10
6.1624005905511812
20
-1.9454401968503936
11
6.1712138582677163
21
-1.9425765748031496
0
LINE
8
BLACK
6
CONTINUOUS
10
6.1712138582677163
20
-1.9425765748031496
11
6.1803665748031493
21
-1.9411269291338582
0
LINE
8
BLACK
6
CONTINUOUS
10
6.1803665748031493
20
-1.9411269291338582
11
6.1896334251968499
21
-1.9411269291338582
0
LINE
8
BLACK
6
CONTINUOUS
10
6.1896334251968499
20
-1.9411269291338582
11
6.1987861417322829
21
-1.9425765748031496
0
LINE
8
BLACK
6
CONTINUOUS
10
6.3837861417322834
20
-1.9425765748031496
11
6.3925994094488185
21
-1.9454401968503936
0
LINE
8
BLACK
6
CONTINUOUS
10
6.3925994094488185
20
-1.9454401968503936
11
6.4008562204724404
21
-1.9496472440944881
0
LINE
8
BLACK
6
CONTINUOUS
10
6.4008562204724404
20
-1.9496472440944881
11
6.4083532283464564
21
-1.9550941338582677
0
LINE
8
BLACK
6
CONTINUOUS
10
6.4083532283464564
20
-1.9550941338582677
11
6.4149058661417317
21
-1.9616467716535433
0
LINE
8
BLACK
6
CONTINUOUS
10
6.4149058661417317
20
-1.9616467716535433
11
6.4203527559055118
21
-1.969143779527559
0
LINE
8
BLACK
6
CONTINUOUS
10
6.4203527559055118
20
-1.969143779527559
11
6.4245598031496058
21
-1.9774005905511811
0
LINE
8
BLACK
6
CONTINUOUS
10
6.4245598031496058
20
-1.9774005905511811
11
6.4274234251968503
21
-1.9862138582677165
0
LINE
8
BLACK
6
CONTINUOUS
10
6.4274234251968503
20
-1.9862138582677165
11
6.4288730708661417
21
-1.9953665748031495
0
LINE
8
BLACK
6
CONTINUOUS
10
6.4288730708661417
20
-1.9953665748031495
11
6.4288730708661417
21
-2.0046334251968503
0
LINE
8
BLACK
6
CONTINUOUS
10
6.4288730708661417
20
-2.0046334251968503
11
6.4274234251968503
21
-2.0137861417322833
0
LINE
8
BLACK
6
CONTINUOUS
10
6.4274234251968503
20
-2.0137861417322833
11
6.4245598031496058
21
-2.0225994094488189
0
LINE
8
BLACK
6
CONTINUOUS
10
6.4245598031496058
20
-2.0225994094488189
11
6.4203527559055118
21
-2.0308562204724407
0
LINE
8
BLACK
6
CONTINUOUS
10
6.4203527559055118
20
-2.0308562204724407
11
6.4149058661417317
21
-2.0383532283464567
0
LINE
8
BLACK
6
CONTINUOUS
10
6.4149058661417317
20
-2.0383532283464567
11
6.4083532283464564
21
-2.0449058661417321
0
LINE
8
BLACK
6
CONTINUOUS
10
6.4083532283464564
20
-2.0449058661417321
11
6.4008562204724404
21
-2.0503527559055117
0
LINE
8
BLACK
6
CONTINUOUS
10
6.4008562204724404
20
-2.0503527559055117
11
6.3925994094488185
21
-2.0545598031496062
0
LINE
8
BLACK
6
CONTINUOUS
10
6.3925994094488185
20
-2.0545598031496062
11
6.3837861417322834
21
-2.0574234251968502
0
LINE
8
BLACK
6
CONTINUOUS
10
6.3837861417322834
20
-2.0574234251968502
11
6.3746334251968504
21
-2.0588730708661416
0
LINE
8
BLACK
6
CONTINUOUS
10
6.3746334251968504
20
-2.0588730708661416
11
6.3653665748031498
21
-2.0588730708661416
0
LINE
8
BLACK
6
CONTINUOUS
10
6.3653665748031498
20
-2.0588730708661416
11
6.3562138582677168
21
-2.0574234251968502
0
LINE
8
BLACK
6
CONTINUOUS
10
6.3562138582677168
20
-2.0574234251968502
11
6.3474005905511808
21
-2.0545598031496062
0
LINE
8
BLACK
6
CONTINUOUS
10
6.3474005905511808
20
-2.0545598031496062
11
6.3391437795275589
21
-2.0503527559055117
0
LINE
8
BLACK
6
CONTINUOUS
10
6.3391437795275589
20
-2.0503527559055117
11
6.3316467716535429
21
-2.0449058661417321
0
LINE
8
BLACK
6
CONTINUOUS
10
6.3316467716535429
20
-2.0449058661417321
11
6.3250941338582676
21
-2.0383532283464567
0
LINE
8
BLACK
6
CONTINUOUS
10
6.3250941338582676
20
-2.0383532283464567
11
6.3196472440944884
21
-2.0308562204724407
0
LINE
8
BLACK
6
CONTINUOUS
10
6.3196472440944884
20
-2.0308562204724407
11
6.3154401968503935
21
-2.0225994094488189
0
LINE
8
BLACK
6
CONTINUOUS
10
6.3154401968503935
20
-2.0225994094488189
11
6.312576574803149
21
-2.0137861417322833
0
LINE
8
BLACK
6
CONTINUOUS
10
6.312576574803149
20
-2.0137861417322833
11
6.3111269291338585
21
-2.0046334251968503
0
LINE
8
BLACK
6
CONTINUOUS
10
6.3111269291338585
20
-2.0046334251968503
11
6.3111269291338585
21
-1.9953665748031495
0
LINE
8
BLACK
6
CONTINUOUS
10
6.3111269291338585
20
-1.9953665748031495
11
6.312576574803149
21
-1.9862138582677165
0
LINE
8
BLACK
6
CONTINUOUS
10
6.312576574803149
20
-1.9862138582677165
11
6.3154401968503935
21
-1.9774005905511811
0
LINE
8
BLACK
6
CONTINUOUS
10
6.3154401968503935
20
-1.9774005905511811
11
6.3196472440944884
21
-1.969143779527559
0
LINE
8
BLACK
6
CONTINUOUS
10
6.3196472440944884
20
-1.969143779527559
11
6.3250941338582676
21
-1.9616467716535433
0
LINE
8
BLACK
6
CONTINUOUS
10
6.3250941338582676
20
-1.9616467716535433
11
6.3316467716535429
21
-1.9550941338582677
0
LINE
8
BLACK
6
CONTINUOUS
10
6.3316467716535429
20
-1.9550941338582677
11
6.3391437795275589
21
-1.9496472440944881
0
LINE
8
BLACK
6
CONTINUOUS
10
6.3391437795275589
20
-1.9496472440944881
11
6.3474005905511808
21
-1.9454401968503936
0
LINE
8
BLACK
6
CONTINUOUS
10
6.3474005905511808
20
-1.9454401968503936
11
6.3562138582677168
21
-1.9425765748031496
0
LINE
8
BLACK
6
CONTINUOUS
10
6.3562138582677168
20
-1.9425765748031496
11
6.3653665748031498
21
-1.9411269291338582
0
LINE
8
BLACK
6
CONTINUOUS
10
6.3653665748031498
20
-1.9411269291338582
11
6.3746334251968504
21
-1.9411269291338582
0
LINE
8
BLACK
6
CONTINUOUS
10
6.3746334251968504
20
-1.9411269291338582
11
6.3837861417322834
21
-1.9425765748031496
0
LINE
8
BLACK
6
CONTINUOUS
10
6.6314285433070861
20
-1.9623251968503936
11
6.6385589370078737
21
-1.9652787007874015
0
LINE
8
BLACK
6
CONTINUOUS
10
6.6385589370078737
20
-1.9652787007874015
11
6.6449761023622047
21
-1.9695665354330709
0
LINE
8
BLACK
6
CONTINUOUS
10
6.6449761023622047
20
-1.9695665354330709
11
6.6504334645669294
21
-1.9750238976377952
0
LINE
8
BLACK
6
CONTINUOUS
10
6.6504334645669294
20
-1.9750238976377952
11
6.6547212992125981
21
-1.981441062992126
0
LINE
8
BLACK
6
CONTINUOUS
10
6.6547212992125981
20
-1.981441062992126
11
6.6576748031496065
21
-1.9885714566929134
0
LINE
8
BLACK
6
CONTINUOUS
10
6.6576748031496065
20
-1.9885714566929134
11
6.6591805118110239
21
-1.9961410629921259
0
LINE
8
BLACK
6
CONTINUOUS
10
6.6591805118110239
20
-1.9961410629921259
11
6.6591805118110239
21
-2.0038589370078741
0
LINE
8
BLACK
6
CONTINUOUS
10
6.6591805118110239
20
-2.0038589370078741
11
6.6576748031496065
21
-2.0114285433070864
0
LINE
8
BLACK
6
CONTINUOUS
10
6.6576748031496065
20
-2.0114285433070864
11
6.6547212992125981
21
-2.018558937007874
0
LINE
8
BLACK
6
CONTINUOUS
10
6.6547212992125981
20
-2.018558937007874
11
6.6504334645669294
21
-2.0249761023622046
0
LINE
8
BLACK
6
CONTINUOUS
10
6.6504334645669294
20
-2.0249761023622046
11
6.6449761023622047
21
-2.0304334645669293
0
LINE
8
BLACK
6
CONTINUOUS
10
6.6449761023622047
20
-2.0304334645669293
11
6.6385589370078737
21
-2.0347212992125985
0
LINE
8
BLACK
6
CONTINUOUS
10
6.6385589370078737
20
-2.0347212992125985
11
6.6314285433070861
21
-2.0376748031496064
0
LINE
8
BLACK
6
CONTINUOUS
10
6.6314285433070861
20
-2.0376748031496064
11
6.6238589370078742
21
-2.0391805118110238
0
LINE
8
BLACK
6
CONTINUOUS
10
6.6238589370078742
20
-2.0391805118110238
11
6.616141062992126
21
-2.0391805118110238
0
LINE
8
BLACK
6
CONTINUOUS
10
6.616141062992126
20
-2.0391805118110238
11
6.6085714566929132
21
-2.0376748031496064
0
LINE
8
BLACK
6
CONTINUOUS
10
6.6085714566929132
20
-2.0376748031496064
11
6.6014410629921256
21
-2.0347212992125985
0
LINE
8
BLACK
6
CONTINUOUS
10
6.6014410629921256
20
-2.0347212992125985
11
6.5950238976377955
21
-2.0304334645669293
0
LINE
8
BLACK
6
CONTINUOUS
10
6.5950238976377955
20
-2.0304334645669293
11
6.5895665354330708
21
-2.0249761023622046
0
LINE
8
BLACK
6
CONTINUOUS
10
6.5895665354330708
20
-2.0249761023622046
11
6.5852787007874012
21
-2.018558937007874
0
LINE
8
BLACK
6
CONTINUOUS
10
6.5852787007874012
20
-2.018558937007874
11
6.5823251968503937
21
-2.0114285433070864
0
LINE
8
BLACK
6
CONTINUOUS
10
6.5823251968503937
20
-2.0114285433070864
11
6.5808194881889763
21
-2.0038589370078741
0
LINE
8
BLACK
6
CONTINUOUS
10
6.5808194881889763
20
-2.0038589370078741
11
6.5808194881889763
21
-1.9961410629921259
0
LINE
8
BLACK
6
CONTINUOUS
10
6.5808194881889763
20
-1.9961410629921259
11
6.5823251968503937
21
-1.9885714566929134
0
LINE
8
BLACK
6
CONTINUOUS
10
6.5823251968503937
20
-1.9885714566929134
11
6.5852787007874012
21
-1.981441062992126
0
LINE
8
BLACK
6
CONTINUOUS
10
6.5852787007874012
20
-1.981441062992126
11
6.5895665354330708
21
-1.9750238976377952
0
LINE
8
BLACK
6
CONTINUOUS
10
6.5895665354330708
20
-1.9750238976377952
11
6.5950238976377955
21
-1.9695665354330709
0
LINE
8
BLACK
6
CONTINUOUS
10
6.5950238976377955
20
-1.9695665354330709
11
6.6014410629921256
21
-1.9652787007874015
0
LINE
8
BLACK
6
CONTINUOUS
10
6.6014410629921256
20
-1.9652787007874015
11
6.6085714566929132
21
-1.9623251968503936
0
LINE
8
BLACK
6
CONTINUOUS
10
6.6085714566929132
20
-1.9623251968503936
11
6.616141062992126
21
-1.9608194881889762
0
LINE
8
BLACK
6
CONTINUOUS
10
6.616141062992126
20
-1.9608194881889762
11
6.6238589370078742
21
-1.9608194881889762
0
LINE
8
BLACK
6
CONTINUOUS
10
6.6238589370078742
20
-1.9608194881889762
11
6.6314285433070861
21
-1.9623251968503936
0
LINE
8
BLACK
6
CONTINUOUS
10
6.8214285433070865
20
-1.9623251968503936
11
6.8285589370078741
21
-1.9652787007874015
0
LINE
8
BLACK
6
CONTINUOUS
10
6.8285589370078741
20
-1.9652787007874015
11
6.8349761023622042
21
-1.9695665354330709
0
LINE
8
BLACK
6
CONTINUOUS
10
6.8349761023622042
20
-1.9695665354330709
11
6.8404334645669289
21
-1.9750238976377952
0
LINE
8
BLACK
6
CONTINUOUS
10
6.8404334645669289
20
-1.9750238976377952
11
6.8447212992125985
21
-1.981441062992126
0
LINE
8
BLACK
6
CONTINUOUS
10
6.8447212992125985
20
-1.981441062992126
11
6.847674803149606
21
-1.9885714566929134
0
LINE
8
BLACK
6
CONTINUOUS
10
6.847674803149606
20
-1.9885714566929134
11
6.8491805118110234
21
-1.9961410629921259
0
LINE
8
BLACK
6
CONTINUOUS
10
6.8491805118110234
20
-1.9961410629921259
11
6.8491805118110234
21
-2.0038589370078741
0
LINE
8
BLACK
6
CONTINUOUS
10
6.8491805118110234
20
-2.0038589370078741
11
6.847674803149606
21
-2.0114285433070864
0
LINE
8
BLACK
6
CONTINUOUS
10
6.847674803149606
20
-2.0114285433070864
11
6.8447212992125985
21
-2.018558937007874
0
LINE
8
BLACK
6
CONTINUOUS
10
6.8447212992125985
20
-2.018558937007874
11
6.8404334645669289
21
-2.0249761023622046
0
LINE
8
BLACK
6
CONTINUOUS
10
6.8404334645669289
20
-2.0249761023622046
11
6.8349761023622042
21
-2.0304334645669293
0
LINE
8
BLACK
6
CONTINUOUS
10
6.8349761023622042
20
-2.0304334645669293
11
6.8285589370078741
21
-2.0347212992125985
0
LINE
8
BLACK
6
CONTINUOUS
10
6.8285589370078741
20
-2.0347212992125985
11
6.8214285433070865
21
-2.0376748031496064
0
LINE
8
BLACK
6
CONTINUOUS
10
6.8214285433070865
20
-2.0376748031496064
11
6.8138589370078737
21
-2.0391805118110238
0
LINE
8
BLACK
6
CONTINUOUS
10
6.8138589370078737
20
-2.0391805118110238
11
6.8061410629921255
21
-2.0391805118110238
0
LINE
8
BLACK
6
CONTINUOUS
10
6.8061410629921255
20
-2.0391805118110238
11
6.7985714566929136
21
-2.0376748031496064
0
LINE
8
BLACK
6
CONTINUOUS
10
6.7985714566929136
20
-2.0376748031496064
11
6.791441062992126
21
-2.0347212992125985
0
LINE
8
BLACK
6
CONTINUOUS
10
6.791441062992126
20
-2.0347212992125985
11
6.785023897637795
21
-2.0304334645669293
0
LINE
8
BLACK
6
CONTINUOUS
10
6.785023897637795
20
-2.0304334645669293
11
6.7795665354330703
21
-2.0249761023622046
0
LINE
8
BLACK
6
CONTINUOUS
10
6.7795665354330703
20
-2.0249761023622046
11
6.7752787007874016
21
-2.018558937007874
0
LINE
8
BLACK
6
CONTINUOUS
10
6.7752787007874016
20
-2.018558937007874
11
6.7723251968503932
21
-2.0114285433070864
0
LINE
8
BLACK
6
CONTINUOUS
10
6.7723251968503932
20
-2.0114285433070864
11
6.7708194881889758
21
-2.0038589370078741
0
LINE
8
BLACK
6
CONTINUOUS
10
6.7708194881889758
20
-2.0038589370078741
11
6.7708194881889758
21
-1.9961410629921259
0
LINE
8
BLACK
6
CONTINUOUS
10
6.7708194881889758
20
-1.9961410629921259
11
6.7723251968503932
21
-1.9885714566929134
0
LINE
8
BLACK
6
CONTINUOUS
10
6.7723251968503932
20
-1.9885714566929134
11
6.7752787007874016
21
-1.981441062992126
0
LINE
8
BLACK
6
CONTINUOUS
10
6.7752787007874016
20
-1.981441062992126
11
6.7795665354330703
21
-1.9750238976377952
0
LINE
8
BLACK
6
CONTINUOUS
10
6.7795665354330703
20
-1.9750238976377952
11
6.785023897637795
21
-1.9695665354330709
0
LINE
8
BLACK
6
CONTINUOUS
10
6.785023897637795
20
-1.9695665354330709
11
6.791441062992126
21
-1.9652787007874015
0
LINE
8
BLACK
6
CONTINUOUS
10
6.791441062992126
20
-1.9652787007874015
11
6.7985714566929136
21
-1.9623251968503936
0
LINE
8
BLACK
6
CONTINUOUS
10
6.7985714566929136
20
-1.9623251968503936
11
6.8061410629921255
21
-1.9608194881889762
0
LINE
8
BLACK
6
CONTINUOUS
10
6.8061410629921255
20
-1.9608194881889762
11
6.8138589370078737
21
-1.9608194881889762
0
LINE
8
BLACK
6
CONTINUOUS
10
6.8138589370078737
20
-1.9608194881889762
11
6.8214285433070865
21
-1.9623251968503936
0
LINE
8
BLACK
6
CONTINUOUS
10
7.0114285433070869
20
-1.9623251968503936
11
7.0185589370078736
21
-1.9652787007874015
0
LINE
8
BLACK
6
CONTINUOUS
10
7.0185589370078736
20
-1.9652787007874015
11
7.0249761023622046
21
-1.9695665354330709
0
LINE
8
BLACK
6
CONTINUOUS
10
7.0249761023622046
20
-1.9695665354330709
11
7.0304334645669293
21
-1.9750238976377952
0
LINE
8
BLACK
6
CONTINUOUS
10
7.0304334645669293
20
-1.9750238976377952
11
7.034721299212598
21
-1.981441062992126
0
LINE
8
BLACK
6
CONTINUOUS
10
7.034721299212598
20
-1.981441062992126
11
7.0376748031496064
21
-1.9885714566929134
0
LINE
8
BLACK
6
CONTINUOUS
10
7.0376748031496064
20
-1.9885714566929134
11
7.0391805118110238
21
-1.9961410629921259
0
LINE
8
BLACK
6
CONTINUOUS
10
7.0391805118110238
20
-1.9961410629921259
11
7.0391805118110238
21
-2.0038589370078741
0
LINE
8
BLACK
6
CONTINUOUS
10
7.0391805118110238
20
-2.0038589370078741
11
7.0376748031496064
21
-2.0114285433070864
0
LINE
8
BLACK
6
CONTINUOUS
10
7.0376748031496064
20
-2.0114285433070864
11
7.034721299212598
21
-2.018558937007874
0
LINE
8
BLACK
6
CONTINUOUS
10
7.034721299212598
20
-2.018558937007874
11
7.0304334645669293
21
-2.0249761023622046
0
LINE
8
BLACK
6
CONTINUOUS
10
7.0304334645669293
20
-2.0249761023622046
11
7.0249761023622046
21
-2.0304334645669293
0
LINE
8
BLACK
6
CONTINUOUS
10
7.0249761023622046
20
-2.0304334645669293
11
7.0185589370078736
21
-2.0347212992125985
0
LINE
8
BLACK
6
CONTINUOUS
10
7.0185589370078736
20
-2.0347212992125985
11
7.0114285433070869
21
-2.0376748031496064
0
LINE
8
BLACK
6
CONTINUOUS
10
7.0114285433070869
20
-2.0376748031496064
11
7.0038589370078741
21
-2.0391805118110238
0
LINE
8
BLACK
6
CONTINUOUS
10
7.0038589370078741
20
-2.0391805118110238
11
6.9961410629921259
21
-2.0391805118110238
0
LINE
8
BLACK
6
CONTINUOUS
10
6.9961410629921259
20
-2.0391805118110238
11
6.9885714566929131
21
-2.0376748031496064
0
LINE
8
BLACK
6
CONTINUOUS
10
6.9885714566929131
20
-2.0376748031496064
11
6.9814410629921255
21
-2.0347212992125985
0
LINE
8
BLACK
6
CONTINUOUS
10
6.9814410629921255
20
-2.0347212992125985
11
6.9750238976377954
21
-2.0304334645669293
0
LINE
8
BLACK
6
CONTINUOUS
10
6.9750238976377954
20
-2.0304334645669293
11
6.9695665354330707
21
-2.0249761023622046
0
LINE
8
BLACK
6
CONTINUOUS
10
6.9695665354330707
20
-2.0249761023622046
11
6.9652787007874011
21
-2.018558937007874
0
LINE
8
BLACK
6
CONTINUOUS
10
6.9652787007874011
20
-2.018558937007874
11
6.9623251968503936
21
-2.0114285433070864
0
LINE
8
BLACK
6
CONTINUOUS
10
6.9623251968503936
20
-2.0114285433070864
11
6.9608194881889762
21
-2.0038589370078741
0
LINE
8
BLACK
6
CONTINUOUS
10
6.9608194881889762
20
-2.0038589370078741
11
6.9608194881889762
21
-1.9961410629921259
0
LINE
8
BLACK
6
CONTINUOUS
10
6.9608194881889762
20
-1.9961410629921259
11
6.9623251968503936
21
-1.9885714566929134
0
LINE
8
BLACK
6
CONTINUOUS
10
6.9623251968503936
20
-1.9885714566929134
11
6.9652787007874011
21
-1.981441062992126
0
LINE
8
BLACK
6
CONTINUOUS
10
6.9652787007874011
20
-1.981441062992126
11
6.9695665354330707
21
-1.9750238976377952
0
LINE
8
BLACK
6
CONTINUOUS
10
6.9695665354330707
20
-1.9750238976377952
11
6.9750238976377954
21
-1.9695665354330709
0
LINE
8
BLACK
6
CONTINUOUS
10
6.9750238976377954
20
-1.9695665354330709
11
6.9814410629921255
21
-1.9652787007874015
0
LINE
8
BLACK
6
CONTINUOUS
10
6.9814410629921255
20
-1.9652787007874015
11
6.9885714566929131
21
-1.9623251968503936
0
LINE
8
BLACK
6
CONTINUOUS
10
6.9885714566929131
20
-1.9623251968503936
11
6.9961410629921259
21
-1.9608194881889762
0
LINE
8
BLACK
6
CONTINUOUS
10
6.9961410629921259
20
-1.9608194881889762
11
7.0038589370078741
21
-1.9608194881889762
0
LINE
8
BLACK
6
CONTINUOUS
10
7.0038589370078741
20
-1.9608194881889762
11
7.0114285433070869
21
-1.9623251968503936
0
LINE
8
BLACK
6
CONTINUOUS
10
3.4055612598425196
20
-1.9676674803149605
11
3.4119786220472439
21
-1.9703256299212597
0
LINE
8
BLACK
6
CONTINUOUS
10
3.4119786220472439
20
-1.9703256299212597
11
3.4177540944881888
21
-1.9741846850393701
0
LINE
8
BLACK
6
CONTINUOUS
10
3.4177540944881888
20
-1.9741846850393701
11
3.4226657086614174
21
-1.9790962992125984
0
LINE
8
BLACK
6
CONTINUOUS
10
3.4226657086614174
20
-1.9790962992125984
11
3.4265247637795273
21
-1.9848717716535433
0
LINE
8
BLACK
6
CONTINUOUS
10
3.4265247637795273
20
-1.9848717716535433
11
3.4291829133858265
21
-1.9912891338582677
0
LINE
8
BLACK
6
CONTINUOUS
10
3.4291829133858265
20
-1.9912891338582677
11
3.430538031496063
21
-1.9981017716535432
0
LINE
8
BLACK
6
CONTINUOUS
10
3.430538031496063
20
-1.9981017716535432
11
3.430538031496063
21
-2.0050478346456693
0
LINE
8
BLACK
6
CONTINUOUS
10
3.430538031496063
20
-2.0050478346456693
11
3.4291829133858265
21
-2.011860472440945
0
LINE
8
BLACK
6
CONTINUOUS
10
3.4291829133858265
20
-2.011860472440945
11
3.4265247637795273
21
-2.0182778346456693
0
LINE
8
BLACK
6
CONTINUOUS
10
3.4265247637795273
20
-2.0182778346456693
11
3.4226657086614174
21
-2.0240533070866142
0
LINE
8
BLACK
6
CONTINUOUS
10
3.4226657086614174
20
-2.0240533070866142
11
3.4177540944881888
21
-2.0289649212598424
0
LINE
8
BLACK
6
CONTINUOUS
10
3.4177540944881888
20
-2.0289649212598424
11
3.4119786220472439
21
-2.0328239763779528
0
LINE
8
BLACK
6
CONTINUOUS
10
3.4119786220472439
20
-2.0328239763779528
11
3.4055612598425196
21
-2.0354821259842519
0
LINE
8
BLACK
6
CONTINUOUS
10
3.4055612598425196
20
-2.0354821259842519
11
3.3987486220472438
21
-2.036837244094488
0
LINE
8
BLACK
6
CONTINUOUS
10
3.3987486220472438
20
-2.036837244094488
11
3.391802559055118
21
-2.036837244094488
0
LINE
8
BLACK
6
CONTINUOUS
10
3.391802559055118
20
-2.036837244094488
11
3.3849899212598427
21
-2.0354821259842519
0
LINE
8
BLACK
6
CONTINUOUS
10
3.3849899212598427
20
-2.0354821259842519
11
3.3785725590551179
21
-2.0328239763779528
0
LINE
8
BLACK
6
CONTINUOUS
10
3.3785725590551179
20
-2.0328239763779528
11
3.372797086614173
21
-2.0289649212598424
0
LINE
8
BLACK
6
CONTINUOUS
10
3.372797086614173
20
-2.0289649212598424
11
3.3678854724409448
21
-2.0240533070866142
0
LINE
8
BLACK
6
CONTINUOUS
10
3.3678854724409448
20
-2.0240533070866142
11
3.3640264173228345
21
-2.0182778346456693
0
LINE
8
BLACK
6
CONTINUOUS
10
3.3640264173228345
20
-2.0182778346456693
11
3.3613682677165353
21
-2.011860472440945
0
LINE
8
BLACK
6
CONTINUOUS
10
3.3613682677165353
20
-2.011860472440945
11
3.3600131496062993
21
-2.0050478346456693
0
LINE
8
BLACK
6
CONTINUOUS
10
3.3600131496062993
20
-2.0050478346456693
11
3.3600131496062993
21
-1.9981017716535432
0
LINE
8
BLACK
6
CONTINUOUS
10
3.3600131496062993
20
-1.9981017716535432
11
3.3613682677165353
21
-1.9912891338582677
0
LINE
8
BLACK
6
CONTINUOUS
10
3.3613682677165353
20
-1.9912891338582677
11
3.3640264173228345
21
-1.9848717716535433
0
LINE
8
BLACK
6
CONTINUOUS
10
3.3640264173228345
20
-1.9848717716535433
11
3.3678854724409448
21
-1.9790962992125984
0
LINE
8
BLACK
6
CONTINUOUS
10
3.3678854724409448
20
-1.9790962992125984
11
3.372797086614173
21
-1.9741846850393701
0
LINE
8
BLACK
6
CONTINUOUS
10
3.372797086614173
20
-1.9741846850393701
11
3.3785725590551179
21
-1.9703256299212597
0
LINE
8
BLACK
6
CONTINUOUS
10
3.3785725590551179
20
-1.9703256299212597
11
3.3849899212598427
21
-1.9676674803149605
0
LINE
8
BLACK
6
CONTINUOUS
10
3.3849899212598427
20
-1.9676674803149605
11
3.391802559055118
21
-1.9663123622047243
0
LINE
8
BLACK
6
CONTINUOUS
10
3.391802559055118
20
-1.9663123622047243
11
3.3987486220472438
21
-1.9663123622047243
0
LINE
8
BLACK
6
CONTINUOUS
10
3.3987486220472438
20
-1.9663123622047243
11
3.4055612598425196
21
-1.9676674803149605
0
LINE
8
BLACK
6
CONTINUOUS
10
5.0055612598425192
20
-1.9645178740157481
11
5.011978622047244
21
-1.9671760236220472
0
LINE
8
BLACK
6
CONTINUOUS
10
5.011978622047244
20
-1.9671760236220472
11
5.0177540944881889
21
-1.9710350787401574
0
LINE
8
BLACK
6
CONTINUOUS
10
5.0177540944881889
20
-1.9710350787401574
11
5.0226657086614175
21
-1.9759466929133858
0
LINE
8
BLACK
6
CONTINUOUS
10
5.0226657086614175
20
-1.9759466929133858
11
5.0265247637795278
21
-1.9817221653543307
0
LINE
8
BLACK
6
CONTINUOUS
10
5.0265247637795278
20
-1.9817221653543307
11
5.029182913385827
21
-1.988139527559055
0
LINE
8
BLACK
6
CONTINUOUS
10
5.029182913385827
20
-1.988139527559055
11
5.0305380314960626
21
-1.9949521653543307
0
LINE
8
BLACK
6
CONTINUOUS
10
5.0305380314960626
20
-1.9949521653543307
11
5.0305380314960626
21
-2.0018982283464566
0
LINE
8
BLACK
6
CONTINUOUS
10
5.0305380314960626
20
-2.0018982283464566
11
5.029182913385827
21
-2.0087108661417323
0
LINE
8
BLACK
6
CONTINUOUS
10
5.029182913385827
20
-2.0087108661417323
11
5.0265247637795278
21
-2.0151282283464567
0
LINE
8
BLACK
6
CONTINUOUS
10
5.0265247637795278
20
-2.0151282283464567
11
5.0226657086614175
21
-2.0209037007874016
0
LINE
8
BLACK
6
CONTINUOUS
10
5.0226657086614175
20
-2.0209037007874016
11
5.0177540944881889
21
-2.0258153149606297
0
LINE
8
BLACK
6
CONTINUOUS
10
5.0177540944881889
20
-2.0258153149606297
11
5.011978622047244
21
-2.0296743700787401
0
LINE
8
BLACK
6
CONTINUOUS
10
5.011978622047244
20
-2.0296743700787401
11
5.0055612598425192
21
-2.0323325196850393
0
LINE
8
BLACK
6
CONTINUOUS
10
5.0055612598425192
20
-2.0323325196850393
11
4.9987486220472439
21
-2.0336876377952757
0
LINE
8
BLACK
6
CONTINUOUS
10
4.9987486220472439
20
-2.0336876377952757
11
4.9918025590551176
21
-2.0336876377952757
0
LINE
8
BLACK
6
CONTINUOUS
10
4.9918025590551176
20
-2.0336876377952757
11
4.9849899212598423
21
-2.0323325196850393
0
LINE
8
BLACK
6
CONTINUOUS
10
4.9849899212598423
20
-2.0323325196850393
11
4.9785725590551184
21
-2.0296743700787401
0
LINE
8
BLACK
6
CONTINUOUS
10
4.9785725590551184
20
-2.0296743700787401
11
4.9727970866141735
21
-2.0258153149606297
0
LINE
8
BLACK
6
CONTINUOUS
10
4.9727970866141735
20
-2.0258153149606297
11
4.9678854724409449
21
-2.0209037007874016
0
LINE
8
BLACK
6
CONTINUOUS
10
4.9678854724409449
20
-2.0209037007874016
11
4.9640264173228346
21
-2.0151282283464567
0
LINE
8
BLACK
6
CONTINUOUS
10
4.9640264173228346
20
-2.0151282283464567
11
4.9613682677165354
21
-2.0087108661417323
0
LINE
8
BLACK
6
CONTINUOUS
10
4.9613682677165354
20
-2.0087108661417323
11
4.9600131496062989
21
-2.0018982283464566
0
LINE
8
BLACK
6
CONTINUOUS
10
4.9600131496062989
20
-2.0018982283464566
11
4.9600131496062989
21
-1.9949521653543307
0
LINE
8
BLACK
6
CONTINUOUS
10
4.9600131496062989
20
-1.9949521653543307
11
4.9613682677165354
21
-1.988139527559055
0
LINE
8
BLACK
6
CONTINUOUS
10
4.9613682677165354
20
-1.988139527559055
11
4.9640264173228346
21
-1.9817221653543307
0
LINE
8
BLACK
6
CONTINUOUS
10
4.9640264173228346
20
-1.9817221653543307
11
4.9678854724409449
21
-1.9759466929133858
0
LINE
8
BLACK
6
CONTINUOUS
10
4.9678854724409449
20
-1.9759466929133858
11
4.9727970866141735
21
-1.9710350787401574
0
LINE
8
BLACK
6
CONTINUOUS
10
4.9727970866141735
20
-1.9710350787401574
11
4.9785725590551184
21
-1.9671760236220472
0
LINE
8
BLACK
6
CONTINUOUS
10
4.9785725590551184
20
-1.9671760236220472
11
4.9849899212598423
21
-1.9645178740157481
0
LINE
8
BLACK
6
CONTINUOUS
10
4.9849899212598423
20
-1.9645178740157481
11
4.9918025590551176
21
-1.9631627559055118
0
LINE
8
BLACK
6
CONTINUOUS
10
4.9918025590551176
20
-1.9631627559055118
11
4.9987486220472439
21
-1.9631627559055118
0
LINE
8
BLACK
6
CONTINUOUS
10
4.9987486220472439
20
-1.9631627559055118
11
5.0055612598425192
21
-1.9645178740157481
0
LINE
8
BLACK
6
CONTINUOUS
10
3.6097142519685037
20
-1.9679764173228347
11
3.6157750787401572
21
-1.9704868897637795
0
LINE
8
BLACK
6
CONTINUOUS
10
3.6157750787401572
20
-1.9704868897637795
11
3.6212296850393701
21
-1.9741315354330708
0
LINE
8
BLACK
6
CONTINUOUS
10
3.6212296850393701
20
-1.9741315354330708
11
3.625868464566929
21
-1.9787703149606299
0
LINE
8
BLACK
6
CONTINUOUS
10
3.625868464566929
20
-1.9787703149606299
11
3.6295131102362204
21
-1.9842249212598424
0
LINE
8
BLACK
6
CONTINUOUS
10
3.6295131102362204
20
-1.9842249212598424
11
3.6320235826771654
21
-1.9902857480314959
0
LINE
8
BLACK
6
CONTINUOUS
10
3.6320235826771654
20
-1.9902857480314959
11
3.6333034251968503
21
-1.9967198818897638
0
LINE
8
BLACK
6
CONTINUOUS
10
3.6333034251968503
20
-1.9967198818897638
11
3.6333034251968503
21
-2.003280118110236
0
LINE
8
BLACK
6
CONTINUOUS
10
3.6333034251968503
20
-2.003280118110236
11
3.6320235826771654
21
-2.0097142519685041
0
LINE
8
BLACK
6
CONTINUOUS
10
3.6320235826771654
20
-2.0097142519685041
11
3.6295131102362204
21
-2.0157750787401576
0
LINE
8
BLACK
6
CONTINUOUS
10
3.6295131102362204
20
-2.0157750787401576
11
3.625868464566929
21
-2.0212296850393701
0
LINE
8
BLACK
6
CONTINUOUS
10
3.625868464566929
20
-2.0212296850393701
11
3.6212296850393701
21
-2.0258684645669289
0
LINE
8
BLACK
6
CONTINUOUS
10
3.6212296850393701
20
-2.0258684645669289
11
3.6157750787401572
21
-2.0295131102362203
0
LINE
8
BLACK
6
CONTINUOUS
10
3.6157750787401572
20
-2.0295131102362203
11
3.6097142519685037
21
-2.0320235826771653
0
LINE
8
BLACK
6
CONTINUOUS
10
3.6097142519685037
20
-2.0320235826771653
11
3.6032801181102361
21
-2.0333034251968503
0
LINE
8
BLACK
6
CONTINUOUS
10
3.6032801181102361
20
-2.0333034251968503
11
3.5967198818897637
21
-2.0333034251968503
0
LINE
8
BLACK
6
CONTINUOUS
10
3.5967198818897637
20
-2.0333034251968503
11
3.590285748031496
21
-2.0320235826771653
0
LINE
8
BLACK
6
CONTINUOUS
10
3.590285748031496
20
-2.0320235826771653
11
3.5842249212598425
21
-2.0295131102362203
0
LINE
8
BLACK
6
CONTINUOUS
10
3.5842249212598425
20
-2.0295131102362203
11
3.57877031496063
21
-2.0258684645669289
0
LINE
8
BLACK
6
CONTINUOUS
10
3.57877031496063
20
-2.0258684645669289
11
3.5741315354330707
21
-2.0212296850393701
0
LINE
8
BLACK
6
CONTINUOUS
10
3.5741315354330707
20
-2.0212296850393701
11
3.5704868897637794
21
-2.0157750787401576
0
LINE
8
BLACK
6
CONTINUOUS
10
3.5704868897637794
20
-2.0157750787401576
11
3.5679764173228348
21
-2.0097142519685041
0
LINE
8
BLACK
6
CONTINUOUS
10
3.5679764173228348
20
-2.0097142519685041
11
3.5666965748031494
21
-2.003280118110236
0
LINE
8
BLACK
6
CONTINUOUS
10
3.5666965748031494
20
-2.003280118110236
11
3.5666965748031494
21
-1.9967198818897638
0
LINE
8
BLACK
6
CONTINUOUS
10
3.5666965748031494
20
-1.9967198818897638
11
3.5679764173228348
21
-1.9902857480314959
0
LINE
8
BLACK
6
CONTINUOUS
10
3.5679764173228348
20
-1.9902857480314959
11
3.5704868897637794
21
-1.9842249212598424
0
LINE
8
BLACK
6
CONTINUOUS
10
3.5704868897637794
20
-1.9842249212598424
11
3.5741315354330707
21
-1.9787703149606299
0
LINE
8
BLACK
6
CONTINUOUS
10
3.5741315354330707
20
-1.9787703149606299
11
3.57877031496063
21
-1.9741315354330708
0
LINE
8
BLACK
6
CONTINUOUS
10
3.57877031496063
20
-1.9741315354330708
11
3.5842249212598425
21
-1.9704868897637795
0
LINE
8
BLACK
6
CONTINUOUS
10
3.5842249212598425
20
-1.9704868897637795
11
3.590285748031496
21
-1.9679764173228347
0
LINE
8
BLACK
6
CONTINUOUS
10
3.590285748031496
20
-1.9679764173228347
11
3.5967198818897637
21
-1.9666965748031495
0
LINE
8
BLACK
6
CONTINUOUS
10
3.5967198818897637
20
-1.9666965748031495
11
3.6032801181102361
21
-1.9666965748031495
0
LINE
8
BLACK
6
CONTINUOUS
10
3.6032801181102361
20
-1.9666965748031495
11
3.6097142519685037
21
-1.9679764173228347
0
LINE
8
BLACK
6
CONTINUOUS
10
5.2097142519685038
20
-1.9679764173228347
11
5.2157750787401573
21
-1.9704868897637795
0
LINE
8
BLACK
6
CONTINUOUS
10
5.2157750787401573
20
-1.9704868897637795
11
5.2212296850393702
21
-1.9741315354330708
0
LINE
8
BLACK
6
CONTINUOUS
10
5.2212296850393702
20
-1.9741315354330708
11
5.2258684645669291
21
-1.9787703149606299
0
LINE
8
BLACK
6
CONTINUOUS
10
5.2258684645669291
20
-1.9787703149606299
11
5.22951311023622
21
-1.9842249212598424
0
LINE
8
BLACK
6
CONTINUOUS
10
5.22951311023622
20
-1.9842249212598424
11
5.2320235826771651
21
-1.9902857480314959
0
LINE
8
BLACK
6
CONTINUOUS
10
5.2320235826771651
20
-1.9902857480314959
11
5.2333034251968504
21
-1.9967198818897638
0
LINE
8
BLACK
6
CONTINUOUS
10
5.2333034251968504
20
-1.9967198818897638
11
5.2333034251968504
21
-2.003280118110236
0
LINE
8
BLACK
6
CONTINUOUS
10
5.2333034251968504
20
-2.003280118110236
11
5.2320235826771651
21
-2.0097142519685041
0
LINE
8
BLACK
6
CONTINUOUS
10
5.2320235826771651
20
-2.0097142519685041
11
5.22951311023622
21
-2.0157750787401576
0
LINE
8
BLACK
6
CONTINUOUS
10
5.22951311023622
20
-2.0157750787401576
11
5.2258684645669291
21
-2.0212296850393701
0
LINE
8
BLACK
6
CONTINUOUS
10
5.2258684645669291
20
-2.0212296850393701
11
5.2212296850393702
21
-2.0258684645669289
0
LINE
8
BLACK
6
CONTINUOUS
10
5.2212296850393702
20
-2.0258684645669289
11
5.2157750787401573
21
-2.0295131102362203
0
LINE
8
BLACK
6
CONTINUOUS
10
5.2157750787401573
20
-2.0295131102362203
11
5.2097142519685038
21
-2.0320235826771653
0
LINE
8
BLACK
6
CONTINUOUS
10
5.2097142519685038
20
-2.0320235826771653
11
5.2032801181102357
21
-2.0333034251968503
0
LINE
8
BLACK
6
CONTINUOUS
10
5.2032801181102357
20
-2.0333034251968503
11
5.1967198818897637
21
-2.0333034251968503
0
LINE
8
BLACK
6
CONTINUOUS
10
5.1967198818897637
20
-2.0333034251968503
11
5.1902857480314957
21
-2.0320235826771653
0
LINE
8
BLACK
6
CONTINUOUS
10
5.1902857480314957
20
-2.0320235826771653
11
5.1842249212598421
21
-2.0295131102362203
0
LINE
8
BLACK
6
CONTINUOUS
10
5.1842249212598421
20
-2.0295131102362203
11
5.1787703149606301
21
-2.0258684645669289
0
LINE
8
BLACK
6
CONTINUOUS
10
5.1787703149606301
20
-2.0258684645669289
11
5.1741315354330704
21
-2.0212296850393701
0
LINE
8
BLACK
6
CONTINUOUS
10
5.1741315354330704
20
-2.0212296850393701
11
5.1704868897637795
21
-2.0157750787401576
0
LINE
8
BLACK
6
CONTINUOUS
10
5.1704868897637795
20
-2.0157750787401576
11
5.1679764173228344
21
-2.0097142519685041
0
LINE
8
BLACK
6
CONTINUOUS
10
5.1679764173228344
20
-2.0097142519685041
11
5.1666965748031499
21
-2.003280118110236
0
LINE
8
BLACK
6
CONTINUOUS
10
5.1666965748031499
20
-2.003280118110236
11
5.1666965748031499
21
-1.9967198818897638
0
LINE
8
BLACK
6
CONTINUOUS
10
5.1666965748031499
20
-1.9967198818897638
11
5.1679764173228344
21
-1.9902857480314959
0
LINE
8
BLACK
6
CONTINUOUS
10
5.1679764173228344
20
-1.9902857480314959
11
5.1704868897637795
21
-1.9842249212598424
0
LINE
8
BLACK
6
CONTINUOUS
10
5.1704868897637795
20
-1.9842249212598424
11
5.1741315354330704
21
-1.9787703149606299
0
LINE
8
BLACK
6
CONTINUOUS
10
5.1741315354330704
20
-1.9787703149606299
11
5.1787703149606301
21
-1.9741315354330708
0
LINE
8
BLACK
6
CONTINUOUS
10
5.1787703149606301
20
-1.9741315354330708
11
5.1842249212598421
21
-1.9704868897637795
0
LINE
8
BLACK
6
CONTINUOUS
10
5.1842249212598421
20
-1.9704868897637795
11
5.1902857480314957
21
-1.9679764173228347
0
LINE
8
BLACK
6
CONTINUOUS
10
5.1902857480314957
20
-1.9679764173228347
11
5.1967198818897637
21
-1.9666965748031495
0
LINE
8
BLACK
6
CONTINUOUS
10
5.1967198818897637
20
-1.9666965748031495
11
5.2032801181102357
21
-1.9666965748031495
0
LINE
8
BLACK
6
CONTINUOUS
10
5.2032801181102357
20
-1.9666965748031495
11
5.2097142519685038
21
-1.9679764173228347
0
LINE
8
BLACK
6
CONTINUOUS
10
3.4055612598425196
20
-1.8692422834645668
11
3.4119786220472439
21
-1.8719004330708662
0
LINE
8
BLACK
6
CONTINUOUS
10
3.4119786220472439
20
-1.8719004330708662
11
3.4177540944881888
21
-1.8757594881889763
0
LINE
8
BLACK
6
CONTINUOUS
10
3.4177540944881888
20
-1.8757594881889763
11
3.4226657086614174
21
-1.8806711023622047
0
LINE
8
BLACK
6
CONTINUOUS
10
3.4226657086614174
20
-1.8806711023622047
11
3.4265247637795273
21
-1.8864465748031496
0
LINE
8
BLACK
6
CONTINUOUS
10
3.4265247637795273
20
-1.8864465748031496
11
3.4291829133858265
21
-1.8928639370078739
0
LINE
8
BLACK
6
CONTINUOUS
10
3.4291829133858265
20
-1.8928639370078739
11
3.430538031496063
21
-1.8996765748031497
0
LINE
8
BLACK
6
CONTINUOUS
10
3.430538031496063
20
-1.8996765748031497
11
3.430538031496063
21
-1.9066226377952755
0
LINE
8
BLACK
6
CONTINUOUS
10
3.430538031496063
20
-1.9066226377952755
11
3.4291829133858265
21
-1.913435275590551
0
LINE
8
BLACK
6
CONTINUOUS
10
3.4291829133858265
20
-1.913435275590551
11
3.4265247637795273
21
-1.9198526377952756
0
LINE
8
BLACK
6
CONTINUOUS
10
3.4265247637795273
20
-1.9198526377952756
11
3.4226657086614174
21
-1.9256281102362205
0
LINE
8
BLACK
6
CONTINUOUS
10
3.4226657086614174
20
-1.9256281102362205
11
3.4177540944881888
21
-1.9305397244094489
0
LINE
8
BLACK
6
CONTINUOUS
10
3.4177540944881888
20
-1.9305397244094489
11
3.4119786220472439
21
-1.934398779527559
0
LINE
8
BLACK
6
CONTINUOUS
10
3.4119786220472439
20
-1.934398779527559
11
3.4055612598425196
21
-1.9370569291338582
0
LINE
8
BLACK
6
CONTINUOUS
10
3.4055612598425196
20
-1.9370569291338582
11
3.3987486220472438
21
-1.9384120472440944
0
LINE
8
BLACK
6
CONTINUOUS
10
3.3987486220472438
20
-1.9384120472440944
11
3.391802559055118
21
-1.9384120472440944
0
LINE
8
BLACK
6
CONTINUOUS
10
3.391802559055118
20
-1.9384120472440944
11
3.3849899212598427
21
-1.9370569291338582
0
LINE
8
BLACK
6
CONTINUOUS
10
3.3849899212598427
20
-1.9370569291338582
11
3.3785725590551179
21
-1.934398779527559
0
LINE
8
BLACK
6
CONTINUOUS
10
3.3785725590551179
20
-1.934398779527559
11
3.372797086614173
21
-1.9305397244094489
0
LINE
8
BLACK
6
CONTINUOUS
10
3.372797086614173
20
-1.9305397244094489
11
3.3678854724409448
21
-1.9256281102362205
0
LINE
8
BLACK
6
CONTINUOUS
10
3.3678854724409448
20
-1.9256281102362205
11
3.3640264173228345
21
-1.9198526377952756
0
LINE
8
BLACK
6
CONTINUOUS
10
3.3640264173228345
20
-1.9198526377952756
11
3.3613682677165353
21
-1.913435275590551
0
LINE
8
BLACK
6
CONTINUOUS
10
3.3613682677165353
20
-1.913435275590551
11
3.3600131496062993
21
-1.9066226377952755
0
LINE
8
BLACK
6
CONTINUOUS
10
3.3600131496062993
20
-1.9066226377952755
11
3.3600131496062993
21
-1.8996765748031497
0
LINE
8
BLACK
6
CONTINUOUS
10
3.3600131496062993
20
-1.8996765748031497
11
3.3613682677165353
21
-1.8928639370078739
0
LINE
8
BLACK
6
CONTINUOUS
10
3.3613682677165353
20
-1.8928639370078739
11
3.3640264173228345
21
-1.8864465748031496
0
LINE
8
BLACK
6
CONTINUOUS
10
3.3640264173228345
20
-1.8864465748031496
11
3.3678854724409448
21
-1.8806711023622047
0
LINE
8
BLACK
6
CONTINUOUS
10
3.3678854724409448
20
-1.8806711023622047
11
3.372797086614173
21
-1.8757594881889763
0
LINE
8
BLACK
6
CONTINUOUS
10
3.372797086614173
20
-1.8757594881889763
11
3.3785725590551179
21
-1.8719004330708662
0
LINE
8
BLACK
6
CONTINUOUS
10
3.3785725590551179
20
-1.8719004330708662
11
3.3849899212598427
21
-1.8692422834645668
0
LINE
8
BLACK
6
CONTINUOUS
10
3.3849899212598427
20
-1.8692422834645668
11
3.391802559055118
21
-1.8678871653543307
0
LINE
8
BLACK
6
CONTINUOUS
10
3.391802559055118
20
-1.8678871653543307
11
3.3987486220472438
21
-1.8678871653543307
0
LINE
8
BLACK
6
CONTINUOUS
10
3.3987486220472438
20
-1.8678871653543307
11
3.4055612598425196
21
-1.8692422834645668
0
LINE
8
BLACK
6
CONTINUOUS
10
5.0055612598425192
20
-1.8660926771653543
11
5.011978622047244
21
-1.8687508267716535
0
LINE
8
BLACK
6
CONTINUOUS
10
5.011978622047244
20
-1.8687508267716535
11
5.0177540944881889
21
-1.8726098818897636
0
LINE
8
BLACK
6
CONTINUOUS
10
5.0177540944881889
20
-1.8726098818897636
11
5.0226657086614175
21
-1.877521496062992
0
LINE
8
BLACK
6
CONTINUOUS
10
5.0226657086614175
20
-1.877521496062992
11
5.0265247637795278
21
-1.8832969685039369
0
LINE
8
BLACK
6
CONTINUOUS
10
5.0265247637795278
20
-1.8832969685039369
11
5.029182913385827
21
-1.8897143307086615
0
LINE
8
BLACK
6
CONTINUOUS
10
5.029182913385827
20
-1.8897143307086615
11
5.0305380314960626
21
-1.896526968503937
0
LINE
8
BLACK
6
CONTINUOUS
10
5.0305380314960626
20
-1.896526968503937
11
5.0305380314960626
21
-1.9034730314960628
0
LINE
8
BLACK
6
CONTINUOUS
10
5.0305380314960626
20
-1.9034730314960628
11
5.029182913385827
21
-1.9102856692913386
0
LINE
8
BLACK
6
CONTINUOUS
10
5.029182913385827
20
-1.9102856692913386
11
5.0265247637795278
21
-1.9167030314960629
0
LINE
8
BLACK
6
CONTINUOUS
10
5.0265247637795278
20
-1.9167030314960629
11
5.0226657086614175
21
-1.9224785039370078
0
LINE
8
BLACK
6
CONTINUOUS
10
5.0226657086614175
20
-1.9224785039370078
11
5.0177540944881889
21
-1.9273901181102362
0
LINE
8
BLACK
6
CONTINUOUS
10
5.0177540944881889
20
-1.9273901181102362
11
5.011978622047244
21
-1.9312491732283463
0
LINE
8
BLACK
6
CONTINUOUS
10
5.011978622047244
20
-1.9312491732283463
11
5.0055612598425192
21
-1.9339073228346457
0
LINE
8
BLACK
6
CONTINUOUS
10
5.0055612598425192
20
-1.9339073228346457
11
4.9987486220472439
21
-1.9352624409448818
0
LINE
8
BLACK
6
CONTINUOUS
10
4.9987486220472439
20
-1.9352624409448818
11
4.9918025590551176
21
-1.9352624409448818
0
LINE
8
BLACK
6
CONTINUOUS
10
4.9918025590551176
20
-1.9352624409448818
11
4.9849899212598423
21
-1.9339073228346457
0
LINE
8
BLACK
6
CONTINUOUS
10
4.9849899212598423
20
-1.9339073228346457
11
4.9785725590551184
21
-1.9312491732283463
0
LINE
8
BLACK
6
CONTINUOUS
10
4.9785725590551184
20
-1.9312491732283463
11
4.9727970866141735
21
-1.9273901181102362
0
LINE
8
BLACK
6
CONTINUOUS
10
4.9727970866141735
20
-1.9273901181102362
11
4.9678854724409449
21
-1.9224785039370078
0
LINE
8
BLACK
6
CONTINUOUS
10
4.9678854724409449
20
-1.9224785039370078
11
4.9640264173228346
21
-1.9167030314960629
0
LINE
8
BLACK
6
CONTINUOUS
10
4.9640264173228346
20
-1.9167030314960629
11
4.9613682677165354
21
-1.9102856692913386
0
LINE
8
BLACK
6
CONTINUOUS
10
4.9613682677165354
20
-1.9102856692913386
11
4.9600131496062989
21
-1.9034730314960628
0
LINE
8
BLACK
6
CONTINUOUS
10
4.9600131496062989
20
-1.9034730314960628
11
4.9600131496062989
21
-1.896526968503937
0
LINE
8
BLACK
6
CONTINUOUS
10
4.9600131496062989
20
-1.896526968503937
11
4.9613682677165354
21
-1.8897143307086615
0
LINE
8
BLACK
6
CONTINUOUS
10
4.9613682677165354
20
-1.8897143307086615
11
4.9640264173228346
21
-1.8832969685039369
0
LINE
8
BLACK
6
CONTINUOUS
10
4.9640264173228346
20
-1.8832969685039369
11
4.9678854724409449
21
-1.877521496062992
0
LINE
8
BLACK
6
CONTINUOUS
10
4.9678854724409449
20
-1.877521496062992
11
4.9727970866141735
21
-1.8726098818897636
0
LINE
8
BLACK
6
CONTINUOUS
10
4.9727970866141735
20
-1.8726098818897636
11
4.9785725590551184
21
-1.8687508267716535
0
LINE
8
BLACK
6
CONTINUOUS
10
4.9785725590551184
20
-1.8687508267716535
11
4.9849899212598423
21
-1.8660926771653543
0
LINE
8
BLACK
6
CONTINUOUS
10
4.9849899212598423
20
-1.8660926771653543
11
4.9918025590551176
21
-1.8647375590551181
0
LINE
8
BLACK
6
CONTINUOUS
10
4.9918025590551176
20
-1.8647375590551181
11
4.9987486220472439
21
-1.8647375590551181
0
LINE
8
BLACK
6
CONTINUOUS
10
4.9987486220472439
20
-1.8647375590551181
11
5.0055612598425192
21
-1.8660926771653543
0
LINE
8
BLACK
6
CONTINUOUS
10
3.6097142519685037
20
-1.8679764173228346
11
3.6157750787401572
21
-1.8704868897637794
0
LINE
8
BLACK
6
CONTINUOUS
10
3.6157750787401572
20
-1.8704868897637794
11
3.6212296850393701
21
-1.8741315354330708
0
LINE
8
BLACK
6
CONTINUOUS
10
3.6212296850393701
20
-1.8741315354330708
11
3.625868464566929
21
-1.8787703149606299
0
LINE
8
BLACK
6
CONTINUOUS
10
3.625868464566929
20
-1.8787703149606299
11
3.6295131102362204
21
-1.8842249212598425
0
LINE
8
BLACK
6
CONTINUOUS
10
3.6295131102362204
20
-1.8842249212598425
11
3.6320235826771654
21
-1.8902857480314961
0
LINE
8
BLACK
6
CONTINUOUS
10
3.6320235826771654
20
-1.8902857480314961
11
3.6333034251968503
21
-1.8967198818897637
0
LINE
8
BLACK
6
CONTINUOUS
10
3.6333034251968503
20
-1.8967198818897637
11
3.6333034251968503
21
-1.9032801181102361
0
LINE
8
BLACK
6
CONTINUOUS
10
3.6333034251968503
20
-1.9032801181102361
11
3.6320235826771654
21
-1.909714251968504
0
LINE
8
BLACK
6
CONTINUOUS
10
3.6320235826771654
20
-1.909714251968504
11
3.6295131102362204
21
-1.9157750787401575
0
LINE
8
BLACK
6
CONTINUOUS
10
3.6295131102362204
20
-1.9157750787401575
11
3.625868464566929
21
-1.92122968503937
0
LINE
8
BLACK
6
CONTINUOUS
10
3.625868464566929
20
-1.92122968503937
11
3.6212296850393701
21
-1.9258684645669291
0
LINE
8
BLACK
6
CONTINUOUS
10
3.6212296850393701
20
-1.9258684645669291
11
3.6157750787401572
21
-1.9295131102362204
0
LINE
8
BLACK
6
CONTINUOUS
10
3.6157750787401572
20
-1.9295131102362204
11
3.6097142519685037
21
-1.9320235826771652
0
LINE
8
BLACK
6
CONTINUOUS
10
3.6097142519685037
20
-1.9320235826771652
11
3.6032801181102361
21
-1.9333034251968504
0
LINE
8
BLACK
6
CONTINUOUS
10
3.6032801181102361
20
-1.9333034251968504
11
3.5967198818897637
21
-1.9333034251968504
0
LINE
8
BLACK
6
CONTINUOUS
10
3.5967198818897637
20
-1.9333034251968504
11
3.590285748031496
21
-1.9320235826771652
0
LINE
8
BLACK
6
CONTINUOUS
10
3.590285748031496
20
-1.9320235826771652
11
3.5842249212598425
21
-1.9295131102362204
0
LINE
8
BLACK
6
CONTINUOUS
10
3.5842249212598425
20
-1.9295131102362204
11
3.57877031496063
21
-1.9258684645669291
0
LINE
8
BLACK
6
CONTINUOUS
10
3.57877031496063
20
-1.9258684645669291
11
3.5741315354330707
21
-1.92122968503937
0
LINE
8
BLACK
6
CONTINUOUS
10
3.5741315354330707
20
-1.92122968503937
11
3.5704868897637794
21
-1.9157750787401575
0
LINE
8
BLACK
6
CONTINUOUS
10
3.5704868897637794
20
-1.9157750787401575
11
3.5679764173228348
21
-1.909714251968504
0
LINE
8
BLACK
6
CONTINUOUS
10
3.5679764173228348
20
-1.909714251968504
11
3.5666965748031494
21
-1.9032801181102361
0
LINE
8
BLACK
6
CONTINUOUS
10
3.5666965748031494
20
-1.9032801181102361
11
3.5666965748031494
21
-1.8967198818897637
0
LINE
8
BLACK
6
CONTINUOUS
10
3.5666965748031494
20
-1.8967198818897637
11
3.5679764173228348
21
-1.8902857480314961
0
LINE
8
BLACK
6
CONTINUOUS
10
3.5679764173228348
20
-1.8902857480314961
11
3.5704868897637794
21
-1.8842249212598425
0
LINE
8
BLACK
6
CONTINUOUS
10
3.5704868897637794
20
-1.8842249212598425
11
3.5741315354330707
21
-1.8787703149606299
0
LINE
8
BLACK
6
CONTINUOUS
10
3.5741315354330707
20
-1.8787703149606299
11
3.57877031496063
21
-1.8741315354330708
0
LINE
8
BLACK
6
CONTINUOUS
10
3.57877031496063
20
-1.8741315354330708
11
3.5842249212598425
21
-1.8704868897637794
0
LINE
8
BLACK
6
CONTINUOUS
10
3.5842249212598425
20
-1.8704868897637794
11
3.590285748031496
21
-1.8679764173228346
0
LINE
8
BLACK
6
CONTINUOUS
10
3.590285748031496
20
-1.8679764173228346
11
3.5967198818897637
21
-1.8666965748031497
0
LINE
8
BLACK
6
CONTINUOUS
10
3.5967198818897637
20
-1.8666965748031497
11
3.6032801181102361
21
-1.8666965748031497
0
LINE
8
BLACK
6
CONTINUOUS
10
3.6032801181102361
20
-1.8666965748031497
11
3.6097142519685037
21
-1.8679764173228346
0
LINE
8
BLACK
6
CONTINUOUS
10
5.2097142519685038
20
-1.8679764173228346
11
5.2157750787401573
21
-1.8704868897637794
0
LINE
8
BLACK
6
CONTINUOUS
10
5.2157750787401573
20
-1.8704868897637794
11
5.2212296850393702
21
-1.8741315354330708
0
LINE
8
BLACK
6
CONTINUOUS
10
5.2212296850393702
20
-1.8741315354330708
11
5.2258684645669291
21
-1.8787703149606299
0
LINE
8
BLACK
6
CONTINUOUS
10
5.2258684645669291
20
-1.8787703149606299
11
5.22951311023622
21
-1.8842249212598425
0
LINE
8
BLACK
6
CONTINUOUS
10
5.22951311023622
20
-1.8842249212598425
11
5.2320235826771651
21
-1.8902857480314961
0
LINE
8
BLACK
6
CONTINUOUS
10
5.2320235826771651
20
-1.8902857480314961
11
5.2333034251968504
21
-1.8967198818897637
0
LINE
8
BLACK
6
CONTINUOUS
10
5.2333034251968504
20
-1.8967198818897637
11
5.2333034251968504
21
-1.9032801181102361
0
LINE
8
BLACK
6
CONTINUOUS
10
5.2333034251968504
20
-1.9032801181102361
11
5.2320235826771651
21
-1.909714251968504
0
LINE
8
BLACK
6
CONTINUOUS
10
5.2320235826771651
20
-1.909714251968504
11
5.22951311023622
21
-1.9157750787401575
0
LINE
8
BLACK
6
CONTINUOUS
10
5.22951311023622
20
-1.9157750787401575
11
5.2258684645669291
21
-1.92122968503937
0
LINE
8
BLACK
6
CONTINUOUS
10
5.2258684645669291
20
-1.92122968503937
11
5.2212296850393702
21
-1.9258684645669291
0
LINE
8
BLACK
6
CONTINUOUS
10
5.2212296850393702
20
-1.9258684645669291
11
5.2157750787401573
21
-1.9295131102362204
0
LINE
8
BLACK
6
CONTINUOUS
10
5.2157750787401573
20
-1.9295131102362204
11
5.2097142519685038
21
-1.9320235826771652
0
LINE
8
BLACK
6
CONTINUOUS
10
5.2097142519685038
20
-1.9320235826771652
11
5.2032801181102357
21
-1.9333034251968504
0
LINE
8
BLACK
6
CONTINUOUS
10
5.2032801181102357
20
-1.9333034251968504
11
5.1967198818897637
21
-1.9333034251968504
0
LINE
8
BLACK
6
CONTINUOUS
10
5.1967198818897637
20
-1.9333034251968504
11
5.1902857480314957
21
-1.9320235826771652
0
LINE
8
BLACK
6
CONTINUOUS
10
5.1902857480314957
20
-1.9320235826771652
11
5.1842249212598421
21
-1.9295131102362204
0
LINE
8
BLACK
6
CONTINUOUS
10
5.1842249212598421
20
-1.9295131102362204
11
5.1787703149606301
21
-1.9258684645669291
0
LINE
8
BLACK
6
CONTINUOUS
10
5.1787703149606301
20
-1.9258684645669291
11
5.1741315354330704
21
-1.92122968503937
0
LINE
8
BLACK
6
CONTINUOUS
10
5.1741315354330704
20
-1.92122968503937
11
5.1704868897637795
21
-1.9157750787401575
0
LINE
8
BLACK
6
CONTINUOUS
10
5.1704868897637795
20
-1.9157750787401575
11
5.1679764173228344
21
-1.909714251968504
0
LINE
8
BLACK
6
CONTINUOUS
10
5.1679764173228344
20
-1.909714251968504
11
5.1666965748031499
21
-1.9032801181102361
0
LINE
8
BLACK
6
CONTINUOUS
10
5.1666965748031499
20
-1.9032801181102361
11
5.1666965748031499
21
-1.8967198818897637
0
LINE
8
BLACK
6
CONTINUOUS
10
5.1666965748031499
20
-1.8967198818897637
11
5.1679764173228344
21
-1.8902857480314961
0
LINE
8
BLACK
6
CONTINUOUS
10
5.1679764173228344
20
-1.8902857480314961
11
5.1704868897637795
21
-1.8842249212598425
0
LINE
8
BLACK
6
CONTINUOUS
10
5.1704868897637795
20
-1.8842249212598425
11
5.1741315354330704
21
-1.8787703149606299
0
LINE
8
BLACK
6
CONTINUOUS
10
5.1741315354330704
20
-1.8787703149606299
11
5.1787703149606301
21
-1.8741315354330708
0
LINE
8
BLACK
6
CONTINUOUS
10
5.1787703149606301
20
-1.8741315354330708
11
5.1842249212598421
21
-1.8704868897637794
0
LINE
8
BLACK
6
CONTINUOUS
10
5.1842249212598421
20
-1.8704868897637794
11
5.1902857480314957
21
-1.8679764173228346
0
LINE
8
BLACK
6
CONTINUOUS
10
5.1902857480314957
20
-1.8679764173228346
11
5.1967198818897637
21
-1.8666965748031497
0
LINE
8
BLACK
6
CONTINUOUS
10
5.1967198818897637
20
-1.8666965748031497
11
5.2032801181102357
21
-1.8666965748031497
0
LINE
8
BLACK
6
CONTINUOUS
10
5.2032801181102357
20
-1.8666965748031497
11
5.2097142519685038
21
-1.8679764173228346
0
LINE
8
BLACK
6
CONTINUOUS
10
6.6314285433070861
20
-1.7923251968503937
11
6.6385589370078737
21
-1.7952787007874016
0
LINE
8
BLACK
6
CONTINUOUS
10
6.6385589370078737
20
-1.7952787007874016
11
6.6449761023622047
21
-1.7995665354330708
0
LINE
8
BLACK
6
CONTINUOUS
10
6.6449761023622047
20
-1.7995665354330708
11
6.6504334645669294
21
-1.8050238976377952
0
LINE
8
BLACK
6
CONTINUOUS
10
6.6504334645669294
20
-1.8050238976377952
11
6.6547212992125981
21
-1.811441062992126
0
LINE
8
BLACK
6
CONTINUOUS
10
6.6547212992125981
20
-1.811441062992126
11
6.6576748031496065
21
-1.8185714566929134
0
LINE
8
BLACK
6
CONTINUOUS
10
6.6576748031496065
20
-1.8185714566929134
11
6.6591805118110239
21
-1.826141062992126
0
LINE
8
BLACK
6
CONTINUOUS
10
6.6591805118110239
20
-1.826141062992126
11
6.6591805118110239
21
-1.8338589370078739
0
LINE
8
BLACK
6
CONTINUOUS
10
6.6591805118110239
20
-1.8338589370078739
11
6.6576748031496065
21
-1.8414285433070865
0
LINE
8
BLACK
6
CONTINUOUS
10
6.6576748031496065
20
-1.8414285433070865
11
6.6547212992125981
21
-1.8485589370078739
0
LINE
8
BLACK
6
CONTINUOUS
10
6.6547212992125981
20
-1.8485589370078739
11
6.6504334645669294
21
-1.8549761023622047
0
LINE
8
BLACK
6
CONTINUOUS
10
6.6504334645669294
20
-1.8549761023622047
11
6.6449761023622047
21
-1.8604334645669292
0
LINE
8
BLACK
6
CONTINUOUS
10
6.6449761023622047
20
-1.8604334645669292
11
6.6385589370078737
21
-1.8647212992125983
0
LINE
8
BLACK
6
CONTINUOUS
10
6.6385589370078737
20
-1.8647212992125983
11
6.6314285433070861
21
-1.8676748031496062
0
LINE
8
BLACK
6
CONTINUOUS
10
6.6314285433070861
20
-1.8676748031496062
11
6.6238589370078742
21
-1.8691805118110236
0
LINE
8
BLACK
6
CONTINUOUS
10
6.6238589370078742
20
-1.8691805118110236
11
6.616141062992126
21
-1.8691805118110236
0
LINE
8
BLACK
6
CONTINUOUS
10
6.616141062992126
20
-1.8691805118110236
11
6.6085714566929132
21
-1.8676748031496062
0
LINE
8
BLACK
6
CONTINUOUS
10
6.6085714566929132
20
-1.8676748031496062
11
6.6014410629921256
21
-1.8647212992125983
0
LINE
8
BLACK
6
CONTINUOUS
10
6.6014410629921256
20
-1.8647212992125983
11
6.5950238976377955
21
-1.8604334645669292
0
LINE
8
BLACK
6
CONTINUOUS
10
6.5950238976377955
20
-1.8604334645669292
11
6.5895665354330708
21
-1.8549761023622047
0
LINE
8
BLACK
6
CONTINUOUS
10
6.5895665354330708
20
-1.8549761023622047
11
6.5852787007874012
21
-1.8485589370078739
0
LINE
8
BLACK
6
CONTINUOUS
10
6.5852787007874012
20
-1.8485589370078739
11
6.5823251968503937
21
-1.8414285433070865
0
LINE
8
BLACK
6
CONTINUOUS
10
6.5823251968503937
20
-1.8414285433070865
11
6.5808194881889763
21
-1.8338589370078739
0
LINE
8
BLACK
6
CONTINUOUS
10
6.5808194881889763
20
-1.8338589370078739
11
6.5808194881889763
21
-1.826141062992126
0
LINE
8
BLACK
6
CONTINUOUS
10
6.5808194881889763
20
-1.826141062992126
11
6.5823251968503937
21
-1.8185714566929134
0
LINE
8
BLACK
6
CONTINUOUS
10
6.5823251968503937
20
-1.8185714566929134
11
6.5852787007874012
21
-1.811441062992126
0
LINE
8
BLACK
6
CONTINUOUS
10
6.5852787007874012
20
-1.811441062992126
11
6.5895665354330708
21
-1.8050238976377952
0
LINE
8
BLACK
6
CONTINUOUS
10
6.5895665354330708
20
-1.8050238976377952
11
6.5950238976377955
21
-1.7995665354330708
0
LINE
8
BLACK
6
CONTINUOUS
10
6.5950238976377955
20
-1.7995665354330708
11
6.6014410629921256
21
-1.7952787007874016
0
LINE
8
BLACK
6
CONTINUOUS
10
6.6014410629921256
20
-1.7952787007874016
11
6.6085714566929132
21
-1.7923251968503937
0
LINE
8
BLACK
6
CONTINUOUS
10
6.6085714566929132
20
-1.7923251968503937
11
6.616141062992126
21
-1.7908194881889763
0
LINE
8
BLACK
6
CONTINUOUS
10
6.616141062992126
20
-1.7908194881889763
11
6.6238589370078742
21
-1.7908194881889763
0
LINE
8
BLACK
6
CONTINUOUS
10
6.6238589370078742
20
-1.7908194881889763
11
6.6314285433070861
21
-1.7923251968503937
0
LINE
8
BLACK
6
CONTINUOUS
10
6.8214285433070865
20
-1.7923251968503937
11
6.8285589370078741
21
-1.7952787007874016
0
LINE
8
BLACK
6
CONTINUOUS
10
6.8285589370078741
20
-1.7952787007874016
11
6.8349761023622042
21
-1.7995665354330708
0
LINE
8
BLACK
6
CONTINUOUS
10
6.8349761023622042
20
-1.7995665354330708
11
6.8404334645669289
21
-1.8050238976377952
0
LINE
8
BLACK
6
CONTINUOUS
10
6.8404334645669289
20
-1.8050238976377952
11
6.8447212992125985
21
-1.811441062992126
0
LINE
8
BLACK
6
CONTINUOUS
10
6.8447212992125985
20
-1.811441062992126
11
6.847674803149606
21
-1.8185714566929134
0
LINE
8
BLACK
6
CONTINUOUS
10
6.847674803149606
20
-1.8185714566929134
11
6.8491805118110234
21
-1.826141062992126
0
LINE
8
BLACK
6
CONTINUOUS
10
6.8491805118110234
20
-1.826141062992126
11
6.8491805118110234
21
-1.8338589370078739
0
LINE
8
BLACK
6
CONTINUOUS
10
6.8491805118110234
20
-1.8338589370078739
11
6.847674803149606
21
-1.8414285433070865
0
LINE
8
BLACK
6
CONTINUOUS
10
6.847674803149606
20
-1.8414285433070865
11
6.8447212992125985
21
-1.8485589370078739
0
LINE
8
BLACK
6
CONTINUOUS
10
6.8447212992125985
20
-1.8485589370078739
11
6.8404334645669289
21
-1.8549761023622047
0
LINE
8
BLACK
6
CONTINUOUS
10
6.8404334645669289
20
-1.8549761023622047
11
6.8349761023622042
21
-1.8604334645669292
0
LINE
8
BLACK
6
CONTINUOUS
10
6.8349761023622042
20
-1.8604334645669292
11
6.8285589370078741
21
-1.8647212992125983
0
LINE
8
BLACK
6
CONTINUOUS
10
6.8285589370078741
20
-1.8647212992125983
11
6.8214285433070865
21
-1.8676748031496062
0
LINE
8
BLACK
6
CONTINUOUS
10
6.8214285433070865
20
-1.8676748031496062
11
6.8138589370078737
21
-1.8691805118110236
0
LINE
8
BLACK
6
CONTINUOUS
10
6.8138589370078737
20
-1.8691805118110236
11
6.8061410629921255
21
-1.8691805118110236
0
LINE
8
BLACK
6
CONTINUOUS
10
6.8061410629921255
20
-1.8691805118110236
11
6.7985714566929136
21
-1.8676748031496062
0
LINE
8
BLACK
6
CONTINUOUS
10
6.7985714566929136
20
-1.8676748031496062
11
6.791441062992126
21
-1.8647212992125983
0
LINE
8
BLACK
6
CONTINUOUS
10
6.791441062992126
20
-1.8647212992125983
11
6.785023897637795
21
-1.8604334645669292
0
LINE
8
BLACK
6
CONTINUOUS
10
6.785023897637795
20
-1.8604334645669292
11
6.7795665354330703
21
-1.8549761023622047
0
LINE
8
BLACK
6
CONTINUOUS
10
6.7795665354330703
20
-1.8549761023622047
11
6.7752787007874016
21
-1.8485589370078739
0
LINE
8
BLACK
6
CONTINUOUS
10
6.7752787007874016
20
-1.8485589370078739
11
6.7723251968503932
21
-1.8414285433070865
0
LINE
8
BLACK
6
CONTINUOUS
10
6.7723251968503932
20
-1.8414285433070865
11
6.7708194881889758
21
-1.8338589370078739
0
LINE
8
BLACK
6
CONTINUOUS
10
6.7708194881889758
20
-1.8338589370078739
11
6.7708194881889758
21
-1.826141062992126
0
LINE
8
BLACK
6
CONTINUOUS
10
6.7708194881889758
20
-1.826141062992126
11
6.7723251968503932
21
-1.8185714566929134
0
LINE
8
BLACK
6
CONTINUOUS
10
6.7723251968503932
20
-1.8185714566929134
11
6.7752787007874016
21
-1.811441062992126
0
LINE
8
BLACK
6
CONTINUOUS
10
6.7752787007874016
20
-1.811441062992126
11
6.7795665354330703
21
-1.8050238976377952
0
LINE
8
BLACK
6
CONTINUOUS
10
6.7795665354330703
20
-1.8050238976377952
11
6.785023897637795
21
-1.7995665354330708
0
LINE
8
BLACK
6
CONTINUOUS
10
6.785023897637795
20
-1.7995665354330708
11
6.791441062992126
21
-1.7952787007874016
0
LINE
8
BLACK
6
CONTINUOUS
10
6.791441062992126
20
-1.7952787007874016
11
6.7985714566929136
21
-1.7923251968503937
0
LINE
8
BLACK
6
CONTINUOUS
10
6.7985714566929136
20
-1.7923251968503937
11
6.8061410629921255
21
-1.7908194881889763
0
LINE
8
BLACK
6
CONTINUOUS
10
6.8061410629921255
20
-1.7908194881889763
11
6.8138589370078737
21
-1.7908194881889763
0
LINE
8
BLACK
6
CONTINUOUS
10
6.8138589370078737
20
-1.7908194881889763
11
6.8214285433070865
21
-1.7923251968503937
0
LINE
8
BLACK
6
CONTINUOUS
10
7.0114285433070869
20
-1.7923251968503937
11
7.0185589370078736
21
-1.7952787007874016
0
LINE
8
BLACK
6
CONTINUOUS
10
7.0185589370078736
20
-1.7952787007874016
11
7.0249761023622046
21
-1.7995665354330708
0
LINE
8
BLACK
6
CONTINUOUS
10
7.0249761023622046
20
-1.7995665354330708
11
7.0304334645669293
21
-1.8050238976377952
0
LINE
8
BLACK
6
CONTINUOUS
10
7.0304334645669293
20
-1.8050238976377952
11
7.034721299212598
21
-1.811441062992126
0
LINE
8
BLACK
6
CONTINUOUS
10
7.034721299212598
20
-1.811441062992126
11
7.0376748031496064
21
-1.8185714566929134
0
LINE
8
BLACK
6
CONTINUOUS
10
7.0376748031496064
20
-1.8185714566929134
11
7.0391805118110238
21
-1.826141062992126
0
LINE
8
BLACK
6
CONTINUOUS
10
7.0391805118110238
20
-1.826141062992126
11
7.0391805118110238
21
-1.8338589370078739
0
LINE
8
BLACK
6
CONTINUOUS
10
7.0391805118110238
20
-1.8338589370078739
11
7.0376748031496064
21
-1.8414285433070865
0
LINE
8
BLACK
6
CONTINUOUS
10
7.0376748031496064
20
-1.8414285433070865
11
7.034721299212598
21
-1.8485589370078739
0
LINE
8
BLACK
6
CONTINUOUS
10
7.034721299212598
20
-1.8485589370078739
11
7.0304334645669293
21
-1.8549761023622047
0
LINE
8
BLACK
6
CONTINUOUS
10
7.0304334645669293
20
-1.8549761023622047
11
7.0249761023622046
21
-1.8604334645669292
0
LINE
8
BLACK
6
CONTINUOUS
10
7.0249761023622046
20
-1.8604334645669292
11
7.0185589370078736
21
-1.8647212992125983
0
LINE
8
BLACK
6
CONTINUOUS
10
7.0185589370078736
20
-1.8647212992125983
11
7.0114285433070869
21
-1.8676748031496062
0
LINE
8
BLACK
6
CONTINUOUS
10
7.0114285433070869
20
-1.8676748031496062
11
7.0038589370078741
21
-1.8691805118110236
0
LINE
8
BLACK
6
CONTINUOUS
10
7.0038589370078741
20
-1.8691805118110236
11
6.9961410629921259
21
-1.8691805118110236
0
LINE
8
BLACK
6
CONTINUOUS
10
6.9961410629921259
20
-1.8691805118110236
11
6.9885714566929131
21
-1.8676748031496062
0
LINE
8
BLACK
6
CONTINUOUS
10
6.9885714566929131
20
-1.8676748031496062
11
6.9814410629921255
21
-1.8647212992125983
0
LINE
8
BLACK
6
CONTINUOUS
10
6.9814410629921255
20
-1.8647212992125983
11
6.9750238976377954
21
-1.8604334645669292
0
LINE
8
BLACK
6
CONTINUOUS
10
6.9750238976377954
20
-1.8604334645669292
11
6.9695665354330707
21
-1.8549761023622047
0
LINE
8
BLACK
6
CONTINUOUS
10
6.9695665354330707
20
-1.8549761023622047
11
6.9652787007874011
21
-1.8485589370078739
0
LINE
8
BLACK
6
CONTINUOUS
10
6.9652787007874011
20
-1.8485589370078739
11
6.9623251968503936
21
-1.8414285433070865
0
LINE
8
BLACK
6
CONTINUOUS
10
6.9623251968503936
20
-1.8414285433070865
11
6.9608194881889762
21
-1.8338589370078739
0
LINE
8
BLACK
6
CONTINUOUS
10
6.9608194881889762
20
-1.8338589370078739
11
6.9608194881889762
21
-1.826141062992126
0
LINE
8
BLACK
6
CONTINUOUS
10
6.9608194881889762
20
-1.826141062992126
11
6.9623251968503936
21
-1.8185714566929134
0
LINE
8
BLACK
6
CONTINUOUS
10
6.9623251968503936
20
-1.8185714566929134
11
6.9652787007874011
21
-1.811441062992126
0
LINE
8
BLACK
6
CONTINUOUS
10
6.9652787007874011
20
-1.811441062992126
11
6.9695665354330707
21
-1.8050238976377952
0
LINE
8
BLACK
6
CONTINUOUS
10
6.9695665354330707
20
-1.8050238976377952
11
6.9750238976377954
21
-1.7995665354330708
0
LINE
8
BLACK
6
CONTINUOUS
10
6.9750238976377954
20
-1.7995665354330708
11
6.9814410629921255
21
-1.7952787007874016
0
LINE
8
BLACK
6
CONTINUOUS
10
6.9814410629921255
20
-1.7952787007874016
11
6.9885714566929131
21
-1.7923251968503937
0
LINE
8
BLACK
6
CONTINUOUS
10
6.9885714566929131
20
-1.7923251968503937
11
6.9961410629921259
21
-1.7908194881889763
0
LINE
8
BLACK
6
CONTINUOUS
10
6.9961410629921259
20
-1.7908194881889763
11
7.0038589370078741
21
-1.7908194881889763
0
LINE
8
BLACK
6
CONTINUOUS
10
7.0038589370078741
20
-1.7908194881889763
11
7.0114285433070869
21
-1.7923251968503937
0
LINE
8
BLACK
6
CONTINUOUS
10
3.1144371653543308
20
-1.759220157480315
11
3.1227356692913384
21
-1.7605345275590552
0
LINE
8
BLACK
6
CONTINUOUS
10
3.1227356692913384
20
-1.7605345275590552
11
3.1307263385826771
21
-1.7631308661417322
0
LINE
8
BLACK
6
CONTINUOUS
10
3.1307263385826771
20
-1.7631308661417322
11
3.1382125196850392
21
-1.7669452362204725
0
LINE
8
BLACK
6
CONTINUOUS
10
3.1382125196850392
20
-1.7669452362204725
11
3.1450098031496063
21
-1.771883779527559
0
LINE
8
BLACK
6
CONTINUOUS
10
3.1450098031496063
20
-1.771883779527559
11
3.150950866141732
21
-1.777824842519685
0
LINE
8
BLACK
6
CONTINUOUS
10
3.150950866141732
20
-1.777824842519685
11
3.155889409448819
21
-1.7846221259842519
0
LINE
8
BLACK
6
CONTINUOUS
10
3.155889409448819
20
-1.7846221259842519
11
3.1597037795275589
21
-1.7921083070866142
0
LINE
8
BLACK
6
CONTINUOUS
10
3.1597037795275589
20
-1.7921083070866142
11
3.1623001181102364
21
-1.8000989763779527
0
LINE
8
BLACK
6
CONTINUOUS
10
3.1623001181102364
20
-1.8000989763779527
11
3.1636144881889763
21
-1.8083974803149605
0
LINE
8
BLACK
6
CONTINUOUS
10
3.1636144881889763
20
-1.8083974803149605
11
3.1636144881889763
21
-1.8167993700787402
0
LINE
8
BLACK
6
CONTINUOUS
10
3.1636144881889763
20
-1.8167993700787402
11
3.1623001181102364
21
-1.825097874015748
0
LINE
8
BLACK
6
CONTINUOUS
10
3.1623001181102364
20
-1.825097874015748
11
3.1597037795275589
21
-1.8330885433070865
0
LINE
8
BLACK
6
CONTINUOUS
10
3.1597037795275589
20
-1.8330885433070865
11
3.155889409448819
21
-1.8405747244094488
0
LINE
8
BLACK
6
CONTINUOUS
10
3.155889409448819
20
-1.8405747244094488
11
3.150950866141732
21
-1.8473720078740157
0
LINE
8
BLACK
6
CONTINUOUS
10
3.150950866141732
20
-1.8473720078740157
11
3.1450098031496063
21
-1.8533130708661416
0
LINE
8
BLACK
6
CONTINUOUS
10
3.1450098031496063
20
-1.8533130708661416
11
3.1382125196850392
21
-1.8582516141732284
0
LINE
8
BLACK
6
CONTINUOUS
10
3.1382125196850392
20
-1.8582516141732284
11
3.1307263385826771
21
-1.8620659842519685
0
LINE
8
BLACK
6
CONTINUOUS
10
3.1307263385826771
20
-1.8620659842519685
11
3.1227356692913384
21
-1.8646623228346457
0
LINE
8
BLACK
6
CONTINUOUS
10
3.1227356692913384
20
-1.8646623228346457
11
3.1144371653543308
21
-1.8659766929133859
0
LINE
8
BLACK
6
CONTINUOUS
10
3.1144371653543308
20
-1.8659766929133859
11
3.1102362204724407
21
-1.8661417322834646
0
LINE
8
BLACK
6
CONTINUOUS
10
3.1102362204724407
20
-1.8661417322834646
11
3.089763779527559
21
-1.8661417322834646
0
LINE
8
BLACK
6
CONTINUOUS
10
3.089763779527559
20
-1.8661417322834646
11
3.0855628346456694
21
-1.8659766929133859
0
LINE
8
BLACK
6
CONTINUOUS
10
3.0855628346456694
20
-1.8659766929133859
11
3.0772643307086613
21
-1.8646623228346457
0
LINE
8
BLACK
6
CONTINUOUS
10
3.0772643307086613
20
-1.8646623228346457
11
3.0692736614173226
21
-1.8620659842519685
0
LINE
8
BLACK
6
CONTINUOUS
10
3.0692736614173226
20
-1.8620659842519685
11
3.0617874803149605
21
-1.8582516141732284
0
LINE
8
BLACK
6
CONTINUOUS
10
3.0617874803149605
20
-1.8582516141732284
11
3.0549901968503934
21
-1.8533130708661416
0
LINE
8
BLACK
6
CONTINUOUS
10
3.0549901968503934
20
-1.8533130708661416
11
3.0490491338582677
21
-1.8473720078740157
0
LINE
8
BLACK
6
CONTINUOUS
10
3.0490491338582677
20
-1.8473720078740157
11
3.0441105905511812
21
-1.8405747244094488
0
LINE
8
BLACK
6
CONTINUOUS
10
3.0441105905511812
20
-1.8405747244094488
11
3.0402962204724409
21
-1.8330885433070865
0
LINE
8
BLACK
6
CONTINUOUS
10
3.0402962204724409
20
-1.8330885433070865
11
3.0376998818897638
21
-1.825097874015748
0
LINE
8
BLACK
6
CONTINUOUS
10
3.0376998818897638
20
-1.825097874015748
11
3.0363855118110235
21
-1.8167993700787402
0
LINE
8
BLACK
6
CONTINUOUS
10
3.0363855118110235
20
-1.8167993700787402
11
3.0363855118110235
21
-1.8083974803149605
0
LINE
8
BLACK
6
CONTINUOUS
10
3.0363855118110235
20
-1.8083974803149605
11
3.0376998818897638
21
-1.8000989763779527
0
LINE
8
BLACK
6
CONTINUOUS
10
3.0376998818897638
20
-1.8000989763779527
11
3.0402962204724409
21
-1.7921083070866142
0
LINE
8
BLACK
6
CONTINUOUS
10
3.0402962204724409
20
-1.7921083070866142
11
3.0441105905511812
21
-1.7846221259842519
0
LINE
8
BLACK
6
CONTINUOUS
10
3.0441105905511812
20
-1.7846221259842519
11
3.0490491338582677
21
-1.777824842519685
0
LINE
8
BLACK
6
CONTINUOUS
10
3.0490491338582677
20
-1.777824842519685
11
3.0549901968503934
21
-1.771883779527559
0
LINE
8
BLACK
6
CONTINUOUS
10
3.0549901968503934
20
-1.771883779527559
11
3.0617874803149605
21
-1.7669452362204725
0
LINE
8
BLACK
6
CONTINUOUS
10
3.0617874803149605
20
-1.7669452362204725
11
3.0692736614173226
21
-1.7631308661417322
0
LINE
8
BLACK
6
CONTINUOUS
10
3.0692736614173226
20
-1.7631308661417322
11
3.0772643307086613
21
-1.7605345275590552
0
LINE
8
BLACK
6
CONTINUOUS
10
3.0772643307086613
20
-1.7605345275590552
11
3.0855628346456694
21
-1.759220157480315
0
LINE
8
BLACK
6
CONTINUOUS
10
3.0855628346456694
20
-1.759220157480315
11
3.089763779527559
21
-1.7590551181102361
0
LINE
8
BLACK
6
CONTINUOUS
10
3.089763779527559
20
-1.7590551181102361
11
3.1102362204724407
21
-1.7590551181102361
0
LINE
8
BLACK
6
CONTINUOUS
10
3.1102362204724407
20
-1.7590551181102361
11
3.1144371653543308
21
-1.759220157480315
0
LINE
8
BLACK
6
CONTINUOUS
10
4.7144371653543304
20
-1.7560705511811023
11
4.722735669291338
21
-1.7573849212598425
0
LINE
8
BLACK
6
CONTINUOUS
10
4.722735669291338
20
-1.7573849212598425
11
4.7307263385826772
21
-1.7599812598425197
0
LINE
8
BLACK
6
CONTINUOUS
10
4.7307263385826772
20
-1.7599812598425197
11
4.7382125196850389
21
-1.7637956299212598
0
LINE
8
BLACK
6
CONTINUOUS
10
4.7382125196850389
20
-1.7637956299212598
11
4.745009803149606
21
-1.7687341732283464
0
LINE
8
BLACK
6
CONTINUOUS
10
4.745009803149606
20
-1.7687341732283464
11
4.7509508661417321
21
-1.7746752362204723
0
LINE
8
BLACK
6
CONTINUOUS
10
4.7509508661417321
20
-1.7746752362204723
11
4.7558894094488187
21
-1.7814725196850394
0
LINE
8
BLACK
6
CONTINUOUS
10
4.7558894094488187
20
-1.7814725196850394
11
4.759703779527559
21
-1.7889587007874015
0
LINE
8
BLACK
6
CONTINUOUS
10
4.759703779527559
20
-1.7889587007874015
11
4.762300118110236
21
-1.7969493700787402
0
LINE
8
BLACK
6
CONTINUOUS
10
4.762300118110236
20
-1.7969493700787402
11
4.7636144881889759
21
-1.805247874015748
0
LINE
8
BLACK
6
CONTINUOUS
10
4.7636144881889759
20
-1.805247874015748
11
4.7636144881889759
21
-1.8136497637795275
0
LINE
8
BLACK
6
CONTINUOUS
10
4.7636144881889759
20
-1.8136497637795275
11
4.762300118110236
21
-1.8219482677165353
0
LINE
8
BLACK
6
CONTINUOUS
10
4.762300118110236
20
-1.8219482677165353
11
4.759703779527559
21
-1.829938937007874
0
LINE
8
BLACK
6
CONTINUOUS
10
4.759703779527559
20
-1.829938937007874
11
4.7558894094488187
21
-1.8374251181102361
0
LINE
8
BLACK
6
CONTINUOUS
10
4.7558894094488187
20
-1.8374251181102361
11
4.7509508661417321
21
-1.8442224015748032
0
LINE
8
BLACK
6
CONTINUOUS
10
4.7509508661417321
20
-1.8442224015748032
11
4.745009803149606
21
-1.8501634645669292
0
LINE
8
BLACK
6
CONTINUOUS
10
4.745009803149606
20
-1.8501634645669292
11
4.7382125196850389
21
-1.8551020078740157
0
LINE
8
BLACK
6
CONTINUOUS
10
4.7382125196850389
20
-1.8551020078740157
11
4.7307263385826772
21
-1.8589163779527558
0
LINE
8
BLACK
6
CONTINUOUS
10
4.7307263385826772
20
-1.8589163779527558
11
4.722735669291338
21
-1.861512716535433
0
LINE
8
BLACK
6
CONTINUOUS
10
4.722735669291338
20
-1.861512716535433
11
4.7144371653543304
21
-1.8628270866141732
0
LINE
8
BLACK
6
CONTINUOUS
10
4.7144371653543304
20
-1.8628270866141732
11
4.7102362204724404
21
-1.8629921259842519
0
LINE
8
BLACK
6
CONTINUOUS
10
4.7102362204724404
20
-1.8629921259842519
11
4.6897637795275591
21
-1.8629921259842519
0
LINE
8
BLACK
6
CONTINUOUS
10
4.6897637795275591
20
-1.8629921259842519
11
4.685562834645669
21
-1.8628270866141732
0
LINE
8
BLACK
6
CONTINUOUS
10
4.685562834645669
20
-1.8628270866141732
11
4.6772643307086614
21
-1.861512716535433
0
LINE
8
BLACK
6
CONTINUOUS
10
4.6772643307086614
20
-1.861512716535433
11
4.6692736614173231
21
-1.8589163779527558
0
LINE
8
BLACK
6
CONTINUOUS
10
4.6692736614173231
20
-1.8589163779527558
11
4.6617874803149606
21
-1.8551020078740157
0
LINE
8
BLACK
6
CONTINUOUS
10
4.6617874803149606
20
-1.8551020078740157
11
4.6549901968503935
21
-1.8501634645669292
0
LINE
8
BLACK
6
CONTINUOUS
10
4.6549901968503935
20
-1.8501634645669292
11
4.6490491338582673
21
-1.8442224015748032
0
LINE
8
BLACK
6
CONTINUOUS
10
4.6490491338582673
20
-1.8442224015748032
11
4.6441105905511808
21
-1.8374251181102361
0
LINE
8
BLACK
6
CONTINUOUS
10
4.6441105905511808
20
-1.8374251181102361
11
4.6402962204724405
21
-1.829938937007874
0
LINE
8
BLACK
6
CONTINUOUS
10
4.6402962204724405
20
-1.829938937007874
11
4.6376998818897635
21
-1.8219482677165353
0
LINE
8
BLACK
6
CONTINUOUS
10
4.6376998818897635
20
-1.8219482677165353
11
4.6363855118110235
21
-1.8136497637795275
0
LINE
8
BLACK
6
CONTINUOUS
10
4.6363855118110235
20
-1.8136497637795275
11
4.6363855118110235
21
-1.805247874015748
0
LINE
8
BLACK
6
CONTINUOUS
10
4.6363855118110235
20
-1.805247874015748
11
4.6376998818897635
21
-1.7969493700787402
0
LINE
8
BLACK
6
CONTINUOUS
10
4.6376998818897635
20
-1.7969493700787402
11
4.6402962204724405
21
-1.7889587007874015
0
LINE
8
BLACK
6
CONTINUOUS
10
4.6402962204724405
20
-1.7889587007874015
11
4.6441105905511808
21
-1.7814725196850394
0
LINE
8
BLACK
6
CONTINUOUS
10
4.6441105905511808
20
-1.7814725196850394
11
4.6490491338582673
21
-1.7746752362204723
0
LINE
8
BLACK
6
CONTINUOUS
10
4.6490491338582673
20
-1.7746752362204723
11
4.6549901968503935
21
-1.7687341732283464
0
LINE
8
BLACK
6
CONTINUOUS
10
4.6549901968503935
20
-1.7687341732283464
11
4.6617874803149606
21
-1.7637956299212598
0
LINE
8
BLACK
6
CONTINUOUS
10
4.6617874803149606
20
-1.7637956299212598
11
4.6692736614173231
21
-1.7599812598425197
0
LINE
8
BLACK
6
CONTINUOUS
10
4.6692736614173231
20
-1.7599812598425197
11
4.6772643307086614
21
-1.7573849212598425
0
LINE
8
BLACK
6
CONTINUOUS
10
4.6772643307086614
20
-1.7573849212598425
11
4.685562834645669
21
-1.7560705511811023
0
LINE
8
BLACK
6
CONTINUOUS
10
4.685562834645669
20
-1.7560705511811023
11
4.6897637795275591
21
-1.7559055118110236
0
LINE
8
BLACK
6
CONTINUOUS
10
4.6897637795275591
20
-1.7559055118110236
11
4.7102362204724404
21
-1.7559055118110236
0
LINE
8
BLACK
6
CONTINUOUS
10
4.7102362204724404
20
-1.7559055118110236
11
4.7144371653543304
21
-1.7560705511811023
0
LINE
8
BLACK
6
CONTINUOUS
10
3.6097142519685037
20
-1.7679764173228345
11
3.6157750787401572
21
-1.7704868897637795
0
LINE
8
BLACK
6
CONTINUOUS
10
3.6157750787401572
20
-1.7704868897637795
11
3.6212296850393701
21
-1.7741315354330709
0
LINE
8
BLACK
6
CONTINUOUS
10
3.6212296850393701
20
-1.7741315354330709
11
3.625868464566929
21
-1.77877031496063
0
LINE
8
BLACK
6
CONTINUOUS
10
3.625868464566929
20
-1.77877031496063
11
3.6295131102362204
21
-1.7842249212598424
0
LINE
8
BLACK
6
CONTINUOUS
10
3.6295131102362204
20
-1.7842249212598424
11
3.6320235826771654
21
-1.790285748031496
0
LINE
8
BLACK
6
CONTINUOUS
10
3.6320235826771654
20
-1.790285748031496
11
3.6333034251968503
21
-1.7967198818897638
0
LINE
8
BLACK
6
CONTINUOUS
10
3.6333034251968503
20
-1.7967198818897638
11
3.6333034251968503
21
-1.8032801181102363
0
LINE
8
BLACK
6
CONTINUOUS
10
3.6333034251968503
20
-1.8032801181102363
11
3.6320235826771654
21
-1.8097142519685039
0
LINE
8
BLACK
6
CONTINUOUS
10
3.6320235826771654
20
-1.8097142519685039
11
3.6295131102362204
21
-1.8157750787401574
0
LINE
8
BLACK
6
CONTINUOUS
10
3.6295131102362204
20
-1.8157750787401574
11
3.625868464566929
21
-1.8212296850393701
0
LINE
8
BLACK
6
CONTINUOUS
10
3.625868464566929
20
-1.8212296850393701
11
3.6212296850393701
21
-1.8258684645669292
0
LINE
8
BLACK
6
CONTINUOUS
10
3.6212296850393701
20
-1.8258684645669292
11
3.6157750787401572
21
-1.8295131102362205
0
LINE
8
BLACK
6
CONTINUOUS
10
3.6157750787401572
20
-1.8295131102362205
11
3.6097142519685037
21
-1.8320235826771654
0
LINE
8
BLACK
6
CONTINUOUS
10
3.6097142519685037
20
-1.8320235826771654
11
3.6032801181102361
21
-1.8333034251968503
0
LINE
8
BLACK
6
CONTINUOUS
10
3.6032801181102361
20
-1.8333034251968503
11
3.5967198818897637
21
-1.8333034251968503
0
LINE
8
BLACK
6
CONTINUOUS
10
3.5967198818897637
20
-1.8333034251968503
11
3.590285748031496
21
-1.8320235826771654
0
LINE
8
BLACK
6
CONTINUOUS
10
3.590285748031496
20
-1.8320235826771654
11
3.5842249212598425
21
-1.8295131102362205
0
LINE
8
BLACK
6
CONTINUOUS
10
3.5842249212598425
20
-1.8295131102362205
11
3.57877031496063
21
-1.8258684645669292
0
LINE
8
BLACK
6
CONTINUOUS
10
3.57877031496063
20
-1.8258684645669292
11
3.5741315354330707
21
-1.8212296850393701
0
LINE
8
BLACK
6
CONTINUOUS
10
3.5741315354330707
20
-1.8212296850393701
11
3.5704868897637794
21
-1.8157750787401574
0
LINE
8
BLACK
6
CONTINUOUS
10
3.5704868897637794
20
-1.8157750787401574
11
3.5679764173228348
21
-1.8097142519685039
0
LINE
8
BLACK
6
CONTINUOUS
10
3.5679764173228348
20
-1.8097142519685039
11
3.5666965748031494
21
-1.8032801181102363
0
LINE
8
BLACK
6
CONTINUOUS
10
3.5666965748031494
20
-1.8032801181102363
11
3.5666965748031494
21
-1.7967198818897638
0
LINE
8
BLACK
6
CONTINUOUS
10
3.5666965748031494
20
-1.7967198818897638
11
3.5679764173228348
21
-1.790285748031496
0
LINE
8
BLACK
6
CONTINUOUS
10
3.5679764173228348
20
-1.790285748031496
11
3.5704868897637794
21
-1.7842249212598424
0
LINE
8
BLACK
6
CONTINUOUS
10
3.5704868897637794
20
-1.7842249212598424
11
3.5741315354330707
21
-1.77877031496063
0
LINE
8
BLACK
6
CONTINUOUS
10
3.5741315354330707
20
-1.77877031496063
11
3.57877031496063
21
-1.7741315354330709
0
LINE
8
BLACK
6
CONTINUOUS
10
3.57877031496063
20
-1.7741315354330709
11
3.5842249212598425
21
-1.7704868897637795
0
LINE
8
BLACK
6
CONTINUOUS
10
3.5842249212598425
20
-1.7704868897637795
11
3.590285748031496
21
-1.7679764173228345
0
LINE
8
BLACK
6
CONTINUOUS
10
3.590285748031496
20
-1.7679764173228345
11
3.5967198818897637
21
-1.7666965748031496
0
LINE
8
BLACK
6
CONTINUOUS
10
3.5967198818897637
20
-1.7666965748031496
11
3.6032801181102361
21
-1.7666965748031496
0
LINE
8
BLACK
6
CONTINUOUS
10
3.6032801181102361
20
-1.7666965748031496
11
3.6097142519685037
21
-1.7679764173228345
0
LINE
8
BLACK
6
CONTINUOUS
10
5.2097142519685038
20
-1.7679764173228345
11
5.2157750787401573
21
-1.7704868897637795
0
LINE
8
BLACK
6
CONTINUOUS
10
5.2157750787401573
20
-1.7704868897637795
11
5.2212296850393702
21
-1.7741315354330709
0
LINE
8
BLACK
6
CONTINUOUS
10
5.2212296850393702
20
-1.7741315354330709
11
5.2258684645669291
21
-1.77877031496063
0
LINE
8
BLACK
6
CONTINUOUS
10
5.2258684645669291
20
-1.77877031496063
11
5.22951311023622
21
-1.7842249212598424
0
LINE
8
BLACK
6
CONTINUOUS
10
5.22951311023622
20
-1.7842249212598424
11
5.2320235826771651
21
-1.790285748031496
0
LINE
8
BLACK
6
CONTINUOUS
10
5.2320235826771651
20
-1.790285748031496
11
5.2333034251968504
21
-1.7967198818897638
0
LINE
8
BLACK
6
CONTINUOUS
10
5.2333034251968504
20
-1.7967198818897638
11
5.2333034251968504
21
-1.8032801181102363
0
LINE
8
BLACK
6
CONTINUOUS
10
5.2333034251968504
20
-1.8032801181102363
11
5.2320235826771651
21
-1.8097142519685039
0
LINE
8
BLACK
6
CONTINUOUS
10
5.2320235826771651
20
-1.8097142519685039
11
5.22951311023622
21
-1.8157750787401574
0
LINE
8
BLACK
6
CONTINUOUS
10
5.22951311023622
20
-1.8157750787401574
11
5.2258684645669291
21
-1.8212296850393701
0
LINE
8
BLACK
6
CONTINUOUS
10
5.2258684645669291
20
-1.8212296850393701
11
5.2212296850393702
21
-1.8258684645669292
0
LINE
8
BLACK
6
CONTINUOUS
10
5.2212296850393702
20
-1.8258684645669292
11
5.2157750787401573
21
-1.8295131102362205
0
LINE
8
BLACK
6
CONTINUOUS
10
5.2157750787401573
20
-1.8295131102362205
11
5.2097142519685038
21
-1.8320235826771654
0
LINE
8
BLACK
6
CONTINUOUS
10
5.2097142519685038
20
-1.8320235826771654
11
5.2032801181102357
21
-1.8333034251968503
0
LINE
8
BLACK
6
CONTINUOUS
10
5.2032801181102357
20
-1.8333034251968503
11
5.1967198818897637
21
-1.8333034251968503
0
LINE
8
BLACK
6
CONTINUOUS
10
5.1967198818897637
20
-1.8333034251968503
11
5.1902857480314957
21
-1.8320235826771654
0
LINE
8
BLACK
6
CONTINUOUS
10
5.1902857480314957
20
-1.8320235826771654
11
5.1842249212598421
21
-1.8295131102362205
0
LINE
8
BLACK
6
CONTINUOUS
10
5.1842249212598421
20
-1.8295131102362205
11
5.1787703149606301
21
-1.8258684645669292
0
LINE
8
BLACK
6
CONTINUOUS
10
5.1787703149606301
20
-1.8258684645669292
11
5.1741315354330704
21
-1.8212296850393701
0
LINE
8
BLACK
6
CONTINUOUS
10
5.1741315354330704
20
-1.8212296850393701
11
5.1704868897637795
21
-1.8157750787401574
0
LINE
8
BLACK
6
CONTINUOUS
10
5.1704868897637795
20
-1.8157750787401574
11
5.1679764173228344
21
-1.8097142519685039
0
LINE
8
BLACK
6
CONTINUOUS
10
5.1679764173228344
20
-1.8097142519685039
11
5.1666965748031499
21
-1.8032801181102363
0
LINE
8
BLACK
6
CONTINUOUS
10
5.1666965748031499
20
-1.8032801181102363
11
5.1666965748031499
21
-1.7967198818897638
0
LINE
8
BLACK
6
CONTINUOUS
10
5.1666965748031499
20
-1.7967198818897638
11
5.1679764173228344
21
-1.790285748031496
0
LINE
8
BLACK
6
CONTINUOUS
10
5.1679764173228344
20
-1.790285748031496
11
5.1704868897637795
21
-1.7842249212598424
0
LINE
8
BLACK
6
CONTINUOUS
10
5.1704868897637795
20
-1.7842249212598424
11
5.1741315354330704
21
-1.77877031496063
0
LINE
8
BLACK
6
CONTINUOUS
10
5.1741315354330704
20
-1.77877031496063
11
5.1787703149606301
21
-1.7741315354330709
0
LINE
8
BLACK
6
CONTINUOUS
10
5.1787703149606301
20
-1.7741315354330709
11
5.1842249212598421
21
-1.7704868897637795
0
LINE
8
BLACK
6
CONTINUOUS
10
5.1842249212598421
20
-1.7704868897637795
11
5.1902857480314957
21
-1.7679764173228345
0
LINE
8
BLACK
6
CONTINUOUS
10
5.1902857480314957
20
-1.7679764173228345
11
5.1967198818897637
21
-1.7666965748031496
0
LINE
8
BLACK
6
CONTINUOUS
10
5.1967198818897637
20
-1.7666965748031496
11
5.2032801181102357
21
-1.7666965748031496
0
LINE
8
BLACK
6
CONTINUOUS
10
5.2032801181102357
20
-1.7666965748031496
11
5.2097142519685038
21
-1.7679764173228345
0
LINE
8
BLACK
6
CONTINUOUS
10
3.6097142519685037
20
-1.6679764173228346
11
3.6157750787401572
21
-1.6704868897637795
0
LINE
8
BLACK
6
CONTINUOUS
10
3.6157750787401572
20
-1.6704868897637795
11
3.6212296850393701
21
-1.6741315354330708
0
LINE
8
BLACK
6
CONTINUOUS
10
3.6212296850393701
20
-1.6741315354330708
11
3.625868464566929
21
-1.6787703149606299
0
LINE
8
BLACK
6
CONTINUOUS
10
3.625868464566929
20
-1.6787703149606299
11
3.6295131102362204
21
-1.6842249212598426
0
LINE
8
BLACK
6
CONTINUOUS
10
3.6295131102362204
20
-1.6842249212598426
11
3.6320235826771654
21
-1.6902857480314961
0
LINE
8
BLACK
6
CONTINUOUS
10
3.6320235826771654
20
-1.6902857480314961
11
3.6333034251968503
21
-1.6967198818897637
0
LINE
8
BLACK
6
CONTINUOUS
10
3.6333034251968503
20
-1.6967198818897637
11
3.6333034251968503
21
-1.7032801181102362
0
LINE
8
BLACK
6
CONTINUOUS
10
3.6333034251968503
20
-1.7032801181102362
11
3.6320235826771654
21
-1.7097142519685038
0
LINE
8
BLACK
6
CONTINUOUS
10
3.6320235826771654
20
-1.7097142519685038
11
3.6295131102362204
21
-1.7157750787401573
0
LINE
8
BLACK
6
CONTINUOUS
10
3.6295131102362204
20
-1.7157750787401573
11
3.625868464566929
21
-1.72122968503937
0
LINE
8
BLACK
6
CONTINUOUS
10
3.625868464566929
20
-1.72122968503937
11
3.6212296850393701
21
-1.7258684645669291
0
LINE
8
BLACK
6
CONTINUOUS
10
3.6212296850393701
20
-1.7258684645669291
11
3.6157750787401572
21
-1.7295131102362205
0
LINE
8
BLACK
6
CONTINUOUS
10
3.6157750787401572
20
-1.7295131102362205
11
3.6097142519685037
21
-1.7320235826771653
0
LINE
8
BLACK
6
CONTINUOUS
10
3.6097142519685037
20
-1.7320235826771653
11
3.6032801181102361
21
-1.7333034251968504
0
LINE
8
BLACK
6
CONTINUOUS
10
3.6032801181102361
20
-1.7333034251968504
11
3.5967198818897637
21
-1.7333034251968504
0
LINE
8
BLACK
6
CONTINUOUS
10
3.5967198818897637
20
-1.7333034251968504
11
3.590285748031496
21
-1.7320235826771653
0
LINE
8
BLACK
6
CONTINUOUS
10
3.590285748031496
20
-1.7320235826771653
11
3.5842249212598425
21
-1.7295131102362205
0
LINE
8
BLACK
6
CONTINUOUS
10
3.5842249212598425
20
-1.7295131102362205
11
3.57877031496063
21
-1.7258684645669291
0
LINE
8
BLACK
6
CONTINUOUS
10
3.57877031496063
20
-1.7258684645669291
11
3.5741315354330707
21
-1.72122968503937
0
LINE
8
BLACK
6
CONTINUOUS
10
3.5741315354330707
20
-1.72122968503937
11
3.5704868897637794
21
-1.7157750787401573
0
LINE
8
BLACK
6
CONTINUOUS
10
3.5704868897637794
20
-1.7157750787401573
11
3.5679764173228348
21
-1.7097142519685038
0
LINE
8
BLACK
6
CONTINUOUS
10
3.5679764173228348
20
-1.7097142519685038
11
3.5666965748031494
21
-1.7032801181102362
0
LINE
8
BLACK
6
CONTINUOUS
10
3.5666965748031494
20
-1.7032801181102362
11
3.5666965748031494
21
-1.6967198818897637
0
LINE
8
BLACK
6
CONTINUOUS
10
3.5666965748031494
20
-1.6967198818897637
11
3.5679764173228348
21
-1.6902857480314961
0
LINE
8
BLACK
6
CONTINUOUS
10
3.5679764173228348
20
-1.6902857480314961
11
3.5704868897637794
21
-1.6842249212598426
0
LINE
8
BLACK
6
CONTINUOUS
10
3.5704868897637794
20
-1.6842249212598426
11
3.5741315354330707
21
-1.6787703149606299
0
LINE
8
BLACK
6
CONTINUOUS
10
3.5741315354330707
20
-1.6787703149606299
11
3.57877031496063
21
-1.6741315354330708
0
LINE
8
BLACK
6
CONTINUOUS
10
3.57877031496063
20
-1.6741315354330708
11
3.5842249212598425
21
-1.6704868897637795
0
LINE
8
BLACK
6
CONTINUOUS
10
3.5842249212598425
20
-1.6704868897637795
11
3.590285748031496
21
-1.6679764173228346
0
LINE
8
BLACK
6
CONTINUOUS
10
3.590285748031496
20
-1.6679764173228346
11
3.5967198818897637
21
-1.6666965748031495
0
LINE
8
BLACK
6
CONTINUOUS
10
3.5967198818897637
20
-1.6666965748031495
11
3.6032801181102361
21
-1.6666965748031495
0
LINE
8
BLACK
6
CONTINUOUS
10
3.6032801181102361
20
-1.6666965748031495
11
3.6097142519685037
21
-1.6679764173228346
0
LINE
8
BLACK
6
CONTINUOUS
10
5.2097142519685038
20
-1.6679764173228346
11
5.2157750787401573
21
-1.6704868897637795
0
LINE
8
BLACK
6
CONTINUOUS
10
5.2157750787401573
20
-1.6704868897637795
11
5.2212296850393702
21
-1.6741315354330708
0
LINE
8
BLACK
6
CONTINUOUS
10
5.2212296850393702
20
-1.6741315354330708
11
5.2258684645669291
21
-1.6787703149606299
0
LINE
8
BLACK
6
CONTINUOUS
10
5.2258684645669291
20
-1.6787703149606299
11
5.22951311023622
21
-1.6842249212598426
0
LINE
8
BLACK
6
CONTINUOUS
10
5.22951311023622
20
-1.6842249212598426
11
5.2320235826771651
21
-1.6902857480314961
0
LINE
8
BLACK
6
CONTINUOUS
10
5.2320235826771651
20
-1.6902857480314961
11
5.2333034251968504
21
-1.6967198818897637
0
LINE
8
BLACK
6
CONTINUOUS
10
5.2333034251968504
20
-1.6967198818897637
11
5.2333034251968504
21
-1.7032801181102362
0
LINE
8
BLACK
6
CONTINUOUS
10
5.2333034251968504
20
-1.7032801181102362
11
5.2320235826771651
21
-1.7097142519685038
0
LINE
8
BLACK
6
CONTINUOUS
10
5.2320235826771651
20
-1.7097142519685038
11
5.22951311023622
21
-1.7157750787401573
0
LINE
8
BLACK
6
CONTINUOUS
10
5.22951311023622
20
-1.7157750787401573
11
5.2258684645669291
21
-1.72122968503937
0
LINE
8
BLACK
6
CONTINUOUS
10
5.2258684645669291
20
-1.72122968503937
11
5.2212296850393702
21
-1.7258684645669291
0
LINE
8
BLACK
6
CONTINUOUS
10
5.2212296850393702
20
-1.7258684645669291
11
5.2157750787401573
21
-1.7295131102362205
0
LINE
8
BLACK
6
CONTINUOUS
10
5.2157750787401573
20
-1.7295131102362205
11
5.2097142519685038
21
-1.7320235826771653
0
LINE
8
BLACK
6
CONTINUOUS
10
5.2097142519685038
20
-1.7320235826771653
11
5.2032801181102357
21
-1.7333034251968504
0
LINE
8
BLACK
6
CONTINUOUS
10
5.2032801181102357
20
-1.7333034251968504
11
5.1967198818897637
21
-1.7333034251968504
0
LINE
8
BLACK
6
CONTINUOUS
10
5.1967198818897637
20
-1.7333034251968504
11
5.1902857480314957
21
-1.7320235826771653
0
LINE
8
BLACK
6
CONTINUOUS
10
5.1902857480314957
20
-1.7320235826771653
11
5.1842249212598421
21
-1.7295131102362205
0
LINE
8
BLACK
6
CONTINUOUS
10
5.1842249212598421
20
-1.7295131102362205
11
5.1787703149606301
21
-1.7258684645669291
0
LINE
8
BLACK
6
CONTINUOUS
10
5.1787703149606301
20
-1.7258684645669291
11
5.1741315354330704
21
-1.72122968503937
0
LINE
8
BLACK
6
CONTINUOUS
10
5.1741315354330704
20
-1.72122968503937
11
5.1704868897637795
21
-1.7157750787401573
0
LINE
8
BLACK
6
CONTINUOUS
10
5.1704868897637795
20
-1.7157750787401573
11
5.1679764173228344
21
-1.7097142519685038
0
LINE
8
BLACK
6
CONTINUOUS
10
5.1679764173228344
20
-1.7097142519685038
11
5.1666965748031499
21
-1.7032801181102362
0
LINE
8
BLACK
6
CONTINUOUS
10
5.1666965748031499
20
-1.7032801181102362
11
5.1666965748031499
21
-1.6967198818897637
0
LINE
8
BLACK
6
CONTINUOUS
10
5.1666965748031499
20
-1.6967198818897637
11
5.1679764173228344
21
-1.6902857480314961
0
LINE
8
BLACK
6
CONTINUOUS
10
5.1679764173228344
20
-1.6902857480314961
11
5.1704868897637795
21
-1.6842249212598426
0
LINE
8
BLACK
6
CONTINUOUS
10
5.1704868897637795
20
-1.6842249212598426
11
5.1741315354330704
21
-1.6787703149606299
0
LINE
8
BLACK
6
CONTINUOUS
10
5.1741315354330704
20
-1.6787703149606299
11
5.1787703149606301
21
-1.6741315354330708
0
LINE
8
BLACK
6
CONTINUOUS
10
5.1787703149606301
20
-1.6741315354330708
11
5.1842249212598421
21
-1.6704868897637795
0
LINE
8
BLACK
6
CONTINUOUS
10
5.1842249212598421
20
-1.6704868897637795
11
5.1902857480314957
21
-1.6679764173228346
0
LINE
8
BLACK
6
CONTINUOUS
10
5.1902857480314957
20
-1.6679764173228346
11
5.1967198818897637
21
-1.6666965748031495
0
LINE
8
BLACK
6
CONTINUOUS
10
5.1967198818897637
20
-1.6666965748031495
11
5.2032801181102357
21
-1.6666965748031495
0
LINE
8
BLACK
6
CONTINUOUS
10
5.2032801181102357
20
-1.6666965748031495
11
5.2097142519685038
21
-1.6679764173228346
0
LINE
8
BLACK
6
CONTINUOUS
10
3.9144371653543306
20
-1.5355981102362204
11
3.9227356692913387
21
-1.5369124803149605
0
LINE
8
BLACK
6
CONTINUOUS
10
3.9227356692913387
20
-1.5369124803149605
11
3.9307263385826769
21
-1.5395088188976378
0
LINE
8
BLACK
6
CONTINUOUS
10
3.9307263385826769
20
-1.5395088188976378
11
3.9382125196850395
21
-1.5433231889763779
0
LINE
8
BLACK
6
CONTINUOUS
10
3.9382125196850395
20
-1.5433231889763779
11
3.9450098031496061
21
-1.5482617322834646
0
LINE
8
BLACK
6
CONTINUOUS
10
3.9450098031496061
20
-1.5482617322834646
11
3.9509508661417323
21
-1.5542027952755906
0
LINE
8
BLACK
6
CONTINUOUS
10
3.9509508661417323
20
-1.5542027952755906
11
3.9558894094488188
21
-1.5610000787401574
0
LINE
8
BLACK
6
CONTINUOUS
10
3.9558894094488188
20
-1.5610000787401574
11
3.9597037795275591
21
-1.5684862598425195
0
LINE
8
BLACK
6
CONTINUOUS
10
3.9597037795275591
20
-1.5684862598425195
11
3.9623001181102362
21
-1.5764769291338583
0
LINE
8
BLACK
6
CONTINUOUS
10
3.9623001181102362
20
-1.5764769291338583
11
3.9636144881889761
21
-1.5847754330708661
0
LINE
8
BLACK
6
CONTINUOUS
10
3.9636144881889761
20
-1.5847754330708661
11
3.9636144881889761
21
-1.5931773228346455
0
LINE
8
BLACK
6
CONTINUOUS
10
3.9636144881889761
20
-1.5931773228346455
11
3.9623001181102362
21
-1.6014758267716536
0
LINE
8
BLACK
6
CONTINUOUS
10
3.9623001181102362
20
-1.6014758267716536
11
3.9597037795275591
21
-1.6094664960629921
0
LINE
8
BLACK
6
CONTINUOUS
10
3.9597037795275591
20
-1.6094664960629921
11
3.9558894094488188
21
-1.6169526771653544
0
LINE
8
BLACK
6
CONTINUOUS
10
3.9558894094488188
20
-1.6169526771653544
11
3.9509508661417323
21
-1.6237499606299213
0
LINE
8
BLACK
6
CONTINUOUS
10
3.9509508661417323
20
-1.6237499606299213
11
3.9450098031496061
21
-1.6296910236220472
0
LINE
8
BLACK
6
CONTINUOUS
10
3.9450098031496061
20
-1.6296910236220472
11
3.9382125196850395
21
-1.6346295669291337
0
LINE
8
BLACK
6
CONTINUOUS
10
3.9382125196850395
20
-1.6346295669291337
11
3.9307263385826769
21
-1.6384439370078741
0
LINE
8
BLACK
6
CONTINUOUS
10
3.9307263385826769
20
-1.6384439370078741
11
3.9227356692913387
21
-1.6410402755905511
0
LINE
8
BLACK
6
CONTINUOUS
10
3.9227356692913387
20
-1.6410402755905511
11
3.9144371653543306
21
-1.6423546456692912
0
LINE
8
BLACK
6
CONTINUOUS
10
3.9144371653543306
20
-1.6423546456692912
11
3.910236220472441
21
-1.64251968503937
0
LINE
8
BLACK
6
CONTINUOUS
10
3.910236220472441
20
-1.64251968503937
11
3.8897637795275588
21
-1.64251968503937
0
LINE
8
BLACK
6
CONTINUOUS
10
3.8897637795275588
20
-1.64251968503937
11
3.8855628346456692
21
-1.6423546456692912
0
LINE
8
BLACK
6
CONTINUOUS
10
3.8855628346456692
20
-1.6423546456692912
11
3.8772643307086612
21
-1.6410402755905511
0
LINE
8
BLACK
6
CONTINUOUS
10
3.8772643307086612
20
-1.6410402755905511
11
3.8692736614173229
21
-1.6384439370078741
0
LINE
8
BLACK
6
CONTINUOUS
10
3.8692736614173229
20
-1.6384439370078741
11
3.8617874803149603
21
-1.6346295669291337
0
LINE
8
BLACK
6
CONTINUOUS
10
3.8617874803149603
20
-1.6346295669291337
11
3.8549901968503937
21
-1.6296910236220472
0
LINE
8
BLACK
6
CONTINUOUS
10
3.8549901968503937
20
-1.6296910236220472
11
3.8490491338582675
21
-1.6237499606299213
0
LINE
8
BLACK
6
CONTINUOUS
10
3.8490491338582675
20
-1.6237499606299213
11
3.844110590551181
21
-1.6169526771653544
0
LINE
8
BLACK
6
CONTINUOUS
10
3.844110590551181
20
-1.6169526771653544
11
3.8402962204724407
21
-1.6094664960629921
0
LINE
8
BLACK
6
CONTINUOUS
10
3.8402962204724407
20
-1.6094664960629921
11
3.8376998818897636
21
-1.6014758267716536
0
LINE
8
BLACK
6
CONTINUOUS
10
3.8376998818897636
20
-1.6014758267716536
11
3.8363855118110237
21
-1.5931773228346455
0
LINE
8
BLACK
6
CONTINUOUS
10
3.8363855118110237
20
-1.5931773228346455
11
3.8363855118110237
21
-1.5847754330708661
0
LINE
8
BLACK
6
CONTINUOUS
10
3.8363855118110237
20
-1.5847754330708661
11
3.8376998818897636
21
-1.5764769291338583
0
LINE
8
BLACK
6
CONTINUOUS
10
3.8376998818897636
20
-1.5764769291338583
11
3.8402962204724407
21
-1.5684862598425195
0
LINE
8
BLACK
6
CONTINUOUS
10
3.8402962204724407
20
-1.5684862598425195
11
3.844110590551181
21
-1.5610000787401574
0
LINE
8
BLACK
6
CONTINUOUS
10
3.844110590551181
20
-1.5610000787401574
11
3.8490491338582675
21
-1.5542027952755906
0
LINE
8
BLACK
6
CONTINUOUS
10
3.8490491338582675
20
-1.5542027952755906
11
3.8549901968503937
21
-1.5482617322834646
0
LINE
8
BLACK
6
CONTINUOUS
10
3.8549901968503937
20
-1.5482617322834646
11
3.8617874803149603
21
-1.5433231889763779
0
LINE
8
BLACK
6
CONTINUOUS
10
3.8617874803149603
20
-1.5433231889763779
11
3.8692736614173229
21
-1.5395088188976378
0
LINE
8
BLACK
6
CONTINUOUS
10
3.8692736614173229
20
-1.5395088188976378
11
3.8772643307086612
21
-1.5369124803149605
0
LINE
8
BLACK
6
CONTINUOUS
10
3.8772643307086612
20
-1.5369124803149605
11
3.8855628346456692
21
-1.5355981102362204
0
LINE
8
BLACK
6
CONTINUOUS
10
3.8855628346456692
20
-1.5355981102362204
11
3.8897637795275588
21
-1.5354330708661417
0
LINE
8
BLACK
6
CONTINUOUS
10
3.8897637795275588
20
-1.5354330708661417
11
3.910236220472441
21
-1.5354330708661417
0
LINE
8
BLACK
6
CONTINUOUS
10
3.910236220472441
20
-1.5354330708661417
11
3.9144371653543306
21
-1.5355981102362204
0
LINE
8
BLACK
6
CONTINUOUS
10
5.6108856692913385
20
-1.5641147244094489
11
5.6176773622047245
21
-1.5669279527559055
0
LINE
8
BLACK
6
CONTINUOUS
10
5.6176773622047245
20
-1.5669279527559055
11
5.6237897637795271
21
-1.571012125984252
0
LINE
8
BLACK
6
CONTINUOUS
10
5.6237897637795271
20
-1.571012125984252
11
5.6289878740157482
21
-1.5762102362204724
0
LINE
8
BLACK
6
CONTINUOUS
10
5.6289878740157482
20
-1.5762102362204724
11
5.6330720472440943
21
-1.5823226377952755
0
LINE
8
BLACK
6
CONTINUOUS
10
5.6330720472440943
20
-1.5823226377952755
11
5.6358852755905513
21
-1.5891143307086615
0
LINE
8
BLACK
6
CONTINUOUS
10
5.6358852755905513
20
-1.5891143307086615
11
5.6373194094488186
21
-1.5963243700787402
0
LINE
8
BLACK
6
CONTINUOUS
10
5.6373194094488186
20
-1.5963243700787402
11
5.6373194094488186
21
-1.6036756299212598
0
LINE
8
BLACK
6
CONTINUOUS
10
5.6373194094488186
20
-1.6036756299212598
11
5.6358852755905513
21
-1.6108856692913385
0
LINE
8
BLACK
6
CONTINUOUS
10
5.6358852755905513
20
-1.6108856692913385
11
5.6330720472440943
21
-1.6176773622047245
0
LINE
8
BLACK
6
CONTINUOUS
10
5.6330720472440943
20
-1.6176773622047245
11
5.6289878740157482
21
-1.6237897637795276
0
LINE
8
BLACK
6
CONTINUOUS
10
5.6289878740157482
20
-1.6237897637795276
11
5.6237897637795271
21
-1.628987874015748
0
LINE
8
BLACK
6
CONTINUOUS
10
5.6237897637795271
20
-1.628987874015748
11
5.6176773622047245
21
-1.6330720472440945
0
LINE
8
BLACK
6
CONTINUOUS
10
5.6176773622047245
20
-1.6330720472440945
11
5.6108856692913385
21
-1.6358852755905511
0
LINE
8
BLACK
6
CONTINUOUS
10
5.6108856692913385
20
-1.6358852755905511
11
5.60367562992126
21
-1.6373194094488188
0
LINE
8
BLACK
6
CONTINUOUS
10
5.60367562992126
20
-1.6373194094488188
11
5.5963243700787402
21
-1.6373194094488188
0
LINE
8
BLACK
6
CONTINUOUS
10
5.5963243700787402
20
-1.6373194094488188
11
5.5891143307086617
21
-1.6358852755905511
0
LINE
8
BLACK
6
CONTINUOUS
10
5.5891143307086617
20
-1.6358852755905511
11
5.5823226377952757
21
-1.6330720472440945
0
LINE
8
BLACK
6
CONTINUOUS
10
5.5823226377952757
20
-1.6330720472440945
11
5.5762102362204722
21
-1.628987874015748
0
LINE
8
BLACK
6
CONTINUOUS
10
5.5762102362204722
20
-1.628987874015748
11
5.571012125984252
21
-1.6237897637795276
0
LINE
8
BLACK
6
CONTINUOUS
10
5.571012125984252
20
-1.6237897637795276
11
5.566927952755905
21
-1.6176773622047245
0
LINE
8
BLACK
6
CONTINUOUS
10
5.566927952755905
20
-1.6176773622047245
11
5.5641147244094489
21
-1.6108856692913385
0
LINE
8
BLACK
6
CONTINUOUS
10
5.5641147244094489
20
-1.6108856692913385
11
5.5626805905511807
21
-1.6036756299212598
0
LINE
8
BLACK
6
CONTINUOUS
10
5.5626805905511807
20
-1.6036756299212598
11
5.5626805905511807
21
-1.5963243700787402
0
LINE
8
BLACK
6
CONTINUOUS
10
5.5626805905511807
20
-1.5963243700787402
11
5.5641147244094489
21
-1.5891143307086615
0
LINE
8
BLACK
6
CONTINUOUS
10
5.5641147244094489
20
-1.5891143307086615
11
5.566927952755905
21
-1.5823226377952755
0
LINE
8
BLACK
6
CONTINUOUS
10
5.566927952755905
20
-1.5823226377952755
11
5.571012125984252
21
-1.5762102362204724
0
LINE
8
BLACK
6
CONTINUOUS
10
5.571012125984252
20
-1.5762102362204724
11
5.5762102362204722
21
-1.571012125984252
0
LINE
8
BLACK
6
CONTINUOUS
10
5.5762102362204722
20
-1.571012125984252
11
5.5823226377952757
21
-1.5669279527559055
0
LINE
8
BLACK
6
CONTINUOUS
10
5.5823226377952757
20
-1.5669279527559055
11
5.5891143307086617
21
-1.5641147244094489
0
LINE
8
BLACK
6
CONTINUOUS
10
5.5891143307086617
20
-1.5641147244094489
11
5.5963243700787402
21
-1.5626805905511811
0
LINE
8
BLACK
6
CONTINUOUS
10
5.5963243700787402
20
-1.5626805905511811
11
5.60367562992126
21
-1.5626805905511811
0
LINE
8
BLACK
6
CONTINUOUS
10
5.60367562992126
20
-1.5626805905511811
11
5.6108856692913385
21
-1.5641147244094489
0
LINE
8
BLACK
6
CONTINUOUS
10
6.2108856692913381
20
-1.5641147244094489
11
6.2176773622047241
21
-1.5669279527559055
0
LINE
8
BLACK
6
CONTINUOUS
10
6.2176773622047241
20
-1.5669279527559055
11
6.2237897637795276
21
-1.571012125984252
0
LINE
8
BLACK
6
CONTINUOUS
10
6.2237897637795276
20
-1.571012125984252
11
6.2289878740157478
21
-1.5762102362204724
0
LINE
8
BLACK
6
CONTINUOUS
10
6.2289878740157478
20
-1.5762102362204724
11
6.2330720472440939
21
-1.5823226377952755
0
LINE
8
BLACK
6
CONTINUOUS
10
6.2330720472440939
20
-1.5823226377952755
11
6.2358852755905509
21
-1.5891143307086615
0
LINE
8
BLACK
6
CONTINUOUS
10
6.2358852755905509
20
-1.5891143307086615
11
6.2373194094488191
21
-1.5963243700787402
0
LINE
8
BLACK
6
CONTINUOUS
10
6.2373194094488191
20
-1.5963243700787402
11
6.2373194094488191
21
-1.6036756299212598
0
LINE
8
BLACK
6
CONTINUOUS
10
6.2373194094488191
20
-1.6036756299212598
11
6.2358852755905509
21
-1.6108856692913385
0
LINE
8
BLACK
6
CONTINUOUS
10
6.2358852755905509
20
-1.6108856692913385
11
6.2330720472440939
21
-1.6176773622047245
0
LINE
8
BLACK
6
CONTINUOUS
10
6.2330720472440939
20
-1.6176773622047245
11
6.2289878740157478
21
-1.6237897637795276
0
LINE
8
BLACK
6
CONTINUOUS
10
6.2289878740157478
20
-1.6237897637795276
11
6.2237897637795276
21
-1.628987874015748
0
LINE
8
BLACK
6
CONTINUOUS
10
6.2237897637795276
20
-1.628987874015748
11
6.2176773622047241
21
-1.6330720472440945
0
LINE
8
BLACK
6
CONTINUOUS
10
6.2176773622047241
20
-1.6330720472440945
11
6.2108856692913381
21
-1.6358852755905511
0
LINE
8
BLACK
6
CONTINUOUS
10
6.2108856692913381
20
-1.6358852755905511
11
6.2036756299212596
21
-1.6373194094488188
0
LINE
8
BLACK
6
CONTINUOUS
10
6.2036756299212596
20
-1.6373194094488188
11
6.1963243700787398
21
-1.6373194094488188
0
LINE
8
BLACK
6
CONTINUOUS
10
6.1963243700787398
20
-1.6373194094488188
11
6.1891143307086613
21
-1.6358852755905511
0
LINE
8
BLACK
6
CONTINUOUS
10
6.1891143307086613
20
-1.6358852755905511
11
6.1823226377952754
21
-1.6330720472440945
0
LINE
8
BLACK
6
CONTINUOUS
10
6.1823226377952754
20
-1.6330720472440945
11
6.1762102362204727
21
-1.628987874015748
0
LINE
8
BLACK
6
CONTINUOUS
10
6.1762102362204727
20
-1.628987874015748
11
6.1710121259842516
21
-1.6237897637795276
0
LINE
8
BLACK
6
CONTINUOUS
10
6.1710121259842516
20
-1.6237897637795276
11
6.1669279527559056
21
-1.6176773622047245
0
LINE
8
BLACK
6
CONTINUOUS
10
6.1669279527559056
20
-1.6176773622047245
11
6.1641147244094485
21
-1.6108856692913385
0
LINE
8
BLACK
6
CONTINUOUS
10
6.1641147244094485
20
-1.6108856692913385
11
6.1626805905511812
21
-1.6036756299212598
0
LINE
8
BLACK
6
CONTINUOUS
10
6.1626805905511812
20
-1.6036756299212598
11
6.1626805905511812
21
-1.5963243700787402
0
LINE
8
BLACK
6
CONTINUOUS
10
6.1626805905511812
20
-1.5963243700787402
11
6.1641147244094485
21
-1.5891143307086615
0
LINE
8
BLACK
6
CONTINUOUS
10
6.1641147244094485
20
-1.5891143307086615
11
6.1669279527559056
21
-1.5823226377952755
0
LINE
8
BLACK
6
CONTINUOUS
10
6.1669279527559056
20
-1.5823226377952755
11
6.1710121259842516
21
-1.5762102362204724
0
LINE
8
BLACK
6
CONTINUOUS
10
6.1710121259842516
20
-1.5762102362204724
11
6.1762102362204727
21
-1.571012125984252
0
LINE
8
BLACK
6
CONTINUOUS
10
6.1762102362204727
20
-1.571012125984252
11
6.1823226377952754
21
-1.5669279527559055
0
LINE
8
BLACK
6
CONTINUOUS
10
6.1823226377952754
20
-1.5669279527559055
11
6.1891143307086613
21
-1.5641147244094489
0
LINE
8
BLACK
6
CONTINUOUS
10
6.1891143307086613
20
-1.5641147244094489
11
6.1963243700787398
21
-1.5626805905511811
0
LINE
8
BLACK
6
CONTINUOUS
10
6.1963243700787398
20
-1.5626805905511811
11
6.2036756299212596
21
-1.5626805905511811
0
LINE
8
BLACK
6
CONTINUOUS
10
6.2036756299212596
20
-1.5626805905511811
11
6.2108856692913381
21
-1.5641147244094489
0
LINE
8
BLACK
6
CONTINUOUS
10
3.6097142519685037
20
-1.5679764173228345
11
3.6157750787401572
21
-1.5704868897637796
0
LINE
8
BLACK
6
CONTINUOUS
10
3.6157750787401572
20
-1.5704868897637796
11
3.6212296850393701
21
-1.5741315354330709
0
LINE
8
BLACK
6
CONTINUOUS
10
3.6212296850393701
20
-1.5741315354330709
11
3.625868464566929
21
-1.5787703149606298
0
LINE
8
BLACK
6
CONTINUOUS
10
3.625868464566929
20
-1.5787703149606298
11
3.6295131102362204
21
-1.5842249212598425
0
LINE
8
BLACK
6
CONTINUOUS
10
3.6295131102362204
20
-1.5842249212598425
11
3.6320235826771654
21
-1.590285748031496
0
LINE
8
BLACK
6
CONTINUOUS
10
3.6320235826771654
20
-1.590285748031496
11
3.6333034251968503
21
-1.5967198818897637
0
LINE
8
BLACK
6
CONTINUOUS
10
3.6333034251968503
20
-1.5967198818897637
11
3.6333034251968503
21
-1.6032801181102361
0
LINE
8
BLACK
6
CONTINUOUS
10
3.6333034251968503
20
-1.6032801181102361
11
3.6320235826771654
21
-1.6097142519685039
0
LINE
8
BLACK
6
CONTINUOUS
10
3.6320235826771654
20
-1.6097142519685039
11
3.6295131102362204
21
-1.6157750787401575
0
LINE
8
BLACK
6
CONTINUOUS
10
3.6295131102362204
20
-1.6157750787401575
11
3.625868464566929
21
-1.6212296850393701
0
LINE
8
BLACK
6
CONTINUOUS
10
3.625868464566929
20
-1.6212296850393701
11
3.6212296850393701
21
-1.625868464566929
0
LINE
8
BLACK
6
CONTINUOUS
10
3.6212296850393701
20
-1.625868464566929
11
3.6157750787401572
21
-1.6295131102362204
0
LINE
8
BLACK
6
CONTINUOUS
10
3.6157750787401572
20
-1.6295131102362204
11
3.6097142519685037
21
-1.6320235826771654
0
LINE
8
BLACK
6
CONTINUOUS
10
3.6097142519685037
20
-1.6320235826771654
11
3.6032801181102361
21
-1.6333034251968503
0
LINE
8
BLACK
6
CONTINUOUS
10
3.6032801181102361
20
-1.6333034251968503
11
3.5967198818897637
21
-1.6333034251968503
0
LINE
8
BLACK
6
CONTINUOUS
10
3.5967198818897637
20
-1.6333034251968503
11
3.590285748031496
21
-1.6320235826771654
0
LINE
8
BLACK
6
CONTINUOUS
10
3.590285748031496
20
-1.6320235826771654
11
3.5842249212598425
21
-1.6295131102362204
0
LINE
8
BLACK
6
CONTINUOUS
10
3.5842249212598425
20
-1.6295131102362204
11
3.57877031496063
21
-1.625868464566929
0
LINE
8
BLACK
6
CONTINUOUS
10
3.57877031496063
20
-1.625868464566929
11
3.5741315354330707
21
-1.6212296850393701
0
LINE
8
BLACK
6
CONTINUOUS
10
3.5741315354330707
20
-1.6212296850393701
11
3.5704868897637794
21
-1.6157750787401575
0
LINE
8
BLACK
6
CONTINUOUS
10
3.5704868897637794
20
-1.6157750787401575
11
3.5679764173228348
21
-1.6097142519685039
0
LINE
8
BLACK
6
CONTINUOUS
10
3.5679764173228348
20
-1.6097142519685039
11
3.5666965748031494
21
-1.6032801181102361
0
LINE
8
BLACK
6
CONTINUOUS
10
3.5666965748031494
20
-1.6032801181102361
11
3.5666965748031494
21
-1.5967198818897637
0
LINE
8
BLACK
6
CONTINUOUS
10
3.5666965748031494
20
-1.5967198818897637
11
3.5679764173228348
21
-1.590285748031496
0
LINE
8
BLACK
6
CONTINUOUS
10
3.5679764173228348
20
-1.590285748031496
11
3.5704868897637794
21
-1.5842249212598425
0
LINE
8
BLACK
6
CONTINUOUS
10
3.5704868897637794
20
-1.5842249212598425
11
3.5741315354330707
21
-1.5787703149606298
0
LINE
8
BLACK
6
CONTINUOUS
10
3.5741315354330707
20
-1.5787703149606298
11
3.57877031496063
21
-1.5741315354330709
0
LINE
8
BLACK
6
CONTINUOUS
10
3.57877031496063
20
-1.5741315354330709
11
3.5842249212598425
21
-1.5704868897637796
0
LINE
8
BLACK
6
CONTINUOUS
10
3.5842249212598425
20
-1.5704868897637796
11
3.590285748031496
21
-1.5679764173228345
0
LINE
8
BLACK
6
CONTINUOUS
10
3.590285748031496
20
-1.5679764173228345
11
3.5967198818897637
21
-1.5666965748031496
0
LINE
8
BLACK
6
CONTINUOUS
10
3.5967198818897637
20
-1.5666965748031496
11
3.6032801181102361
21
-1.5666965748031496
0
LINE
8
BLACK
6
CONTINUOUS
10
3.6032801181102361
20
-1.5666965748031496
11
3.6097142519685037
21
-1.5679764173228345
0
LINE
8
BLACK
6
CONTINUOUS
10
5.2097142519685038
20
-1.5679764173228345
11
5.2157750787401573
21
-1.5704868897637796
0
LINE
8
BLACK
6
CONTINUOUS
10
5.2157750787401573
20
-1.5704868897637796
11
5.2212296850393702
21
-1.5741315354330709
0
LINE
8
BLACK
6
CONTINUOUS
10
5.2212296850393702
20
-1.5741315354330709
11
5.2258684645669291
21
-1.5787703149606298
0
LINE
8
BLACK
6
CONTINUOUS
10
5.2258684645669291
20
-1.5787703149606298
11
5.22951311023622
21
-1.5842249212598425
0
LINE
8
BLACK
6
CONTINUOUS
10
5.22951311023622
20
-1.5842249212598425
11
5.2320235826771651
21
-1.590285748031496
0
LINE
8
BLACK
6
CONTINUOUS
10
5.2320235826771651
20
-1.590285748031496
11
5.2333034251968504
21
-1.5967198818897637
0
LINE
8
BLACK
6
CONTINUOUS
10
5.2333034251968504
20
-1.5967198818897637
11
5.2333034251968504
21
-1.6032801181102361
0
LINE
8
BLACK
6
CONTINUOUS
10
5.2333034251968504
20
-1.6032801181102361
11
5.2320235826771651
21
-1.6097142519685039
0
LINE
8
BLACK
6
CONTINUOUS
10
5.2320235826771651
20
-1.6097142519685039
11
5.22951311023622
21
-1.6157750787401575
0
LINE
8
BLACK
6
CONTINUOUS
10
5.22951311023622
20
-1.6157750787401575
11
5.2258684645669291
21
-1.6212296850393701
0
LINE
8
BLACK
6
CONTINUOUS
10
5.2258684645669291
20
-1.6212296850393701
11
5.2212296850393702
21
-1.625868464566929
0
LINE
8
BLACK
6
CONTINUOUS
10
5.2212296850393702
20
-1.625868464566929
11
5.2157750787401573
21
-1.6295131102362204
0
LINE
8
BLACK
6
CONTINUOUS
10
5.2157750787401573
20
-1.6295131102362204
11
5.2097142519685038
21
-1.6320235826771654
0
LINE
8
BLACK
6
CONTINUOUS
10
5.2097142519685038
20
-1.6320235826771654
11
5.2032801181102357
21
-1.6333034251968503
0
LINE
8
BLACK
6
CONTINUOUS
10
5.2032801181102357
20
-1.6333034251968503
11
5.1967198818897637
21
-1.6333034251968503
0
LINE
8
BLACK
6
CONTINUOUS
10
5.1967198818897637
20
-1.6333034251968503
11
5.1902857480314957
21
-1.6320235826771654
0
LINE
8
BLACK
6
CONTINUOUS
10
5.1902857480314957
20
-1.6320235826771654
11
5.1842249212598421
21
-1.6295131102362204
0
LINE
8
BLACK
6
CONTINUOUS
10
5.1842249212598421
20
-1.6295131102362204
11
5.1787703149606301
21
-1.625868464566929
0
LINE
8
BLACK
6
CONTINUOUS
10
5.1787703149606301
20
-1.625868464566929
11
5.1741315354330704
21
-1.6212296850393701
0
LINE
8
BLACK
6
CONTINUOUS
10
5.1741315354330704
20
-1.6212296850393701
11
5.1704868897637795
21
-1.6157750787401575
0
LINE
8
BLACK
6
CONTINUOUS
10
5.1704868897637795
20
-1.6157750787401575
11
5.1679764173228344
21
-1.6097142519685039
0
LINE
8
BLACK
6
CONTINUOUS
10
5.1679764173228344
20
-1.6097142519685039
11
5.1666965748031499
21
-1.6032801181102361
0
LINE
8
BLACK
6
CONTINUOUS
10
5.1666965748031499
20
-1.6032801181102361
11
5.1666965748031499
21
-1.5967198818897637
0
LINE
8
BLACK
6
CONTINUOUS
10
5.1666965748031499
20
-1.5967198818897637
11
5.1679764173228344
21
-1.590285748031496
0
LINE
8
BLACK
6
CONTINUOUS
10
5.1679764173228344
20
-1.590285748031496
11
5.1704868897637795
21
-1.5842249212598425
0
LINE
8
BLACK
6
CONTINUOUS
10
5.1704868897637795
20
-1.5842249212598425
11
5.1741315354330704
21
-1.5787703149606298
0
LINE
8
BLACK
6
CONTINUOUS
10
5.1741315354330704
20
-1.5787703149606298
11
5.1787703149606301
21
-1.5741315354330709
0
LINE
8
BLACK
6
CONTINUOUS
10
5.1787703149606301
20
-1.5741315354330709
11
5.1842249212598421
21
-1.5704868897637796
0
LINE
8
BLACK
6
CONTINUOUS
10
5.1842249212598421
20
-1.5704868897637796
11
5.1902857480314957
21
-1.5679764173228345
0
LINE
8
BLACK
6
CONTINUOUS
10
5.1902857480314957
20
-1.5679764173228345
11
5.1967198818897637
21
-1.5666965748031496
0
LINE
8
BLACK
6
CONTINUOUS
10
5.1967198818897637
20
-1.5666965748031496
11
5.2032801181102357
21
-1.5666965748031496
0
LINE
8
BLACK
6
CONTINUOUS
10
5.2032801181102357
20
-1.5666965748031496
11
5.2097142519685038
21
-1.5679764173228345
0
LINE
8
BLACK
6
CONTINUOUS
10
5.6108856692913385
20
-1.4641147244094488
11
5.6176773622047245
21
-1.4669279527559054
0
LINE
8
BLACK
6
CONTINUOUS
10
5.6176773622047245
20
-1.4669279527559054
11
5.6237897637795271
21
-1.4710121259842519
0
LINE
8
BLACK
6
CONTINUOUS
10
5.6237897637795271
20
-1.4710121259842519
11
5.6289878740157482
21
-1.4762102362204723
0
LINE
8
BLACK
6
CONTINUOUS
10
5.6289878740157482
20
-1.4762102362204723
11
5.6330720472440943
21
-1.4823226377952756
0
LINE
8
BLACK
6
CONTINUOUS
10
5.6330720472440943
20
-1.4823226377952756
11
5.6358852755905513
21
-1.4891143307086614
0
LINE
8
BLACK
6
CONTINUOUS
10
5.6358852755905513
20
-1.4891143307086614
11
5.6373194094488186
21
-1.4963243700787401
0
LINE
8
BLACK
6
CONTINUOUS
10
5.6373194094488186
20
-1.4963243700787401
11
5.6373194094488186
21
-1.5036756299212599
0
LINE
8
BLACK
6
CONTINUOUS
10
5.6373194094488186
20
-1.5036756299212599
11
5.6358852755905513
21
-1.5108856692913386
0
LINE
8
BLACK
6
CONTINUOUS
10
5.6358852755905513
20
-1.5108856692913386
11
5.6330720472440943
21
-1.5176773622047244
0
LINE
8
BLACK
6
CONTINUOUS
10
5.6330720472440943
20
-1.5176773622047244
11
5.6289878740157482
21
-1.5237897637795275
0
LINE
8
BLACK
6
CONTINUOUS
10
5.6289878740157482
20
-1.5237897637795275
11
5.6237897637795271
21
-1.5289878740157481
0
LINE
8
BLACK
6
CONTINUOUS
10
5.6237897637795271
20
-1.5289878740157481
11
5.6176773622047245
21
-1.5330720472440944
0
LINE
8
BLACK
6
CONTINUOUS
10
5.6176773622047245
20
-1.5330720472440944
11
5.6108856692913385
21
-1.5358852755905512
0
LINE
8
BLACK
6
CONTINUOUS
10
5.6108856692913385
20
-1.5358852755905512
11
5.60367562992126
21
-1.537319409448819
0
LINE
8
BLACK
6
CONTINUOUS
10
5.60367562992126
20
-1.537319409448819
11
5.5963243700787402
21
-1.537319409448819
0
LINE
8
BLACK
6
CONTINUOUS
10
5.5963243700787402
20
-1.537319409448819
11
5.5891143307086617
21
-1.5358852755905512
0
LINE
8
BLACK
6
CONTINUOUS
10
5.5891143307086617
20
-1.5358852755905512
11
5.5823226377952757
21
-1.5330720472440944
0
LINE
8
BLACK
6
CONTINUOUS
10
5.5823226377952757
20
-1.5330720472440944
11
5.5762102362204722
21
-1.5289878740157481
0
LINE
8
BLACK
6
CONTINUOUS
10
5.5762102362204722
20
-1.5289878740157481
11
5.571012125984252
21
-1.5237897637795275
0
LINE
8
BLACK
6
CONTINUOUS
10
5.571012125984252
20
-1.5237897637795275
11
5.566927952755905
21
-1.5176773622047244
0
LINE
8
BLACK
6
CONTINUOUS
10
5.566927952755905
20
-1.5176773622047244
11
5.5641147244094489
21
-1.5108856692913386
0
LINE
8
BLACK
6
CONTINUOUS
10
5.5641147244094489
20
-1.5108856692913386
11
5.5626805905511807
21
-1.5036756299212599
0
LINE
8
BLACK
6
CONTINUOUS
10
5.5626805905511807
20
-1.5036756299212599
11
5.5626805905511807
21
-1.4963243700787401
0
LINE
8
BLACK
6
CONTINUOUS
10
5.5626805905511807
20
-1.4963243700787401
11
5.5641147244094489
21
-1.4891143307086614
0
LINE
8
BLACK
6
CONTINUOUS
10
5.5641147244094489
20
-1.4891143307086614
11
5.566927952755905
21
-1.4823226377952756
0
LINE
8
BLACK
6
CONTINUOUS
10
5.566927952755905
20
-1.4823226377952756
11
5.571012125984252
21
-1.4762102362204723
0
LINE
8
BLACK
6
CONTINUOUS
10
5.571012125984252
20
-1.4762102362204723
11
5.5762102362204722
21
-1.4710121259842519
0
LINE
8
BLACK
6
CONTINUOUS
10
5.5762102362204722
20
-1.4710121259842519
11
5.5823226377952757
21
-1.4669279527559054
0
LINE
8
BLACK
6
CONTINUOUS
10
5.5823226377952757
20
-1.4669279527559054
11
5.5891143307086617
21
-1.4641147244094488
0
LINE
8
BLACK
6
CONTINUOUS
10
5.5891143307086617
20
-1.4641147244094488
11
5.5963243700787402
21
-1.462680590551181
0
LINE
8
BLACK
6
CONTINUOUS
10
5.5963243700787402
20
-1.462680590551181
11
5.60367562992126
21
-1.462680590551181
0
LINE
8
BLACK
6
CONTINUOUS
10
5.60367562992126
20
-1.462680590551181
11
5.6108856692913385
21
-1.4641147244094488
0
LINE
8
BLACK
6
CONTINUOUS
10
6.2108856692913381
20
-1.4641147244094488
11
6.2176773622047241
21
-1.4669279527559054
0
LINE
8
BLACK
6
CONTINUOUS
10
6.2176773622047241
20
-1.4669279527559054
11
6.2237897637795276
21
-1.4710121259842519
0
LINE
8
BLACK
6
CONTINUOUS
10
6.2237897637795276
20
-1.4710121259842519
11
6.2289878740157478
21
-1.4762102362204723
0
LINE
8
BLACK
6
CONTINUOUS
10
6.2289878740157478
20
-1.4762102362204723
11
6.2330720472440939
21
-1.4823226377952756
0
LINE
8
BLACK
6
CONTINUOUS
10
6.2330720472440939
20
-1.4823226377952756
11
6.2358852755905509
21
-1.4891143307086614
0
LINE
8
BLACK
6
CONTINUOUS
10
6.2358852755905509
20
-1.4891143307086614
11
6.2373194094488191
21
-1.4963243700787401
0
LINE
8
BLACK
6
CONTINUOUS
10
6.2373194094488191
20
-1.4963243700787401
11
6.2373194094488191
21
-1.5036756299212599
0
LINE
8
BLACK
6
CONTINUOUS
10
6.2373194094488191
20
-1.5036756299212599
11
6.2358852755905509
21
-1.5108856692913386
0
LINE
8
BLACK
6
CONTINUOUS
10
6.2358852755905509
20
-1.5108856692913386
11
6.2330720472440939
21
-1.5176773622047244
0
LINE
8
BLACK
6
CONTINUOUS
10
6.2330720472440939
20
-1.5176773622047244
11
6.2289878740157478
21
-1.5237897637795275
0
LINE
8
BLACK
6
CONTINUOUS
10
6.2289878740157478
20
-1.5237897637795275
11
6.2237897637795276
21
-1.5289878740157481
0
LINE
8
BLACK
6
CONTINUOUS
10
6.2237897637795276
20
-1.5289878740157481
11
6.2176773622047241
21
-1.5330720472440944
0
LINE
8
BLACK
6
CONTINUOUS
10
6.2176773622047241
20
-1.5330720472440944
11
6.2108856692913381
21
-1.5358852755905512
0
LINE
8
BLACK
6
CONTINUOUS
10
6.2108856692913381
20
-1.5358852755905512
11
6.2036756299212596
21
-1.537319409448819
0
LINE
8
BLACK
6
CONTINUOUS
10
6.2036756299212596
20
-1.537319409448819
11
6.1963243700787398
21
-1.537319409448819
0
LINE
8
BLACK
6
CONTINUOUS
10
6.1963243700787398
20
-1.537319409448819
11
6.1891143307086613
21
-1.5358852755905512
0
LINE
8
BLACK
6
CONTINUOUS
10
6.1891143307086613
20
-1.5358852755905512
11
6.1823226377952754
21
-1.5330720472440944
0
LINE
8
BLACK
6
CONTINUOUS
10
6.1823226377952754
20
-1.5330720472440944
11
6.1762102362204727
21
-1.5289878740157481
0
LINE
8
BLACK
6
CONTINUOUS
10
6.1762102362204727
20
-1.5289878740157481
11
6.1710121259842516
21
-1.5237897637795275
0
LINE
8
BLACK
6
CONTINUOUS
10
6.1710121259842516
20
-1.5237897637795275
11
6.1669279527559056
21
-1.5176773622047244
0
LINE
8
BLACK
6
CONTINUOUS
10
6.1669279527559056
20
-1.5176773622047244
11
6.1641147244094485
21
-1.5108856692913386
0
LINE
8
BLACK
6
CONTINUOUS
10
6.1641147244094485
20
-1.5108856692913386
11
6.1626805905511812
21
-1.5036756299212599
0
LINE
8
BLACK
6
CONTINUOUS
10
6.1626805905511812
20
-1.5036756299212599
11
6.1626805905511812
21
-1.4963243700787401
0
LINE
8
BLACK
6
CONTINUOUS
10
6.1626805905511812
20
-1.4963243700787401
11
6.1641147244094485
21
-1.4891143307086614
0
LINE
8
BLACK
6
CONTINUOUS
10
6.1641147244094485
20
-1.4891143307086614
11
6.1669279527559056
21
-1.4823226377952756
0
LINE
8
BLACK
6
CONTINUOUS
10
6.1669279527559056
20
-1.4823226377952756
11
6.1710121259842516
21
-1.4762102362204723
0
LINE
8
BLACK
6
CONTINUOUS
10
6.1710121259842516
20
-1.4762102362204723
11
6.1762102362204727
21
-1.4710121259842519
0
LINE
8
BLACK
6
CONTINUOUS
10
6.1762102362204727
20
-1.4710121259842519
11
6.1823226377952754
21
-1.4669279527559054
0
LINE
8
BLACK
6
CONTINUOUS
10
6.1823226377952754
20
-1.4669279527559054
11
6.1891143307086613
21
-1.4641147244094488
0
LINE
8
BLACK
6
CONTINUOUS
10
6.1891143307086613
20
-1.4641147244094488
11
6.1963243700787398
21
-1.462680590551181
0
LINE
8
BLACK
6
CONTINUOUS
10
6.1963243700787398
20
-1.462680590551181
11
6.2036756299212596
21
-1.462680590551181
0
LINE
8
BLACK
6
CONTINUOUS
10
6.2036756299212596
20
-1.462680590551181
11
6.2108856692913381
21
-1.4641147244094488
0
LINE
8
BLACK
6
CONTINUOUS
10
4.2307086614173226
20
-1.5338582677165353
11
4.1598425196850393
21
-1.5338582677165353
0
LINE
8
BLACK
6
CONTINUOUS
10
4.1598425196850393
20
-1.5338582677165353
11
4.1598425196850393
21
-1.462992125984252
0
LINE
8
BLACK
6
CONTINUOUS
10
4.1598425196850393
20
-1.462992125984252
11
4.2307086614173226
21
-1.462992125984252
0
LINE
8
BLACK
6
CONTINUOUS
10
4.2307086614173226
20
-1.462992125984252
11
4.2307086614173226
21
-1.5338582677165353
0
LINE
8
BLACK
6
CONTINUOUS
10
3.6097142519685037
20
-1.4679764173228347
11
3.6157750787401572
21
-1.4704868897637795
0
LINE
8
BLACK
6
CONTINUOUS
10
3.6157750787401572
20
-1.4704868897637795
11
3.6212296850393701
21
-1.4741315354330708
0
LINE
8
BLACK
6
CONTINUOUS
10
3.6212296850393701
20
-1.4741315354330708
11
3.625868464566929
21
-1.4787703149606299
0
LINE
8
BLACK
6
CONTINUOUS
10
3.625868464566929
20
-1.4787703149606299
11
3.6295131102362204
21
-1.4842249212598424
0
LINE
8
BLACK
6
CONTINUOUS
10
3.6295131102362204
20
-1.4842249212598424
11
3.6320235826771654
21
-1.4902857480314959
0
LINE
8
BLACK
6
CONTINUOUS
10
3.6320235826771654
20
-1.4902857480314959
11
3.6333034251968503
21
-1.4967198818897638
0
LINE
8
BLACK
6
CONTINUOUS
10
3.6333034251968503
20
-1.4967198818897638
11
3.6333034251968503
21
-1.5032801181102362
0
LINE
8
BLACK
6
CONTINUOUS
10
3.6333034251968503
20
-1.5032801181102362
11
3.6320235826771654
21
-1.5097142519685038
0
LINE
8
BLACK
6
CONTINUOUS
10
3.6320235826771654
20
-1.5097142519685038
11
3.6295131102362204
21
-1.5157750787401574
0
LINE
8
BLACK
6
CONTINUOUS
10
3.6295131102362204
20
-1.5157750787401574
11
3.625868464566929
21
-1.5212296850393701
0
LINE
8
BLACK
6
CONTINUOUS
10
3.625868464566929
20
-1.5212296850393701
11
3.6212296850393701
21
-1.5258684645669292
0
LINE
8
BLACK
6
CONTINUOUS
10
3.6212296850393701
20
-1.5258684645669292
11
3.6157750787401572
21
-1.5295131102362205
0
LINE
8
BLACK
6
CONTINUOUS
10
3.6157750787401572
20
-1.5295131102362205
11
3.6097142519685037
21
-1.5320235826771653
0
LINE
8
BLACK
6
CONTINUOUS
10
3.6097142519685037
20
-1.5320235826771653
11
3.6032801181102361
21
-1.5333034251968503
0
LINE
8
BLACK
6
CONTINUOUS
10
3.6032801181102361
20
-1.5333034251968503
11
3.5967198818897637
21
-1.5333034251968503
0
LINE
8
BLACK
6
CONTINUOUS
10
3.5967198818897637
20
-1.5333034251968503
11
3.590285748031496
21
-1.5320235826771653
0
LINE
8
BLACK
6
CONTINUOUS
10
3.590285748031496
20
-1.5320235826771653
11
3.5842249212598425
21
-1.5295131102362205
0
LINE
8
BLACK
6
CONTINUOUS
10
3.5842249212598425
20
-1.5295131102362205
11
3.57877031496063
21
-1.5258684645669292
0
LINE
8
BLACK
6
CONTINUOUS
10
3.57877031496063
20
-1.5258684645669292
11
3.5741315354330707
21
-1.5212296850393701
0
LINE
8
BLACK
6
CONTINUOUS
10
3.5741315354330707
20
-1.5212296850393701
11
3.5704868897637794
21
-1.5157750787401574
0
LINE
8
BLACK
6
CONTINUOUS
10
3.5704868897637794
20
-1.5157750787401574
11
3.5679764173228348
21
-1.5097142519685038
0
LINE
8
BLACK
6
CONTINUOUS
10
3.5679764173228348
20
-1.5097142519685038
11
3.5666965748031494
21
-1.5032801181102362
0
LINE
8
BLACK
6
CONTINUOUS
10
3.5666965748031494
20
-1.5032801181102362
11
3.5666965748031494
21
-1.4967198818897638
0
LINE
8
BLACK
6
CONTINUOUS
10
3.5666965748031494
20
-1.4967198818897638
11
3.5679764173228348
21
-1.4902857480314959
0
LINE
8
BLACK
6
CONTINUOUS
10
3.5679764173228348
20
-1.4902857480314959
11
3.5704868897637794
21
-1.4842249212598424
0
LINE
8
BLACK
6
CONTINUOUS
10
3.5704868897637794
20
-1.4842249212598424
11
3.5741315354330707
21
-1.4787703149606299
0
LINE
8
BLACK
6
CONTINUOUS
10
3.5741315354330707
20
-1.4787703149606299
11
3.57877031496063
21
-1.4741315354330708
0
LINE
8
BLACK
6
CONTINUOUS
10
3.57877031496063
20
-1.4741315354330708
11
3.5842249212598425
21
-1.4704868897637795
0
LINE
8
BLACK
6
CONTINUOUS
10
3.5842249212598425
20
-1.4704868897637795
11
3.590285748031496
21
-1.4679764173228347
0
LINE
8
BLACK
6
CONTINUOUS
10
3.590285748031496
20
-1.4679764173228347
11
3.5967198818897637
21
-1.4666965748031495
0
LINE
8
BLACK
6
CONTINUOUS
10
3.5967198818897637
20
-1.4666965748031495
11
3.6032801181102361
21
-1.4666965748031495
0
LINE
8
BLACK
6
CONTINUOUS
10
3.6032801181102361
20
-1.4666965748031495
11
3.6097142519685037
21
-1.4679764173228347
0
LINE
8
BLACK
6
CONTINUOUS
10
5.2097142519685038
20
-1.4679764173228347
11
5.2157750787401573
21
-1.4704868897637795
0
LINE
8
BLACK
6
CONTINUOUS
10
5.2157750787401573
20
-1.4704868897637795
11
5.2212296850393702
21
-1.4741315354330708
0
LINE
8
BLACK
6
CONTINUOUS
10
5.2212296850393702
20
-1.4741315354330708
11
5.2258684645669291
21
-1.4787703149606299
0
LINE
8
BLACK
6
CONTINUOUS
10
5.2258684645669291
20
-1.4787703149606299
11
5.22951311023622
21
-1.4842249212598424
0
LINE
8
BLACK
6
CONTINUOUS
10
5.22951311023622
20
-1.4842249212598424
11
5.2320235826771651
21
-1.4902857480314959
0
LINE
8
BLACK
6
CONTINUOUS
10
5.2320235826771651
20
-1.4902857480314959
11
5.2333034251968504
21
-1.4967198818897638
0
LINE
8
BLACK
6
CONTINUOUS
10
5.2333034251968504
20
-1.4967198818897638
11
5.2333034251968504
21
-1.5032801181102362
0
LINE
8
BLACK
6
CONTINUOUS
10
5.2333034251968504
20
-1.5032801181102362
11
5.2320235826771651
21
-1.5097142519685038
0
LINE
8
BLACK
6
CONTINUOUS
10
5.2320235826771651
20
-1.5097142519685038
11
5.22951311023622
21
-1.5157750787401574
0
LINE
8
BLACK
6
CONTINUOUS
10
5.22951311023622
20
-1.5157750787401574
11
5.2258684645669291
21
-1.5212296850393701
0
LINE
8
BLACK
6
CONTINUOUS
10
5.2258684645669291
20
-1.5212296850393701
11
5.2212296850393702
21
-1.5258684645669292
0
LINE
8
BLACK
6
CONTINUOUS
10
5.2212296850393702
20
-1.5258684645669292
11
5.2157750787401573
21
-1.5295131102362205
0
LINE
8
BLACK
6
CONTINUOUS
10
5.2157750787401573
20
-1.5295131102362205
11
5.2097142519685038
21
-1.5320235826771653
0
LINE
8
BLACK
6
CONTINUOUS
10
5.2097142519685038
20
-1.5320235826771653
11
5.2032801181102357
21
-1.5333034251968503
0
LINE
8
BLACK
6
CONTINUOUS
10
5.2032801181102357
20
-1.5333034251968503
11
5.1967198818897637
21
-1.5333034251968503
0
LINE
8
BLACK
6
CONTINUOUS
10
5.1967198818897637
20
-1.5333034251968503
11
5.1902857480314957
21
-1.5320235826771653
0
LINE
8
BLACK
6
CONTINUOUS
10
5.1902857480314957
20
-1.5320235826771653
11
5.1842249212598421
21
-1.5295131102362205
0
LINE
8
BLACK
6
CONTINUOUS
10
5.1842249212598421
20
-1.5295131102362205
11
5.1787703149606301
21
-1.5258684645669292
0
LINE
8
BLACK
6
CONTINUOUS
10
5.1787703149606301
20
-1.5258684645669292
11
5.1741315354330704
21
-1.5212296850393701
0
LINE
8
BLACK
6
CONTINUOUS
10
5.1741315354330704
20
-1.5212296850393701
11
5.1704868897637795
21
-1.5157750787401574
0
LINE
8
BLACK
6
CONTINUOUS
10
5.1704868897637795
20
-1.5157750787401574
11
5.1679764173228344
21
-1.5097142519685038
0
LINE
8
BLACK
6
CONTINUOUS
10
5.1679764173228344
20
-1.5097142519685038
11
5.1666965748031499
21
-1.5032801181102362
0
LINE
8
BLACK
6
CONTINUOUS
10
5.1666965748031499
20
-1.5032801181102362
11
5.1666965748031499
21
-1.4967198818897638
0
LINE
8
BLACK
6
CONTINUOUS
10
5.1666965748031499
20
-1.4967198818897638
11
5.1679764173228344
21
-1.4902857480314959
0
LINE
8
BLACK
6
CONTINUOUS
10
5.1679764173228344
20
-1.4902857480314959
11
5.1704868897637795
21
-1.4842249212598424
0
LINE
8
BLACK
6
CONTINUOUS
10
5.1704868897637795
20
-1.4842249212598424
11
5.1741315354330704
21
-1.4787703149606299
0
LINE
8
BLACK
6
CONTINUOUS
10
5.1741315354330704
20
-1.4787703149606299
11
5.1787703149606301
21
-1.4741315354330708
0
LINE
8
BLACK
6
CONTINUOUS
10
5.1787703149606301
20
-1.4741315354330708
11
5.1842249212598421
21
-1.4704868897637795
0
LINE
8
BLACK
6
CONTINUOUS
10
5.1842249212598421
20
-1.4704868897637795
11
5.1902857480314957
21
-1.4679764173228347
0
LINE
8
BLACK
6
CONTINUOUS
10
5.1902857480314957
20
-1.4679764173228347
11
5.1967198818897637
21
-1.4666965748031495
0
LINE
8
BLACK
6
CONTINUOUS
10
5.1967198818897637
20
-1.4666965748031495
11
5.2032801181102357
21
-1.4666965748031495
0
LINE
8
BLACK
6
CONTINUOUS
10
5.2032801181102357
20
-1.4666965748031495
11
5.2097142519685038
21
-1.4679764173228347
0
LINE
8
BLACK
6
CONTINUOUS
10
4.2055612598425194
20
-1.3660926771653543
11
4.2119786220472442
21
-1.3687508267716535
0
LINE
8
BLACK
6
CONTINUOUS
10
4.2119786220472442
20
-1.3687508267716535
11
4.2177540944881891
21
-1.3726098818897638
0
LINE
8
BLACK
6
CONTINUOUS
10
4.2177540944881891
20
-1.3726098818897638
11
4.2226657086614177
21
-1.377521496062992
0
LINE
8
BLACK
6
CONTINUOUS
10
4.2226657086614177
20
-1.377521496062992
11
4.2265247637795271
21
-1.3832969685039369
0
LINE
8
BLACK
6
CONTINUOUS
10
4.2265247637795271
20
-1.3832969685039369
11
4.2291829133858263
21
-1.3897143307086615
0
LINE
8
BLACK
6
CONTINUOUS
10
4.2291829133858263
20
-1.3897143307086615
11
4.2305380314960628
21
-1.396526968503937
0
LINE
8
BLACK
6
CONTINUOUS
10
4.2305380314960628
20
-1.396526968503937
11
4.2305380314960628
21
-1.4034730314960631
0
LINE
8
BLACK
6
CONTINUOUS
10
4.2305380314960628
20
-1.4034730314960631
11
4.2291829133858263
21
-1.4102856692913386
0
LINE
8
BLACK
6
CONTINUOUS
10
4.2291829133858263
20
-1.4102856692913386
11
4.2265247637795271
21
-1.4167030314960629
0
LINE
8
BLACK
6
CONTINUOUS
10
4.2265247637795271
20
-1.4167030314960629
11
4.2226657086614177
21
-1.4224785039370078
0
LINE
8
BLACK
6
CONTINUOUS
10
4.2226657086614177
20
-1.4224785039370078
11
4.2177540944881891
21
-1.4273901181102362
0
LINE
8
BLACK
6
CONTINUOUS
10
4.2177540944881891
20
-1.4273901181102362
11
4.2119786220472442
21
-1.4312491732283463
0
LINE
8
BLACK
6
CONTINUOUS
10
4.2119786220472442
20
-1.4312491732283463
11
4.2055612598425194
21
-1.4339073228346457
0
LINE
8
BLACK
6
CONTINUOUS
10
4.2055612598425194
20
-1.4339073228346457
11
4.1987486220472441
21
-1.4352624409448818
0
LINE
8
BLACK
6
CONTINUOUS
10
4.1987486220472441
20
-1.4352624409448818
11
4.1918025590551178
21
-1.4352624409448818
0
LINE
8
BLACK
6
CONTINUOUS
10
4.1918025590551178
20
-1.4352624409448818
11
4.1849899212598425
21
-1.4339073228346457
0
LINE
8
BLACK
6
CONTINUOUS
10
4.1849899212598425
20
-1.4339073228346457
11
4.1785725590551177
21
-1.4312491732283463
0
LINE
8
BLACK
6
CONTINUOUS
10
4.1785725590551177
20
-1.4312491732283463
11
4.1727970866141728
21
-1.4273901181102362
0
LINE
8
BLACK
6
CONTINUOUS
10
4.1727970866141728
20
-1.4273901181102362
11
4.1678854724409451
21
-1.4224785039370078
0
LINE
8
BLACK
6
CONTINUOUS
10
4.1678854724409451
20
-1.4224785039370078
11
4.1640264173228347
21
-1.4167030314960629
0
LINE
8
BLACK
6
CONTINUOUS
10
4.1640264173228347
20
-1.4167030314960629
11
4.1613682677165356
21
-1.4102856692913386
0
LINE
8
BLACK
6
CONTINUOUS
10
4.1613682677165356
20
-1.4102856692913386
11
4.1600131496062991
21
-1.4034730314960631
0
LINE
8
BLACK
6
CONTINUOUS
10
4.1600131496062991
20
-1.4034730314960631
11
4.1600131496062991
21
-1.396526968503937
0
LINE
8
BLACK
6
CONTINUOUS
10
4.1600131496062991
20
-1.396526968503937
11
4.1613682677165356
21
-1.3897143307086615
0
LINE
8
BLACK
6
CONTINUOUS
10
4.1613682677165356
20
-1.3897143307086615
11
4.1640264173228347
21
-1.3832969685039369
0
LINE
8
BLACK
6
CONTINUOUS
10
4.1640264173228347
20
-1.3832969685039369
11
4.1678854724409451
21
-1.377521496062992
0
LINE
8
BLACK
6
CONTINUOUS
10
4.1678854724409451
20
-1.377521496062992
11
4.1727970866141728
21
-1.3726098818897638
0
LINE
8
BLACK
6
CONTINUOUS
10
4.1727970866141728
20
-1.3726098818897638
11
4.1785725590551177
21
-1.3687508267716535
0
LINE
8
BLACK
6
CONTINUOUS
10
4.1785725590551177
20
-1.3687508267716535
11
4.1849899212598425
21
-1.3660926771653543
0
LINE
8
BLACK
6
CONTINUOUS
10
4.1849899212598425
20
-1.3660926771653543
11
4.1918025590551178
21
-1.3647375590551181
0
LINE
8
BLACK
6
CONTINUOUS
10
4.1918025590551178
20
-1.3647375590551181
11
4.1987486220472441
21
-1.3647375590551181
0
LINE
8
BLACK
6
CONTINUOUS
10
4.1987486220472441
20
-1.3647375590551181
11
4.2055612598425194
21
-1.3660926771653543
0
LINE
8
BLACK
6
CONTINUOUS
10
3.6097142519685037
20
-1.3679764173228346
11
3.6157750787401572
21
-1.3704868897637794
0
LINE
8
BLACK
6
CONTINUOUS
10
3.6157750787401572
20
-1.3704868897637794
11
3.6212296850393701
21
-1.3741315354330708
0
LINE
8
BLACK
6
CONTINUOUS
10
3.6212296850393701
20
-1.3741315354330708
11
3.625868464566929
21
-1.3787703149606299
0
LINE
8
BLACK
6
CONTINUOUS
10
3.625868464566929
20
-1.3787703149606299
11
3.6295131102362204
21
-1.3842249212598425
0
LINE
8
BLACK
6
CONTINUOUS
10
3.6295131102362204
20
-1.3842249212598425
11
3.6320235826771654
21
-1.3902857480314961
0
LINE
8
BLACK
6
CONTINUOUS
10
3.6320235826771654
20
-1.3902857480314961
11
3.6333034251968503
21
-1.3967198818897637
0
LINE
8
BLACK
6
CONTINUOUS
10
3.6333034251968503
20
-1.3967198818897637
11
3.6333034251968503
21
-1.4032801181102361
0
LINE
8
BLACK
6
CONTINUOUS
10
3.6333034251968503
20
-1.4032801181102361
11
3.6320235826771654
21
-1.409714251968504
0
LINE
8
BLACK
6
CONTINUOUS
10
3.6320235826771654
20
-1.409714251968504
11
3.6295131102362204
21
-1.4157750787401575
0
LINE
8
BLACK
6
CONTINUOUS
10
3.6295131102362204
20
-1.4157750787401575
11
3.625868464566929
21
-1.42122968503937
0
LINE
8
BLACK
6
CONTINUOUS
10
3.625868464566929
20
-1.42122968503937
11
3.6212296850393701
21
-1.4258684645669291
0
LINE
8
BLACK
6
CONTINUOUS
10
3.6212296850393701
20
-1.4258684645669291
11
3.6157750787401572
21
-1.4295131102362204
0
LINE
8
BLACK
6
CONTINUOUS
10
3.6157750787401572
20
-1.4295131102362204
11
3.6097142519685037
21
-1.4320235826771652
0
LINE
8
BLACK
6
CONTINUOUS
10
3.6097142519685037
20
-1.4320235826771652
11
3.6032801181102361
21
-1.4333034251968504
0
LINE
8
BLACK
6
CONTINUOUS
10
3.6032801181102361
20
-1.4333034251968504
11
3.5967198818897637
21
-1.4333034251968504
0
LINE
8
BLACK
6
CONTINUOUS
10
3.5967198818897637
20
-1.4333034251968504
11
3.590285748031496
21
-1.4320235826771652
0
LINE
8
BLACK
6
CONTINUOUS
10
3.590285748031496
20
-1.4320235826771652
11
3.5842249212598425
21
-1.4295131102362204
0
LINE
8
BLACK
6
CONTINUOUS
10
3.5842249212598425
20
-1.4295131102362204
11
3.57877031496063
21
-1.4258684645669291
0
LINE
8
BLACK
6
CONTINUOUS
10
3.57877031496063
20
-1.4258684645669291
11
3.5741315354330707
21
-1.42122968503937
0
LINE
8
BLACK
6
CONTINUOUS
10
3.5741315354330707
20
-1.42122968503937
11
3.5704868897637794
21
-1.4157750787401575
0
LINE
8
BLACK
6
CONTINUOUS
10
3.5704868897637794
20
-1.4157750787401575
11
3.5679764173228348
21
-1.409714251968504
0
LINE
8
BLACK
6
CONTINUOUS
10
3.5679764173228348
20
-1.409714251968504
11
3.5666965748031494
21
-1.4032801181102361
0
LINE
8
BLACK
6
CONTINUOUS
10
3.5666965748031494
20
-1.4032801181102361
11
3.5666965748031494
21
-1.3967198818897637
0
LINE
8
BLACK
6
CONTINUOUS
10
3.5666965748031494
20
-1.3967198818897637
11
3.5679764173228348
21
-1.3902857480314961
0
LINE
8
BLACK
6
CONTINUOUS
10
3.5679764173228348
20
-1.3902857480314961
11
3.5704868897637794
21
-1.3842249212598425
0
LINE
8
BLACK
6
CONTINUOUS
10
3.5704868897637794
20
-1.3842249212598425
11
3.5741315354330707
21
-1.3787703149606299
0
LINE
8
BLACK
6
CONTINUOUS
10
3.5741315354330707
20
-1.3787703149606299
11
3.57877031496063
21
-1.3741315354330708
0
LINE
8
BLACK
6
CONTINUOUS
10
3.57877031496063
20
-1.3741315354330708
11
3.5842249212598425
21
-1.3704868897637794
0
LINE
8
BLACK
6
CONTINUOUS
10
3.5842249212598425
20
-1.3704868897637794
11
3.590285748031496
21
-1.3679764173228346
0
LINE
8
BLACK
6
CONTINUOUS
10
3.590285748031496
20
-1.3679764173228346
11
3.5967198818897637
21
-1.3666965748031497
0
LINE
8
BLACK
6
CONTINUOUS
10
3.5967198818897637
20
-1.3666965748031497
11
3.6032801181102361
21
-1.3666965748031497
0
LINE
8
BLACK
6
CONTINUOUS
10
3.6032801181102361
20
-1.3666965748031497
11
3.6097142519685037
21
-1.3679764173228346
0
LINE
8
BLACK
6
CONTINUOUS
10
5.2097142519685038
20
-1.3679764173228346
11
5.2157750787401573
21
-1.3704868897637794
0
LINE
8
BLACK
6
CONTINUOUS
10
5.2157750787401573
20
-1.3704868897637794
11
5.2212296850393702
21
-1.3741315354330708
0
LINE
8
BLACK
6
CONTINUOUS
10
5.2212296850393702
20
-1.3741315354330708
11
5.2258684645669291
21
-1.3787703149606299
0
LINE
8
BLACK
6
CONTINUOUS
10
5.2258684645669291
20
-1.3787703149606299
11
5.22951311023622
21
-1.3842249212598425
0
LINE
8
BLACK
6
CONTINUOUS
10
5.22951311023622
20
-1.3842249212598425
11
5.2320235826771651
21
-1.3902857480314961
0
LINE
8
BLACK
6
CONTINUOUS
10
5.2320235826771651
20
-1.3902857480314961
11
5.2333034251968504
21
-1.3967198818897637
0
LINE
8
BLACK
6
CONTINUOUS
10
5.2333034251968504
20
-1.3967198818897637
11
5.2333034251968504
21
-1.4032801181102361
0
LINE
8
BLACK
6
CONTINUOUS
10
5.2333034251968504
20
-1.4032801181102361
11
5.2320235826771651
21
-1.409714251968504
0
LINE
8
BLACK
6
CONTINUOUS
10
5.2320235826771651
20
-1.409714251968504
11
5.22951311023622
21
-1.4157750787401575
0
LINE
8
BLACK
6
CONTINUOUS
10
5.22951311023622
20
-1.4157750787401575
11
5.2258684645669291
21
-1.42122968503937
0
LINE
8
BLACK
6
CONTINUOUS
10
5.2258684645669291
20
-1.42122968503937
11
5.2212296850393702
21
-1.4258684645669291
0
LINE
8
BLACK
6
CONTINUOUS
10
5.2212296850393702
20
-1.4258684645669291
11
5.2157750787401573
21
-1.4295131102362204
0
LINE
8
BLACK
6
CONTINUOUS
10
5.2157750787401573
20
-1.4295131102362204
11
5.2097142519685038
21
-1.4320235826771652
0
LINE
8
BLACK
6
CONTINUOUS
10
5.2097142519685038
20
-1.4320235826771652
11
5.2032801181102357
21
-1.4333034251968504
0
LINE
8
BLACK
6
CONTINUOUS
10
5.2032801181102357
20
-1.4333034251968504
11
5.1967198818897637
21
-1.4333034251968504
0
LINE
8
BLACK
6
CONTINUOUS
10
5.1967198818897637
20
-1.4333034251968504
11
5.1902857480314957
21
-1.4320235826771652
0
LINE
8
BLACK
6
CONTINUOUS
10
5.1902857480314957
20
-1.4320235826771652
11
5.1842249212598421
21
-1.4295131102362204
0
LINE
8
BLACK
6
CONTINUOUS
10
5.1842249212598421
20
-1.4295131102362204
11
5.1787703149606301
21
-1.4258684645669291
0
LINE
8
BLACK
6
CONTINUOUS
10
5.1787703149606301
20
-1.4258684645669291
11
5.1741315354330704
21
-1.42122968503937
0
LINE
8
BLACK
6
CONTINUOUS
10
5.1741315354330704
20
-1.42122968503937
11
5.1704868897637795
21
-1.4157750787401575
0
LINE
8
BLACK
6
CONTINUOUS
10
5.1704868897637795
20
-1.4157750787401575
11
5.1679764173228344
21
-1.409714251968504
0
LINE
8
BLACK
6
CONTINUOUS
10
5.1679764173228344
20
-1.409714251968504
11
5.1666965748031499
21
-1.4032801181102361
0
LINE
8
BLACK
6
CONTINUOUS
10
5.1666965748031499
20
-1.4032801181102361
11
5.1666965748031499
21
-1.3967198818897637
0
LINE
8
BLACK
6
CONTINUOUS
10
5.1666965748031499
20
-1.3967198818897637
11
5.1679764173228344
21
-1.3902857480314961
0
LINE
8
BLACK
6
CONTINUOUS
10
5.1679764173228344
20
-1.3902857480314961
11
5.1704868897637795
21
-1.3842249212598425
0
LINE
8
BLACK
6
CONTINUOUS
10
5.1704868897637795
20
-1.3842249212598425
11
5.1741315354330704
21
-1.3787703149606299
0
LINE
8
BLACK
6
CONTINUOUS
10
5.1741315354330704
20
-1.3787703149606299
11
5.1787703149606301
21
-1.3741315354330708
0
LINE
8
BLACK
6
CONTINUOUS
10
5.1787703149606301
20
-1.3741315354330708
11
5.1842249212598421
21
-1.3704868897637794
0
LINE
8
BLACK
6
CONTINUOUS
10
5.1842249212598421
20
-1.3704868897637794
11
5.1902857480314957
21
-1.3679764173228346
0
LINE
8
BLACK
6
CONTINUOUS
10
5.1902857480314957
20
-1.3679764173228346
11
5.1967198818897637
21
-1.3666965748031497
0
LINE
8
BLACK
6
CONTINUOUS
10
5.1967198818897637
20
-1.3666965748031497
11
5.2032801181102357
21
-1.3666965748031497
0
LINE
8
BLACK
6
CONTINUOUS
10
5.2032801181102357
20
-1.3666965748031497
11
5.2097142519685038
21
-1.3679764173228346
0
LINE
8
BLACK
6
CONTINUOUS
10
4.2055612598425194
20
-1.2676674803149606
11
4.2119786220472442
21
-1.2703256299212597
0
LINE
8
BLACK
6
CONTINUOUS
10
4.2119786220472442
20
-1.2703256299212597
11
4.2177540944881891
21
-1.2741846850393701
0
LINE
8
BLACK
6
CONTINUOUS
10
4.2177540944881891
20
-1.2741846850393701
11
4.2226657086614177
21
-1.2790962992125985
0
LINE
8
BLACK
6
CONTINUOUS
10
4.2226657086614177
20
-1.2790962992125985
11
4.2265247637795271
21
-1.2848717716535434
0
LINE
8
BLACK
6
CONTINUOUS
10
4.2265247637795271
20
-1.2848717716535434
11
4.2291829133858263
21
-1.2912891338582677
0
LINE
8
BLACK
6
CONTINUOUS
10
4.2291829133858263
20
-1.2912891338582677
11
4.2305380314960628
21
-1.2981017716535432
0
LINE
8
BLACK
6
CONTINUOUS
10
4.2305380314960628
20
-1.2981017716535432
11
4.2305380314960628
21
-1.3050478346456693
0
LINE
8
BLACK
6
CONTINUOUS
10
4.2305380314960628
20
-1.3050478346456693
11
4.2291829133858263
21
-1.3118604724409448
0
LINE
8
BLACK
6
CONTINUOUS
10
4.2291829133858263
20
-1.3118604724409448
11
4.2265247637795271
21
-1.3182778346456692
0
LINE
8
BLACK
6
CONTINUOUS
10
4.2265247637795271
20
-1.3182778346456692
11
4.2226657086614177
21
-1.3240533070866141
0
LINE
8
BLACK
6
CONTINUOUS
10
4.2226657086614177
20
-1.3240533070866141
11
4.2177540944881891
21
-1.3289649212598424
0
LINE
8
BLACK
6
CONTINUOUS
10
4.2177540944881891
20
-1.3289649212598424
11
4.2119786220472442
21
-1.3328239763779528
0
LINE
8
BLACK
6
CONTINUOUS
10
4.2119786220472442
20
-1.3328239763779528
11
4.2055612598425194
21
-1.335482125984252
0
LINE
8
BLACK
6
CONTINUOUS
10
4.2055612598425194
20
-1.335482125984252
11
4.1987486220472441
21
-1.3368372440944882
0
LINE
8
BLACK
6
CONTINUOUS
10
4.1987486220472441
20
-1.3368372440944882
11
4.1918025590551178
21
-1.3368372440944882
0
LINE
8
BLACK
6
CONTINUOUS
10
4.1918025590551178
20
-1.3368372440944882
11
4.1849899212598425
21
-1.335482125984252
0
LINE
8
BLACK
6
CONTINUOUS
10
4.1849899212598425
20
-1.335482125984252
11
4.1785725590551177
21
-1.3328239763779528
0
LINE
8
BLACK
6
CONTINUOUS
10
4.1785725590551177
20
-1.3328239763779528
11
4.1727970866141728
21
-1.3289649212598424
0
LINE
8
BLACK
6
CONTINUOUS
10
4.1727970866141728
20
-1.3289649212598424
11
4.1678854724409451
21
-1.3240533070866141
0
LINE
8
BLACK
6
CONTINUOUS
10
4.1678854724409451
20
-1.3240533070866141
11
4.1640264173228347
21
-1.3182778346456692
0
LINE
8
BLACK
6
CONTINUOUS
10
4.1640264173228347
20
-1.3182778346456692
11
4.1613682677165356
21
-1.3118604724409448
0
LINE
8
BLACK
6
CONTINUOUS
10
4.1613682677165356
20
-1.3118604724409448
11
4.1600131496062991
21
-1.3050478346456693
0
LINE
8
BLACK
6
CONTINUOUS
10
4.1600131496062991
20
-1.3050478346456693
11
4.1600131496062991
21
-1.2981017716535432
0
LINE
8
BLACK
6
CONTINUOUS
10
4.1600131496062991
20
-1.2981017716535432
11
4.1613682677165356
21
-1.2912891338582677
0
LINE
8
BLACK
6
CONTINUOUS
10
4.1613682677165356
20
-1.2912891338582677
11
4.1640264173228347
21
-1.2848717716535434
0
LINE
8
BLACK
6
CONTINUOUS
10
4.1640264173228347
20
-1.2848717716535434
11
4.1678854724409451
21
-1.2790962992125985
0
LINE
8
BLACK
6
CONTINUOUS
10
4.1678854724409451
20
-1.2790962992125985
11
4.1727970866141728
21
-1.2741846850393701
0
LINE
8
BLACK
6
CONTINUOUS
10
4.1727970866141728
20
-1.2741846850393701
11
4.1785725590551177
21
-1.2703256299212597
0
LINE
8
BLACK
6
CONTINUOUS
10
4.1785725590551177
20
-1.2703256299212597
11
4.1849899212598425
21
-1.2676674803149606
0
LINE
8
BLACK
6
CONTINUOUS
10
4.1849899212598425
20
-1.2676674803149606
11
4.1918025590551178
21
-1.2663123622047243
0
LINE
8
BLACK
6
CONTINUOUS
10
4.1918025590551178
20
-1.2663123622047243
11
4.1987486220472441
21
-1.2663123622047243
0
LINE
8
BLACK
6
CONTINUOUS
10
4.1987486220472441
20
-1.2663123622047243
11
4.2055612598425194
21
-1.2676674803149606
0
LINE
8
BLACK
6
CONTINUOUS
10
3.6334645669291339
20
-1.3334645669291338
11
3.5665354330708658
21
-1.3334645669291338
0
LINE
8
BLACK
6
CONTINUOUS
10
3.5665354330708658
20
-1.3334645669291338
11
3.5665354330708658
21
-1.266535433070866
0
LINE
8
BLACK
6
CONTINUOUS
10
3.5665354330708658
20
-1.266535433070866
11
3.6334645669291339
21
-1.266535433070866
0
LINE
8
BLACK
6
CONTINUOUS
10
3.6334645669291339
20
-1.266535433070866
11
3.6334645669291339
21
-1.3334645669291338
0
LINE
8
BLACK
6
CONTINUOUS
10
5.2334645669291335
20
-1.3334645669291338
11
5.1665354330708659
21
-1.3334645669291338
0
LINE
8
BLACK
6
CONTINUOUS
10
5.1665354330708659
20
-1.3334645669291338
11
5.1665354330708659
21
-1.266535433070866
0
LINE
8
BLACK
6
CONTINUOUS
10
5.1665354330708659
20
-1.266535433070866
11
5.2334645669291335
21
-1.266535433070866
0
LINE
8
BLACK
6
CONTINUOUS
10
5.2334645669291335
20
-1.266535433070866
11
5.2334645669291335
21
-1.3334645669291338
0
LINE
8
BLACK
6
CONTINUOUS
10
3.9144371653543306
20
-1.1576453543307086
11
3.9227356692913387
21
-1.1589597244094487
0
LINE
8
BLACK
6
CONTINUOUS
10
3.9227356692913387
20
-1.1589597244094487
11
3.9307263385826769
21
-1.161556062992126
0
LINE
8
BLACK
6
CONTINUOUS
10
3.9307263385826769
20
-1.161556062992126
11
3.9382125196850395
21
-1.1653704330708661
0
LINE
8
BLACK
6
CONTINUOUS
10
3.9382125196850395
20
-1.1653704330708661
11
3.9450098031496061
21
-1.1703089763779528
0
LINE
8
BLACK
6
CONTINUOUS
10
3.9450098031496061
20
-1.1703089763779528
11
3.9509508661417323
21
-1.1762500393700788
0
LINE
8
BLACK
6
CONTINUOUS
10
3.9509508661417323
20
-1.1762500393700788
11
3.9558894094488188
21
-1.1830473228346456
0
LINE
8
BLACK
6
CONTINUOUS
10
3.9558894094488188
20
-1.1830473228346456
11
3.9597037795275591
21
-1.1905335039370077
0
LINE
8
BLACK
6
CONTINUOUS
10
3.9597037795275591
20
-1.1905335039370077
11
3.9623001181102362
21
-1.1985241732283465
0
LINE
8
BLACK
6
CONTINUOUS
10
3.9623001181102362
20
-1.1985241732283465
11
3.9636144881889761
21
-1.2068226771653543
0
LINE
8
BLACK
6
CONTINUOUS
10
3.9636144881889761
20
-1.2068226771653543
11
3.9636144881889761
21
-1.2152245669291337
0
LINE
8
BLACK
6
CONTINUOUS
10
3.9636144881889761
20
-1.2152245669291337
11
3.9623001181102362
21
-1.2235230708661418
0
LINE
8
BLACK
6
CONTINUOUS
10
3.9623001181102362
20
-1.2235230708661418
11
3.9597037795275591
21
-1.2315137401574803
0
LINE
8
BLACK
6
CONTINUOUS
10
3.9597037795275591
20
-1.2315137401574803
11
3.9558894094488188
21
-1.2389999212598426
0
LINE
8
BLACK
6
CONTINUOUS
10
3.9558894094488188
20
-1.2389999212598426
11
3.9509508661417323
21
-1.2457972047244095
0
LINE
8
BLACK
6
CONTINUOUS
10
3.9509508661417323
20
-1.2457972047244095
11
3.9450098031496061
21
-1.2517382677165354
0
LINE
8
BLACK
6
CONTINUOUS
10
3.9450098031496061
20
-1.2517382677165354
11
3.9382125196850395
21
-1.2566768110236219
0
LINE
8
BLACK
6
CONTINUOUS
10
3.9382125196850395
20
-1.2566768110236219
11
3.9307263385826769
21
-1.2604911811023622
0
LINE
8
BLACK
6
CONTINUOUS
10
3.9307263385826769
20
-1.2604911811023622
11
3.9227356692913387
21
-1.2630875196850393
0
LINE
8
BLACK
6
CONTINUOUS
10
3.9227356692913387
20
-1.2630875196850393
11
3.9144371653543306
21
-1.2644018897637794
0
LINE
8
BLACK
6
CONTINUOUS
10
3.9144371653543306
20
-1.2644018897637794
11
3.910236220472441
21
-1.2645669291338582
0
LINE
8
BLACK
6
CONTINUOUS
10
3.910236220472441
20
-1.2645669291338582
11
3.8897637795275588
21
-1.2645669291338582
0
LINE
8
BLACK
6
CONTINUOUS
10
3.8897637795275588
20
-1.2645669291338582
11
3.8855628346456692
21
-1.2644018897637794
0
LINE
8
BLACK
6
CONTINUOUS
10
3.8855628346456692
20
-1.2644018897637794
11
3.8772643307086612
21
-1.2630875196850393
0
LINE
8
BLACK
6
CONTINUOUS
10
3.8772643307086612
20
-1.2630875196850393
11
3.8692736614173229
21
-1.2604911811023622
0
LINE
8
BLACK
6
CONTINUOUS
10
3.8692736614173229
20
-1.2604911811023622
11
3.8617874803149603
21
-1.2566768110236219
0
LINE
8
BLACK
6
CONTINUOUS
10
3.8617874803149603
20
-1.2566768110236219
11
3.8549901968503937
21
-1.2517382677165354
0
LINE
8
BLACK
6
CONTINUOUS
10
3.8549901968503937
20
-1.2517382677165354
11
3.8490491338582675
21
-1.2457972047244095
0
LINE
8
BLACK
6
CONTINUOUS
10
3.8490491338582675
20
-1.2457972047244095
11
3.844110590551181
21
-1.2389999212598426
0
LINE
8
BLACK
6
CONTINUOUS
10
3.844110590551181
20
-1.2389999212598426
11
3.8402962204724407
21
-1.2315137401574803
0
LINE
8
BLACK
6
CONTINUOUS
10
3.8402962204724407
20
-1.2315137401574803
11
3.8376998818897636
21
-1.2235230708661418
0
LINE
8
BLACK
6
CONTINUOUS
10
3.8376998818897636
20
-1.2235230708661418
11
3.8363855118110237
21
-1.2152245669291337
0
LINE
8
BLACK
6
CONTINUOUS
10
3.8363855118110237
20
-1.2152245669291337
11
3.8363855118110237
21
-1.2068226771653543
0
LINE
8
BLACK
6
CONTINUOUS
10
3.8363855118110237
20
-1.2068226771653543
11
3.8376998818897636
21
-1.1985241732283465
0
LINE
8
BLACK
6
CONTINUOUS
10
3.8376998818897636
20
-1.1985241732283465
11
3.8402962204724407
21
-1.1905335039370077
0
LINE
8
BLACK
6
CONTINUOUS
10
3.8402962204724407
20
-1.1905335039370077
11
3.844110590551181
21
-1.1830473228346456
0
LINE
8
BLACK
6
CONTINUOUS
10
3.844110590551181
20
-1.1830473228346456
11
3.8490491338582675
21
-1.1762500393700788
0
LINE
8
BLACK
6
CONTINUOUS
10
3.8490491338582675
20
-1.1762500393700788
11
3.8549901968503937
21
-1.1703089763779528
0
LINE
8
BLACK
6
CONTINUOUS
10
3.8549901968503937
20
-1.1703089763779528
11
3.8617874803149603
21
-1.1653704330708661
0
LINE
8
BLACK
6
CONTINUOUS
10
3.8617874803149603
20
-1.1653704330708661
11
3.8692736614173229
21
-1.161556062992126
0
LINE
8
BLACK
6
CONTINUOUS
10
3.8692736614173229
20
-1.161556062992126
11
3.8772643307086612
21
-1.1589597244094487
0
LINE
8
BLACK
6
CONTINUOUS
10
3.8772643307086612
20
-1.1589597244094487
11
3.8855628346456692
21
-1.1576453543307086
0
LINE
8
BLACK
6
CONTINUOUS
10
3.8855628346456692
20
-1.1576453543307086
11
3.8897637795275588
21
-1.1574803149606299
0
LINE
8
BLACK
6
CONTINUOUS
10
3.8897637795275588
20
-1.1574803149606299
11
3.910236220472441
21
-1.1574803149606299
0
LINE
8
BLACK
6
CONTINUOUS
10
3.910236220472441
20
-1.1574803149606299
11
3.9144371653543306
21
-1.1576453543307086
0
LINE
8
BLACK
6
CONTINUOUS
10
5.6108856692913385
20
-1.1641147244094487
11
5.6176773622047245
21
-1.1669279527559056
0
LINE
8
BLACK
6
CONTINUOUS
10
5.6176773622047245
20
-1.1669279527559056
11
5.6237897637795271
21
-1.1710121259842519
0
LINE
8
BLACK
6
CONTINUOUS
10
5.6237897637795271
20
-1.1710121259842519
11
5.6289878740157482
21
-1.1762102362204725
0
LINE
8
BLACK
6
CONTINUOUS
10
5.6289878740157482
20
-1.1762102362204725
11
5.6330720472440943
21
-1.1823226377952756
0
LINE
8
BLACK
6
CONTINUOUS
10
5.6330720472440943
20
-1.1823226377952756
11
5.6358852755905513
21
-1.1891143307086613
0
LINE
8
BLACK
6
CONTINUOUS
10
5.6358852755905513
20
-1.1891143307086613
11
5.6373194094488186
21
-1.19632437007874
0
LINE
8
BLACK
6
CONTINUOUS
10
5.6373194094488186
20
-1.19632437007874
11
5.6373194094488186
21
-1.2036756299212599
0
LINE
8
BLACK
6
CONTINUOUS
10
5.6373194094488186
20
-1.2036756299212599
11
5.6358852755905513
21
-1.2108856692913386
0
LINE
8
BLACK
6
CONTINUOUS
10
5.6358852755905513
20
-1.2108856692913386
11
5.6330720472440943
21
-1.2176773622047243
0
LINE
8
BLACK
6
CONTINUOUS
10
5.6330720472440943
20
-1.2176773622047243
11
5.6289878740157482
21
-1.2237897637795276
0
LINE
8
BLACK
6
CONTINUOUS
10
5.6289878740157482
20
-1.2237897637795276
11
5.6237897637795271
21
-1.228987874015748
0
LINE
8
BLACK
6
CONTINUOUS
10
5.6237897637795271
20
-1.228987874015748
11
5.6176773622047245
21
-1.2330720472440944
0
LINE
8
BLACK
6
CONTINUOUS
10
5.6176773622047245
20
-1.2330720472440944
11
5.6108856692913385
21
-1.2358852755905512
0
LINE
8
BLACK
6
CONTINUOUS
10
5.6108856692913385
20
-1.2358852755905512
11
5.60367562992126
21
-1.2373194094488189
0
LINE
8
BLACK
6
CONTINUOUS
10
5.60367562992126
20
-1.2373194094488189
11
5.5963243700787402
21
-1.2373194094488189
0
LINE
8
BLACK
6
CONTINUOUS
10
5.5963243700787402
20
-1.2373194094488189
11
5.5891143307086617
21
-1.2358852755905512
0
LINE
8
BLACK
6
CONTINUOUS
10
5.5891143307086617
20
-1.2358852755905512
11
5.5823226377952757
21
-1.2330720472440944
0
LINE
8
BLACK
6
CONTINUOUS
10
5.5823226377952757
20
-1.2330720472440944
11
5.5762102362204722
21
-1.228987874015748
0
LINE
8
BLACK
6
CONTINUOUS
10
5.5762102362204722
20
-1.228987874015748
11
5.571012125984252
21
-1.2237897637795276
0
LINE
8
BLACK
6
CONTINUOUS
10
5.571012125984252
20
-1.2237897637795276
11
5.566927952755905
21
-1.2176773622047243
0
LINE
8
BLACK
6
CONTINUOUS
10
5.566927952755905
20
-1.2176773622047243
11
5.5641147244094489
21
-1.2108856692913386
0
LINE
8
BLACK
6
CONTINUOUS
10
5.5641147244094489
20
-1.2108856692913386
11
5.5626805905511807
21
-1.2036756299212599
0
LINE
8
BLACK
6
CONTINUOUS
10
5.5626805905511807
20
-1.2036756299212599
11
5.5626805905511807
21
-1.19632437007874
0
LINE
8
BLACK
6
CONTINUOUS
10
5.5626805905511807
20
-1.19632437007874
11
5.5641147244094489
21
-1.1891143307086613
0
LINE
8
BLACK
6
CONTINUOUS
10
5.5641147244094489
20
-1.1891143307086613
11
5.566927952755905
21
-1.1823226377952756
0
LINE
8
BLACK
6
CONTINUOUS
10
5.566927952755905
20
-1.1823226377952756
11
5.571012125984252
21
-1.1762102362204725
0
LINE
8
BLACK
6
CONTINUOUS
10
5.571012125984252
20
-1.1762102362204725
11
5.5762102362204722
21
-1.1710121259842519
0
LINE
8
BLACK
6
CONTINUOUS
10
5.5762102362204722
20
-1.1710121259842519
11
5.5823226377952757
21
-1.1669279527559056
0
LINE
8
BLACK
6
CONTINUOUS
10
5.5823226377952757
20
-1.1669279527559056
11
5.5891143307086617
21
-1.1641147244094487
0
LINE
8
BLACK
6
CONTINUOUS
10
5.5891143307086617
20
-1.1641147244094487
11
5.5963243700787402
21
-1.162680590551181
0
LINE
8
BLACK
6
CONTINUOUS
10
5.5963243700787402
20
-1.162680590551181
11
5.60367562992126
21
-1.162680590551181
0
LINE
8
BLACK
6
CONTINUOUS
10
5.60367562992126
20
-1.162680590551181
11
5.6108856692913385
21
-1.1641147244094487
0
LINE
8
BLACK
6
CONTINUOUS
10
6.2108856692913381
20
-1.1641147244094487
11
6.2176773622047241
21
-1.1669279527559056
0
LINE
8
BLACK
6
CONTINUOUS
10
6.2176773622047241
20
-1.1669279527559056
11
6.2237897637795276
21
-1.1710121259842519
0
LINE
8
BLACK
6
CONTINUOUS
10
6.2237897637795276
20
-1.1710121259842519
11
6.2289878740157478
21
-1.1762102362204725
0
LINE
8
BLACK
6
CONTINUOUS
10
6.2289878740157478
20
-1.1762102362204725
11
6.2330720472440939
21
-1.1823226377952756
0
LINE
8
BLACK
6
CONTINUOUS
10
6.2330720472440939
20
-1.1823226377952756
11
6.2358852755905509
21
-1.1891143307086613
0
LINE
8
BLACK
6
CONTINUOUS
10
6.2358852755905509
20
-1.1891143307086613
11
6.2373194094488191
21
-1.19632437007874
0
LINE
8
BLACK
6
CONTINUOUS
10
6.2373194094488191
20
-1.19632437007874
11
6.2373194094488191
21
-1.2036756299212599
0
LINE
8
BLACK
6
CONTINUOUS
10
6.2373194094488191
20
-1.2036756299212599
11
6.2358852755905509
21
-1.2108856692913386
0
LINE
8
BLACK
6
CONTINUOUS
10
6.2358852755905509
20
-1.2108856692913386
11
6.2330720472440939
21
-1.2176773622047243
0
LINE
8
BLACK
6
CONTINUOUS
10
6.2330720472440939
20
-1.2176773622047243
11
6.2289878740157478
21
-1.2237897637795276
0
LINE
8
BLACK
6
CONTINUOUS
10
6.2289878740157478
20
-1.2237897637795276
11
6.2237897637795276
21
-1.228987874015748
0
LINE
8
BLACK
6
CONTINUOUS
10
6.2237897637795276
20
-1.228987874015748
11
6.2176773622047241
21
-1.2330720472440944
0
LINE
8
BLACK
6
CONTINUOUS
10
6.2176773622047241
20
-1.2330720472440944
11
6.2108856692913381
21
-1.2358852755905512
0
LINE
8
BLACK
6
CONTINUOUS
10
6.2108856692913381
20
-1.2358852755905512
11
6.2036756299212596
21
-1.2373194094488189
0
LINE
8
BLACK
6
CONTINUOUS
10
6.2036756299212596
20
-1.2373194094488189
11
6.1963243700787398
21
-1.2373194094488189
0
LINE
8
BLACK
6
CONTINUOUS
10
6.1963243700787398
20
-1.2373194094488189
11
6.1891143307086613
21
-1.2358852755905512
0
LINE
8
BLACK
6
CONTINUOUS
10
6.1891143307086613
20
-1.2358852755905512
11
6.1823226377952754
21
-1.2330720472440944
0
LINE
8
BLACK
6
CONTINUOUS
10
6.1823226377952754
20
-1.2330720472440944
11
6.1762102362204727
21
-1.228987874015748
0
LINE
8
BLACK
6
CONTINUOUS
10
6.1762102362204727
20
-1.228987874015748
11
6.1710121259842516
21
-1.2237897637795276
0
LINE
8
BLACK
6
CONTINUOUS
10
6.1710121259842516
20
-1.2237897637795276
11
6.1669279527559056
21
-1.2176773622047243
0
LINE
8
BLACK
6
CONTINUOUS
10
6.1669279527559056
20
-1.2176773622047243
11
6.1641147244094485
21
-1.2108856692913386
0
LINE
8
BLACK
6
CONTINUOUS
10
6.1641147244094485
20
-1.2108856692913386
11
6.1626805905511812
21
-1.2036756299212599
0
LINE
8
BLACK
6
CONTINUOUS
10
6.1626805905511812
20
-1.2036756299212599
11
6.1626805905511812
21
-1.19632437007874
0
LINE
8
BLACK
6
CONTINUOUS
10
6.1626805905511812
20
-1.19632437007874
11
6.1641147244094485
21
-1.1891143307086613
0
LINE
8
BLACK
6
CONTINUOUS
10
6.1641147244094485
20
-1.1891143307086613
11
6.1669279527559056
21
-1.1823226377952756
0
LINE
8
BLACK
6
CONTINUOUS
10
6.1669279527559056
20
-1.1823226377952756
11
6.1710121259842516
21
-1.1762102362204725
0
LINE
8
BLACK
6
CONTINUOUS
10
6.1710121259842516
20
-1.1762102362204725
11
6.1762102362204727
21
-1.1710121259842519
0
LINE
8
BLACK
6
CONTINUOUS
10
6.1762102362204727
20
-1.1710121259842519
11
6.1823226377952754
21
-1.1669279527559056
0
LINE
8
BLACK
6
CONTINUOUS
10
6.1823226377952754
20
-1.1669279527559056
11
6.1891143307086613
21
-1.1641147244094487
0
LINE
8
BLACK
6
CONTINUOUS
10
6.1891143307086613
20
-1.1641147244094487
11
6.1963243700787398
21
-1.162680590551181
0
LINE
8
BLACK
6
CONTINUOUS
10
6.1963243700787398
20
-1.162680590551181
11
6.2036756299212596
21
-1.162680590551181
0
LINE
8
BLACK
6
CONTINUOUS
10
6.2036756299212596
20
-1.162680590551181
11
6.2108856692913381
21
-1.1641147244094487
  0
ENDSEC
  0
EOF
